   Compiling rtgc v0.7.0 (C:\Users\mrkri\Documents\RTGC-0.7)
error[E0432]: unresolved import `winit::window::WindowBuilder`
  --> src\graphics\gl_context.rs:17:5
   |
17 |     window::WindowBuilder,
   |     ^^^^^^^^^^^^^^^^^^^^^ no `WindowBuilder` in `window`

error[E0432]: unresolved import `graphics_module`
  --> src\graphics\mod.rs:26:9
   |
26 | pub use graphics_module::GraphicsContext;
   |         ^^^^^^^^^^^^^^^ use of unresolved module or unlinked crate `graphics_module`
   |
help: there is a crate or module with a similar name
   |
26 - pub use graphics_module::GraphicsContext;
26 + pub use rhi_module::GraphicsContext;
   |

error[E0437]: type `Buffer` is not a member of trait `RhiDevice`
   --> src\graphics\rhi\gl.rs:114:5
    |
114 |     type Buffer = GlBuffer;
    |     ^^^^^^^^^^^^^^^^^^^^^^^ not a member of trait `RhiDevice`

error[E0437]: type `Texture` is not a member of trait `RhiDevice`
   --> src\graphics\rhi\gl.rs:115:5
    |
115 |     type Texture = GlTexture;
    |     ^^^^^^^^^^^^^^^^^^^^^^^^^ not a member of trait `RhiDevice`

error[E0437]: type `Sampler` is not a member of trait `RhiDevice`
   --> src\graphics\rhi\gl.rs:116:5
    |
116 |     type Sampler = GlSampler;
    |     ^^^^^^^^^^^^^^^^^^^^^^^^^ not a member of trait `RhiDevice`

error[E0437]: type `Pipeline` is not a member of trait `RhiDevice`
   --> src\graphics\rhi\gl.rs:117:5
    |
117 |     type Pipeline = GlPipeline;
    |     ^^^^^^^^^^^^^^^^^^^^^^^^^^^ not a member of trait `RhiDevice`

error[E0437]: type `CommandList` is not a member of trait `RhiDevice`
   --> src\graphics\rhi\gl.rs:118:5
    |
118 |     type CommandList = GlCommandList;
    |     ^^^^^^^^^^^^^^^^^^^^^^^^^^^^^^^^^ not a member of trait `RhiDevice`

error[E0407]: method `create_pipeline` is not a member of trait `RhiDevice`
   --> src\graphics\rhi\gl.rs:222:5
    |
222 | /     fn create_pipeline(&mut self, desc: &PipelineDesc) -> RhiResult<Arc<Self::Pipeline>> {
223 | |         let gl = &self.context;
...   |
241 | |         Ok(pipeline)
242 | |     }
    | |_____^ not a member of trait `RhiDevice`

error[E0407]: method `submit` is not a member of trait `RhiDevice`
   --> src\graphics\rhi\gl.rs:248:5
    |
248 | /     fn submit(&mut self, _command_list: &mut Self::CommandList) -> RhiResult<()> {
249 | |         // OpenGL executes commands immediately, so submission is a no-op
250 | |         Ok(())
251 | |     }
    | |_____^ not a member of trait `RhiDevice`

error[E0407]: method `begin` is not a member of trait `RhiCommandList`
   --> src\graphics\rhi\gl.rs:285:5
    |
285 | /     fn begin(&mut self) {
286 | |         self.state = GlCommandListState::new();
287 | |     }
    | |_____^ not a member of trait `RhiCommandList`

error[E0407]: method `end` is not a member of trait `RhiCommandList`
   --> src\graphics\rhi\gl.rs:289:5
    |
289 |     fn end(&mut self) {}
    |     ^^^^^^^^^^^^^^^^^^^^ not a member of trait `RhiCommandList`

error[E0407]: method `set_scissor` is not a member of trait `RhiCommandList`
   --> src\graphics\rhi\gl.rs:299:5
    |
299 | /     fn set_scissor(&mut self, scissor: &ScissorRect) {
300 | |         let gl = &self.context;
301 | |         unsafe {
302 | |             gl.enable(glow::SCISSOR_TEST);
...   |
305 | |         self.state.scissor = Some(scissor.clone());
306 | |     }
    | |_____^ not a member of trait `RhiCommandList`

error[E0407]: method `bind_pipeline` is not a member of trait `RhiCommandList`
   --> src\graphics\rhi\gl.rs:308:5
    |
308 | /     fn bind_pipeline(&mut self, pipeline: &Self::Pipeline) {
309 | |         let gl = &self.context;
310 | |         unsafe {
311 | |             gl.use_program(Some(pipeline.program));
...   |
314 | |         self.state.bound_pipeline = Some(pipeline.program);
315 | |     }
    | |_____^ not a member of trait `RhiCommandList`

error[E0407]: method `bind_vertex_buffer` is not a member of trait `RhiCommandList`
   --> src\graphics\rhi\gl.rs:317:5
    |
317 |       fn bind_vertex_buffer(&mut self, slot: u32, buffer: &Self::Buffer, offset: usize) {
    |       ^  ------------------ help: there is an associated function with a similar name: `bind_vertex_buffers`
    |  _____|
    | |
318 | |         let gl = &self.context;
319 | |         let target = glow::ARRAY_BUFFER;
...   |
329 | |         self.state.bound_vertex_buffers[slot as usize] = Some((buffer.id, offset));
330 | |     }
    | |_____^ not a member of trait `RhiCommandList`

error[E0407]: method `bind_texture` is not a member of trait `RhiCommandList`
   --> src\graphics\rhi\gl.rs:343:5
    |
343 | /     fn bind_texture(&mut self, slot: u32, texture: &Self::Texture, sampler: Option<&Self::Sampler>) {
344 | |         let gl = &self.context;
345 | |         
346 | |         unsafe {
...   |
358 | |         self.state.bound_textures[slot as usize] = Some(texture.id);
359 | |     }
    | |_____^ not a member of trait `RhiCommandList`

error[E0407]: method `clear_color` is not a member of trait `RhiCommandList`
   --> src\graphics\rhi\gl.rs:365:5
    |
365 | /     fn clear_color(&mut self, color: &Color4f) {
366 | |         let gl = &self.context;
367 | |         unsafe {
368 | |             gl.clear_color(color.r, color.g, color.b, color.a);
...   |
371 | |         self.state.clear_color = Some(color.clone());
372 | |     }
    | |_____^ not a member of trait `RhiCommandList`

error[E0407]: method `clear_depth` is not a member of trait `RhiCommandList`
   --> src\graphics\rhi\gl.rs:374:5
    |
374 | /     fn clear_depth(&mut self, depth: f32) {
375 | |         let gl = &self.context;
376 | |         unsafe {
377 | |             gl.clear_depth_f32(depth);
...   |
380 | |     }
    | |_____^ not a member of trait `RhiCommandList`

error[E0407]: method `clear_stencil` is not a member of trait `RhiCommandList`
   --> src\graphics\rhi\gl.rs:382:5
    |
382 | /     fn clear_stencil(&mut self, stencil: i32) {
383 | |         let gl = &self.context;
384 | |         unsafe {
385 | |             gl.clear_stencil(stencil);
...   |
388 | |     }
    | |_____^ not a member of trait `RhiCommandList`

error[E0412]: cannot find type `MeshHandle` in this scope
   --> src\ecs\component.rs:111:22
    |
111 |     pub mesh_handle: MeshHandle,
    |                      ^^^^^^^^^^ not found in this scope
    |
help: consider importing this struct through its public re-export
    |
3   + use crate::MeshHandle;
    |

error[E0412]: cannot find type `MeshHandle` in this scope
   --> src\ecs\component.rs:118:29
    |
118 |     pub fn new(mesh_handle: MeshHandle) -> Self {
    |                             ^^^^^^^^^^ not found in this scope
    |
help: consider importing this struct through its public re-export
    |
3   + use crate::MeshHandle;
    |

warning: unused imports: `Gltf` and `buffer::Data`
   --> src\assets\loader.rs:424:20
    |
424 |         use gltf::{Gltf, buffer::Data};
    |                    ^^^^  ^^^^^^^^^^^^
    |
    = note: `#[warn(unused_imports)]` on by default

warning: unused import: `WheelState`
 --> src\assets\vehicle_loader.rs:9:37
  |
9 | use crate::vehicle::{VehicleConfig, WheelState};
  |                                     ^^^^^^^^^^

warning: unused import: `std::sync::Arc`
 --> src\audio\engine.rs:3:5
  |
3 | use std::sync::Arc;
  |     ^^^^^^^^^^^^^^

warning: unused import: `StreamTrait`
 --> src\audio\engine.rs:5:44
  |
5 | use cpal::traits::{DeviceTrait, HostTrait, StreamTrait};
  |                                            ^^^^^^^^^^^

warning: unused imports: `SampleFormat` and `Sample`
 --> src\audio\engine.rs:6:12
  |
6 | use cpal::{Sample, SampleFormat, Stream};
  |            ^^^^^^  ^^^^^^^^^^^^

warning: unused import: `symphonia::core::codecs::DecoderOptions`
 --> src\audio\engine.rs:8:5
  |
8 | use symphonia::core::codecs::DecoderOptions;
  |     ^^^^^^^^^^^^^^^^^^^^^^^^^^^^^^^^^^^^^^^

warning: unused import: `symphonia::core::meta::MetadataOptions`
  --> src\audio\engine.rs:11:5
   |
11 | use symphonia::core::meta::MetadataOptions;
   |     ^^^^^^^^^^^^^^^^^^^^^^^^^^^^^^^^^^^^^^

warning: unused import: `std::sync::Arc`
  --> src\ecs\ecs_module.rs:13:5
   |
13 | use std::sync::Arc;
   |     ^^^^^^^^^^^^^^

warning: unused import: `std::sync::Arc`
 --> src\ecs\world.rs:6:5
  |
6 | use std::sync::Arc;
  |     ^^^^^^^^^^^^^^

warning: unused import: `std::fmt`
 --> src\error.rs:5:5
  |
5 | use std::fmt;
  |     ^^^^^^^^

warning: unused import: `LodObject`
 --> src\graphics\renderer.rs:7:47
  |
7 | use crate::graphics::lod_system::{LodManager, LodObject};
  |                                               ^^^^^^^^^

warning: unused import: `crate::ui::hud::HudFlashElement`
   --> src\graphics\renderer.rs:675:13
    |
675 |         use crate::ui::hud::HudFlashElement;
    |             ^^^^^^^^^^^^^^^^^^^^^^^^^^^^^^^

warning: unused import: `Matrix4`
 --> src\graphics\renderer_rhi.rs:6:25
  |
6 | use nalgebra::{Vector3, Matrix4, UnitQuaternion};
  |                         ^^^^^^^

warning: unused imports: `AddressMode`, `BufferDescription`, `BufferType`, `BufferUsage`, `ClearValue`, `ColorBlendState`, `CullMode`, `DepthState`, `FilterMode`, `FrontFace`, `InputLayout`, `LoadOp`, `PipelineStateObject`, `PrimitiveTopology`, `RasterizerState`, `RenderAttachment`, `RenderPassDescription`, `ResourceBarrier`, `RhiResult`, `SamplerDescription`, `ScissorRect`, `ShaderDescription`, `ShaderStage`, `StoreOp`, `VertexAttribute`, `VertexFormat`, and `Viewport`
  --> src\graphics\renderer_rhi.rs:10:5
   |
10 |     BufferDescription, BufferType, BufferUsage,
   |     ^^^^^^^^^^^^^^^^^  ^^^^^^^^^^  ^^^^^^^^^^^
11 |     TextureDescription, TextureDimension, TextureFormat, TextureUsage,
12 |     SamplerDescription, FilterMode, AddressMode,
   |     ^^^^^^^^^^^^^^^^^^  ^^^^^^^^^^  ^^^^^^^^^^^
13 |     ShaderDescription, ShaderStage,
   |     ^^^^^^^^^^^^^^^^^  ^^^^^^^^^^^
14 |     PipelineStateObject, InputLayout, VertexAttribute, VertexFormat,
   |     ^^^^^^^^^^^^^^^^^^^  ^^^^^^^^^^^  ^^^^^^^^^^^^^^^  ^^^^^^^^^^^^
15 |     PrimitiveTopology, ColorBlendState, DepthState, RasterizerState, CullMode, FrontFace,
   |     ^^^^^^^^^^^^^^^^^  ^^^^^^^^^^^^^^^  ^^^^^^^^^^  ^^^^^^^^^^^^^^^  ^^^^^^^^  ^^^^^^^^^
16 |     RenderPassDescription, RenderAttachment, LoadOp, StoreOp, ClearValue,
   |     ^^^^^^^^^^^^^^^^^^^^^  ^^^^^^^^^^^^^^^^  ^^^^^^  ^^^^^^^  ^^^^^^^^^^
17 |     Viewport, ScissorRect, ResourceState, ResourceBarrier,
   |     ^^^^^^^^  ^^^^^^^^^^^                 ^^^^^^^^^^^^^^^
18 |     RhiResult,
   |     ^^^^^^^^^

warning: unused import: `LodObject`
  --> src\graphics\renderer_rhi.rs:23:47
   |
23 | use crate::graphics::lod_system::{LodManager, LodObject};
   |                                               ^^^^^^^^^

warning: unused import: `Quaternion`
 --> src\graphics\camera.rs:1:50
  |
1 | use nalgebra::{Vector3, Matrix4, UnitQuaternion, Quaternion};
  |                                                  ^^^^^^^^^^

warning: unused import: `Matrix3`
 --> src\graphics\lighting.rs:4:25
  |
4 | use nalgebra::{Vector3, Matrix3};
  |                         ^^^^^^^

warning: unused doc comment
   --> src\graphics\rhi\types.rs:377:1
    |
377 | /// Texture usage flags
    | ^^^^^^^^^^^^^^^^^^^^^^^ rustdoc does not generate documentation for macro invocations
    |
    = help: to document an item produced by a macro, the macro must produce the documentation as part of its expansion
    = note: `#[warn(unused_doc_comments)]` on by default

warning: unused doc comment
   --> src\graphics\rhi\types.rs:430:1
    |
430 | /// Buffer usage flags
    | ^^^^^^^^^^^^^^^^^^^^^^ rustdoc does not generate documentation for macro invocations
    |
    = help: to document an item produced by a macro, the macro must produce the documentation as part of its expansion

warning: unused import: `std::sync::Arc`
 --> src\graphics\rhi\types.rs:5:5
  |
5 | use std::sync::Arc;
  |     ^^^^^^^^^^^^^^

warning: unused imports: `BlendState`, `DepthStencilState`, `PrimitiveTopology`, `Rect2D`, `RhiBuffer`, `RhiPipeline`, `RhiSampler`, `RhiTexture`, and `ShaderStage`
 --> src\graphics\rhi\gl.rs:6:32
  |
6 |     RhiDevice, RhiCommandList, RhiPipeline, RhiTexture, RhiBuffer, RhiSampler,
  |                                ^^^^^^^^^^^  ^^^^^^^^^^  ^^^^^^^^^  ^^^^^^^^^^
7 |     BufferDesc, BufferUsage, TextureDesc, TextureFormat, SamplerDesc,
8 |     PipelineDesc, ShaderStage, PrimitiveTopology, BlendState, DepthStencilState,
  |                   ^^^^^^^^^^^  ^^^^^^^^^^^^^^^^^  ^^^^^^^^^^  ^^^^^^^^^^^^^^^^^
9 |     RhiResult, RhiError, IndexType, Color4f, Rect2D, Viewport, ScissorRect,
  |                                              ^^^^^^

warning: unused import: `Point3`
 --> src\graphics\debug_renderer.rs:1:25
  |
1 | use nalgebra::{Vector3, Point3, Matrix4};
  |                         ^^^^^^

warning: unused import: `display::GetGlDisplay`
 --> src\graphics\gl_context.rs:7:5
  |
7 |     display::GetGlDisplay,
  |     ^^^^^^^^^^^^^^^^^^^^^

warning: unused imports: `Key` and `NamedKey`
 --> src\input\mapping.rs:4:32
  |
4 | use winit::keyboard::{KeyCode, Key, NamedKey};
  |                                ^^^  ^^^^^^^^

warning: unused import: `Key`
 --> src\input\input_module.rs:2:23
  |
2 | use winit::keyboard::{Key, KeyCode};
  |                       ^^^

warning: unused import: `std::collections::HashMap`
 --> src\physics\physics_module.rs:2:5
  |
2 | use std::collections::HashMap;
  |     ^^^^^^^^^^^^^^^^^^^^^^^^^

warning: unused import: `AtomicBool`
 --> src\physics\thread_pool.rs:5:25
  |
5 | use std::sync::atomic::{AtomicBool, AtomicUsize, Ordering};
  |                         ^^^^^^^^^^

warning: unused import: `UnitQuaternion`
 --> src\physics\fracture_component.rs:1:34
  |
1 | use nalgebra::{Vector3, Matrix3, UnitQuaternion};
  |                                  ^^^^^^^^^^^^^^

warning: unused imports: `Point3` and `Quaternion`
  --> src\physics\helicopter.rs:26:50
   |
26 | use nalgebra::{Vector3, UnitQuaternion, Matrix3, Quaternion, Point3};
   |                                                  ^^^^^^^^^^  ^^^^^^

warning: unused import: `std::sync::Arc`
  --> src\physics\helicopter.rs:28:5
   |
28 | use std::sync::Arc;
   |     ^^^^^^^^^^^^^^

warning: unused imports: `Matrix3` and `UnitQuaternion`
 --> src\physics\advanced_vehicle.rs:1:25
  |
1 | use nalgebra::{Vector3, UnitQuaternion, Matrix3};
  |                         ^^^^^^^^^^^^^^  ^^^^^^^

warning: unused imports: `Matrix3`, `Quaternion`, and `UnitQuaternion`
 --> src\physics\vehicle.rs:3:25
  |
3 | use nalgebra::{Vector3, Quaternion, Matrix3, UnitQuaternion};
  |                         ^^^^^^^^^^  ^^^^^^^  ^^^^^^^^^^^^^^

warning: unused imports: `Matrix3` and `UnitQuaternion`
 --> src\physics\deformable_terrain.rs:1:25
  |
1 | use nalgebra::{Vector3, Matrix3, UnitQuaternion};
  |                         ^^^^^^^  ^^^^^^^^^^^^^^

warning: unused import: `crate::physics::RigidBody`
 --> src\physics\deformable_terrain.rs:2:5
  |
2 | use crate::physics::RigidBody;
  |     ^^^^^^^^^^^^^^^^^^^^^^^^^

warning: unused import: `crate::physics_module::Shape`
 --> src\physics\deformable_terrain.rs:3:5
  |
3 | use crate::physics_module::Shape;
  |     ^^^^^^^^^^^^^^^^^^^^^^^^^^^^

warning: unused import: `Point3`
 --> src\physics\constraints.rs:4:25
  |
4 | use nalgebra::{Vector3, Point3};
  |                         ^^^^^^

warning: unused imports: `UnitQuaternion` and `Vector3`
 --> src\ui\hud.rs:4:16
  |
4 | use nalgebra::{Vector3, UnitQuaternion};
  |                ^^^^^^^  ^^^^^^^^^^^^^^

warning: unused imports: `KeyCode` and `PhysicalKey`
 --> src\engine.rs:3:16
  |
3 |     keyboard::{KeyCode, PhysicalKey},
  |                ^^^^^^^  ^^^^^^^^^^^

warning: unused import: `TerrainVertex`
  --> src\engine.rs:22:50
   |
22 | use crate::chunk::{ChunkId, generate_chunk_mesh, TerrainVertex};
   |                                                  ^^^^^^^^^^^^^

warning: unused import: `BuildingPlacer`
  --> src\engine.rs:23:45
   |
23 | use crate::world::{Settlement, RoadNetwork, BuildingPlacer};
   |                                             ^^^^^^^^^^^^^^

warning: unused import: `Matrix4`
  --> src\engine.rs:24:41
   |
24 | use nalgebra::{Vector3, UnitQuaternion, Matrix4};
   |                                         ^^^^^^^

warning: unused import: `crate::network::PlayerInput`
  --> src\engine.rs:26:5
   |
26 | use crate::network::PlayerInput;
   |     ^^^^^^^^^^^^^^^^^^^^^^^^^^^

warning: unused import: `nalgebra::Vector3`
   --> src\engine.rs:493:13
    |
493 |         use nalgebra::Vector3;
    |             ^^^^^^^^^^^^^^^^^

warning: unused import: `warn`
  --> src\world\world_module.rs:13:21
   |
13 | use tracing::{info, warn, debug};
   |                     ^^^^

warning: unused import: `std::sync::Arc`
 --> src\world\chunk.rs:4:5
  |
4 | use std::sync::Arc;
  |     ^^^^^^^^^^^^^^

warning: unused import: `nalgebra::Vector3`
 --> src\world\chunk_manager.rs:5:5
  |
5 | use nalgebra::Vector3;
  |     ^^^^^^^^^^^^^^^^^

warning: unused import: `Point3`
 --> src\world\prop_spawner.rs:4:25
  |
4 | use nalgebra::{Vector3, Point3};
  |                         ^^^^^^

warning: unused import: `Chunk`
 --> src\world\prop_spawner.rs:7:27
  |
7 | use crate::world::chunk::{Chunk, ChunkId, CHUNK_SIZE};
  |                           ^^^^^

warning: unused import: `warn`
  --> src\world\terrain_generator.rs:13:21
   |
13 | use tracing::{info, warn};
   |                     ^^^^

warning: unused import: `VecDeque`
  --> src\world\spatial_index.rs:10:33
   |
10 | use std::collections::{HashMap, VecDeque};
   |                                 ^^^^^^^^

warning: unused import: `std::sync::Arc`
  --> src\world\world_streaming.rs:10:5
   |
10 | use std::sync::Arc;
   |     ^^^^^^^^^^^^^^

warning: unused import: `info`
  --> src\world\world_streaming.rs:13:15
   |
13 | use tracing::{info, debug, warn, error};
   |               ^^^^

warning: unused import: `ChunkData`
  --> src\world\world_streaming.rs:15:36
   |
15 | use super::chunk::{Chunk, ChunkId, ChunkData, generate_chunk_mesh, TerrainVertex};
   |                                    ^^^^^^^^^

warning: unused import: `UnitQuaternion`
  --> src\world\day_night_cycle.rs:10:34
   |
10 | use nalgebra::{Vector3, Matrix4, UnitQuaternion};
   |                                  ^^^^^^^^^^^^^^

warning: unused import: `std::collections::HashMap`
 --> src\world\settlement.rs:7:5
  |
7 | use std::collections::HashMap;
  |     ^^^^^^^^^^^^^^^^^^^^^^^^^

warning: unused import: `Vector3`
 --> src\world\road_network.rs:9:25
  |
9 | use nalgebra::{Vector2, Vector3};
  |                         ^^^^^^^

warning: unused import: `BinaryHeap`
  --> src\world\road_network.rs:12:42
   |
12 | use std::collections::{HashMap, HashSet, BinaryHeap};
   |                                          ^^^^^^^^^^

warning: unused import: `std::cmp::Ordering`
  --> src\world\road_network.rs:13:5
   |
13 | use std::cmp::Ordering;
   |     ^^^^^^^^^^^^^^^^^^

warning: unused import: `Path`
  --> src\game\mission_save.rs:14:17
   |
14 | use std::path::{Path, PathBuf};
   |                 ^^^^

warning: unused imports: `Quaternion` and `Vector3`
 --> src\network\protocol.rs:6:16
  |
6 | use nalgebra::{Vector3, Quaternion};
  |                ^^^^^^^  ^^^^^^^^^^

warning: ambiguous glob re-exports
  --> src\lib.rs:18:9
   |
18 | pub use config::*;
   |         ^^^^^^^^^ the name `AudioConfig` in the type namespace is first re-exported here
...
23 | pub use audio::*;
   |         -------- but the name `AudioConfig` in the type namespace is also re-exported here
   |
   = note: `#[warn(ambiguous_glob_reexports)]` on by default

warning: ambiguous glob re-exports
  --> src\lib.rs:22:9
   |
22 | pub use graphics::*;
   |         ^^^^^^^^^^^ the name `lod_system` in the type namespace is first re-exported here
...
27 | pub use world::*;
   |         -------- but the name `lod_system` in the type namespace is also re-exported here

warning: ambiguous glob re-exports
  --> src\lib.rs:27:9
   |
27 | pub use world::*;
   |         ^^^^^^^^ the name `DayNightCycle` in the type namespace is first re-exported here
28 | pub use game::*;
   |         ------- but the name `DayNightCycle` in the type namespace is also re-exported here

error: captured variable cannot escape `FnMut` closure body
   --> src\ecs\ecs_module.rs:162:13
    |
161 |         self.dense_indices.iter().filter_map(move |&idx| {
    |                                                        - inferred to be a `FnMut` closure
162 |             self.data.get_mut(idx).and_then(|opt| opt.as_mut()).map(|c| (idx, c))
    |             ^^^^^^^^^^^^^^^^^^^^^^^^^^^^^^^^^^^^^^^^^^^^^^^^^^^^^^^^^^^^^^^^^^^^^ returns a reference to a captured variable which escapes the closure body
    |
    = note: `FnMut` closures only have access to their captured variables while they are executing...
    = note: ...therefore, they cannot allow references to captured variables to escape
help: consider adding 'move' keyword before the nested closure
    |
162 |             self.data.get_mut(idx).and_then(|opt| opt.as_mut()).map(move |c| (idx, c))
    |                                                                     ++++

error[E0505]: cannot move out of `self` because it is borrowed
   --> src\ecs\ecs_module.rs:161:46
    |
160 |     pub fn iter_mut(&mut self) -> impl Iterator<Item = (usize, &mut T)> {
    |                     --------- binding `self` declared here
161 |         self.dense_indices.iter().filter_map(move |&idx| {
    |         ------------------        ---------- ^^^^^^^^^^^ move out of `self` occurs here
    |         |                         |
    |         |                         borrow later used by call
    |         borrow of `self.dense_indices` occurs here
162 |             self.data.get_mut(idx).and_then(|opt| opt.as_mut()).map(|c| (idx, c))
    |             --------- move occurs due to use in closure

error[E0277]: `*mut c_void` cannot be shared between threads safely
   --> src\graphics\rhi\gl.rs:113:20
    |
113 | impl RhiDevice for GlDevice {
    |                    ^^^^^^^^ `*mut c_void` cannot be shared between threads safely
    |
    = help: within `glow::Context`, the trait `Sync` is not implemented for `*mut c_void`
note: required because it appears within the type `glow::native::DebugCallbackRawPtr`
   --> C:\Users\mrkri\.cargo\registry\src\index.crates.io-1949cf8c6b5b557f\glow-0.13.1\src\native.rs:18:8
    |
18  | struct DebugCallbackRawPtr {
    |        ^^^^^^^^^^^^^^^^^^^
note: required because it appears within the type `std::option::Option<glow::native::DebugCallbackRawPtr>`
   --> /rustc/6b00bc3880198600130e1cf62b8f8a93494488cc\library\core\src\option.rs:589:10
note: required because it appears within the type `glow::Context`
   --> C:\Users\mrkri\.cargo\registry\src\index.crates.io-1949cf8c6b5b557f\glow-0.13.1\src\native.rs:33:12
    |
33  | pub struct Context {
    |            ^^^^^^^
    = note: required for `Arc<glow::Context>` to implement `Sync`
note: required because it appears within the type `GlDevice`
   --> src\graphics\rhi\gl.rs:76:12
    |
76  | pub struct GlDevice {
    |            ^^^^^^^^
note: required by a bound in `rhi::device::IDevice`
   --> src\graphics\rhi\device.rs:8:27
    |
8   | pub trait IDevice: Send + Sync {
    |                           ^^^^ required by this bound in `IDevice`

error[E0277]: `*mut c_void` cannot be sent between threads safely
   --> src\graphics\rhi\gl.rs:113:20
    |
113 | impl RhiDevice for GlDevice {
    |                    ^^^^^^^^ `*mut c_void` cannot be sent between threads safely
    |
    = help: within `glow::Context`, the trait `Send` is not implemented for `*mut c_void`
note: required because it appears within the type `glow::native::DebugCallbackRawPtr`
   --> C:\Users\mrkri\.cargo\registry\src\index.crates.io-1949cf8c6b5b557f\glow-0.13.1\src\native.rs:18:8
    |
18  | struct DebugCallbackRawPtr {
    |        ^^^^^^^^^^^^^^^^^^^
note: required because it appears within the type `std::option::Option<glow::native::DebugCallbackRawPtr>`
   --> /rustc/6b00bc3880198600130e1cf62b8f8a93494488cc\library\core\src\option.rs:589:10
note: required because it appears within the type `glow::Context`
   --> C:\Users\mrkri\.cargo\registry\src\index.crates.io-1949cf8c6b5b557f\glow-0.13.1\src\native.rs:33:12
    |
33  | pub struct Context {
    |            ^^^^^^^
    = note: required for `Arc<glow::Context>` to implement `Sync`
note: required because it appears within the type `GlDevice`
   --> src\graphics\rhi\gl.rs:76:12
    |
76  | pub struct GlDevice {
    |            ^^^^^^^^
note: required by a bound in `rhi::device::IDevice`
   --> src\graphics\rhi\device.rs:8:27
    |
8   | pub trait IDevice: Send + Sync {
    |                           ^^^^ required by this bound in `IDevice`

error[E0277]: `RefCell<HashMap<std::string::String, i32>>` cannot be shared between threads safely
   --> src\graphics\rhi\gl.rs:113:20
    |
113 | impl RhiDevice for GlDevice {
    |                    ^^^^^^^^ `RefCell<HashMap<std::string::String, i32>>` cannot be shared between threads safely
    |
    = help: within `GlPipeline`, the trait `Sync` is not implemented for `RefCell<HashMap<std::string::String, i32>>`
    = note: if you want to do aliasing and mutation between multiple threads, use `std::sync::RwLock` instead
note: required because it appears within the type `GlPipeline`
   --> src\graphics\rhi\gl.rs:43:12
    |
43  | pub struct GlPipeline {
    |            ^^^^^^^^^^
    = note: required for `Arc<GlPipeline>` to implement `Sync`
note: required because it appears within the type `std::option::Option<Arc<GlPipeline>>`
   --> /rustc/6b00bc3880198600130e1cf62b8f8a93494488cc\library\core\src\option.rs:589:10
note: required because it appears within the type `PhantomData<std::option::Option<Arc<GlPipeline>>>`
   --> /rustc/6b00bc3880198600130e1cf62b8f8a93494488cc\library\core\src\marker.rs:778:12
note: required because it appears within the type `alloc::raw_vec::RawVec<std::option::Option<Arc<GlPipeline>>>`
   --> /rustc/6b00bc3880198600130e1cf62b8f8a93494488cc\library\alloc\src\raw_vec\mod.rs:74:19
note: required because it appears within the type `Vec<std::option::Option<Arc<GlPipeline>>>`
   --> /rustc/6b00bc3880198600130e1cf62b8f8a93494488cc\library\alloc\src\vec\mod.rs:409:12
note: required because it appears within the type `GlDevice`
   --> src\graphics\rhi\gl.rs:76:12
    |
76  | pub struct GlDevice {
    |            ^^^^^^^^
note: required by a bound in `rhi::device::IDevice`
   --> src\graphics\rhi\device.rs:8:27
    |
8   | pub trait IDevice: Send + Sync {
    |                           ^^^^ required by this bound in `IDevice`

error[E0220]: associated type `Buffer` not found for `Self`
   --> src\graphics\rhi\gl.rs:120:104
    |
120 |     fn create_buffer(&mut self, desc: &BufferDesc, initial_data: Option<&[u8]>) -> RhiResult<Arc<Self::Buffer>> {
    |                                                                                                        ^^^^^^ associated type `Buffer` not found

error[E0050]: method `create_buffer` has 3 parameters but the declaration in trait `rhi::device::IDevice::create_buffer` has 2
   --> src\graphics\rhi\gl.rs:120:22
    |
120 |     fn create_buffer(&mut self, desc: &BufferDesc, initial_data: Option<&[u8]>) -> RhiResult<Arc<Self::Buffer>> {
    |                      ^^^^^^^^^^^^^^^^^^^^^^^^^^^^^^^^^^^^^^^^^^^^^^^^^^^^^^^^^ expected 2 parameters, found 3
    |
   ::: src\graphics\rhi\device.rs:21:22
    |
21  |     fn create_buffer(&self, desc: &BufferDescription) -> RhiResult<ResourceHandle>;
    |                      ------------------------------- trait requires 2 parameters

error[E0220]: associated type `Texture` not found for `Self`
   --> src\graphics\rhi\gl.rs:160:106
    |
160 |     fn create_texture(&mut self, desc: &TextureDesc, initial_data: Option<&[u8]>) -> RhiResult<Arc<Self::Texture>> {
    |                                                                                                          ^^^^^^^ there is an associated type `Texture` in the trait `HasContext`

error[E0050]: method `create_texture` has 3 parameters but the declaration in trait `rhi::device::IDevice::create_texture` has 2
   --> src\graphics\rhi\gl.rs:160:23
    |
160 |     fn create_texture(&mut self, desc: &TextureDesc, initial_data: Option<&[u8]>) -> RhiResult<Arc<Self::Texture>> {
    |                       ^^^^^^^^^^^^^^^^^^^^^^^^^^^^^^^^^^^^^^^^^^^^^^^^^^^^^^^^^^ expected 2 parameters, found 3
    |
   ::: src\graphics\rhi\device.rs:24:23
    |
24  |     fn create_texture(&self, desc: &TextureDescription) -> RhiResult<ResourceHandle>;
    |                       -------------------------------- trait requires 2 parameters

error[E0220]: associated type `Sampler` not found for `Self`
   --> src\graphics\rhi\gl.rs:200:77
    |
200 |     fn create_sampler(&mut self, desc: &SamplerDesc) -> RhiResult<Arc<Self::Sampler>> {
    |                                                                             ^^^^^^^ associated type `Sampler` not found

error[E0220]: associated type `CommandList` not found for `Self`
   --> src\graphics\rhi\gl.rs:244:48
    |
244 |     fn create_command_list(&mut self) -> Self::CommandList {
    |                                                ^^^^^^^^^^^ associated type `CommandList` not found

error[E0050]: method `create_command_list` has 1 parameter but the declaration in trait `rhi::device::IDevice::create_command_list` has 2
   --> src\graphics\rhi\gl.rs:244:28
    |
244 |     fn create_command_list(&mut self) -> Self::CommandList {
    |                            ^^^^^^^^^ expected 2 parameters, found 1
    |
   ::: src\graphics\rhi\device.rs:48:28
    |
48  |     fn create_command_list(&self, cmd_type: CommandListType) -> RhiResult<Arc<dyn ICommandList>>;
    |                            -------------------------------- trait requires 2 parameters

error[E0053]: method `wait_idle` has an incompatible type for trait
   --> src\graphics\rhi\gl.rs:253:18
    |
253 |     fn wait_idle(&mut self) -> RhiResult<()> {
    |                  ^^^^^^^^^ types differ in mutability
    |
note: type in trait
   --> src\graphics\rhi\device.rs:96:18
    |
96  |     fn wait_idle(&self) -> RhiResult<()>;
    |                  ^^^^^
    = note: expected signature `fn(&GlDevice) -> std::result::Result<_, _>`
               found signature `fn(&mut GlDevice) -> std::result::Result<_, _>`
help: change the self-receiver type to match the trait
    |
253 -     fn wait_idle(&mut self) -> RhiResult<()> {
253 +     fn wait_idle(&self) -> RhiResult<()> {
    |

error[E0046]: not all trait items implemented, missing: `get_device_name`, `get_features`, `get_limits`, `create_texture_view`, `create_shader`, `create_pipeline_state`, `create_descriptor_heap`, `create_command_queue`, `create_fence`, `create_semaphore`, `create_swap_chain`, `update_buffer`, `map_buffer`, `unmap_buffer`, `read_back_texture`, `destroy_resource`
   --> src\graphics\rhi\gl.rs:113:1
    |
113 |   impl RhiDevice for GlDevice {
    |   ^^^^^^^^^^^^^^^^^^^^^^^^^^^ missing `get_device_name`, `get_features`, `get_limits`, `create_texture_view`, `create_shader`, `create_pipeline_state`, `create_descriptor_heap`, `create_command_queue`, `create_fence`, `create_semaphore`, `create_swap_chain`, `update_buffer`, `map_buffer`, `unmap_buffer`, `read_back_texture`, `destroy_resource` in implementation
    |
   ::: src\graphics\rhi\device.rs:10:5
    |
10  |       fn get_device_name(&self) -> &str;
    |       ---------------------------------- `get_device_name` from trait
...
13  |       fn get_features(&self) -> DeviceFeatures;
    |       ----------------------------------------- `get_features` from trait
...
16  |       fn get_limits(&self) -> DeviceLimits;
    |       ------------------------------------- `get_limits` from trait
...
27  | /     fn create_texture_view(
28  | |         &self,
29  | |         texture: ResourceHandle,
30  | |         desc: &TextureViewDescription,
31  | |     ) -> RhiResult<ResourceHandle>;
    | |___________________________________- `create_texture_view` from trait
...
37  |       fn create_shader(&self, desc: &ShaderDescription) -> RhiResult<ResourceHandle>;
    |       ------------------------------------------------------------------------------- `create_shader` from trait
...
40  |       fn create_pipeline_state(&self, desc: &PipelineStateObject) -> RhiResult<ResourceHandle>;
    |       ----------------------------------------------------------------------------------------- `create_pipeline_state` from trait
...
43  |       fn create_descriptor_heap(&self, desc: &DescriptorHeapDescription) -> RhiResult<ResourceHandle>;
    |       ------------------------------------------------------------------------------------------------ `create_descriptor_heap` from trait
...
51  |       fn create_command_queue(&self, cmd_type: CommandListType) -> RhiResult<Arc<dyn ICommandQueue>>;
    |       ----------------------------------------------------------------------------------------------- `create_command_queue` from trait
...
56  |       fn create_fence(&self, initial_value: u64) -> RhiResult<Arc<dyn IFence>>;
    |       ------------------------------------------------------------------------- `create_fence` from trait
...
59  |       fn create_semaphore(&self) -> RhiResult<Arc<dyn ISemaphore>>;
    |       ------------------------------------------------------------- `create_semaphore` from trait
...
64  | /     fn create_swap_chain(
65  | |         &self,
66  | |         window_handle: *mut std::ffi::c_void,
67  | |         width: u32,
...   |
70  | |         vsync: bool,
71  | |     ) -> RhiResult<Arc<dyn ISwapChain>>;
    | |________________________________________- `create_swap_chain` from trait
...
76  | /     fn update_buffer(
77  | |         &self,
78  | |         buffer: ResourceHandle,
79  | |         offset: u64,
80  | |         data: &[u8],
81  | |     ) -> RhiResult<()>;
    | |_______________________- `update_buffer` from trait
...
84  |       fn map_buffer(&self, buffer: ResourceHandle) -> RhiResult<*mut u8>;
    |       ------------------------------------------------------------------- `map_buffer` from trait
...
87  |       fn unmap_buffer(&self, buffer: ResourceHandle);
    |       ----------------------------------------------- `unmap_buffer` from trait
...
90  |       fn read_back_texture(&self, texture: ResourceHandle) -> RhiResult<Vec<u8>>;
    |       --------------------------------------------------------------------------- `read_back_texture` from trait
...
93  |       fn destroy_resource(&self, handle: ResourceHandle);
    |       --------------------------------------------------- `destroy_resource` from trait

error[E0277]: `*mut c_void` cannot be shared between threads safely
   --> src\graphics\rhi\gl.rs:284:25
    |
284 | impl RhiCommandList for GlCommandList {
    |                         ^^^^^^^^^^^^^ `*mut c_void` cannot be shared between threads safely
    |
    = help: within `glow::Context`, the trait `Sync` is not implemented for `*mut c_void`
note: required because it appears within the type `glow::native::DebugCallbackRawPtr`
   --> C:\Users\mrkri\.cargo\registry\src\index.crates.io-1949cf8c6b5b557f\glow-0.13.1\src\native.rs:18:8
    |
18  | struct DebugCallbackRawPtr {
    |        ^^^^^^^^^^^^^^^^^^^
note: required because it appears within the type `std::option::Option<glow::native::DebugCallbackRawPtr>`
   --> /rustc/6b00bc3880198600130e1cf62b8f8a93494488cc\library\core\src\option.rs:589:10
note: required because it appears within the type `glow::Context`
   --> C:\Users\mrkri\.cargo\registry\src\index.crates.io-1949cf8c6b5b557f\glow-0.13.1\src\native.rs:33:12
    |
33  | pub struct Context {
    |            ^^^^^^^
    = note: required for `Arc<glow::Context>` to implement `Sync`
note: required because it appears within the type `GlCommandList`
   --> src\graphics\rhi\gl.rs:270:12
    |
270 | pub struct GlCommandList {
    |            ^^^^^^^^^^^^^
note: required by a bound in `rhi::device::ICommandList`
   --> src\graphics\rhi\device.rs:103:32
    |
103 | pub trait ICommandList: Send + Sync {
    |                                ^^^^ required by this bound in `ICommandList`

error[E0277]: `*mut c_void` cannot be sent between threads safely
   --> src\graphics\rhi\gl.rs:284:25
    |
284 | impl RhiCommandList for GlCommandList {
    |                         ^^^^^^^^^^^^^ `*mut c_void` cannot be sent between threads safely
    |
    = help: within `glow::Context`, the trait `Send` is not implemented for `*mut c_void`
note: required because it appears within the type `glow::native::DebugCallbackRawPtr`
   --> C:\Users\mrkri\.cargo\registry\src\index.crates.io-1949cf8c6b5b557f\glow-0.13.1\src\native.rs:18:8
    |
18  | struct DebugCallbackRawPtr {
    |        ^^^^^^^^^^^^^^^^^^^
note: required because it appears within the type `std::option::Option<glow::native::DebugCallbackRawPtr>`
   --> /rustc/6b00bc3880198600130e1cf62b8f8a93494488cc\library\core\src\option.rs:589:10
note: required because it appears within the type `glow::Context`
   --> C:\Users\mrkri\.cargo\registry\src\index.crates.io-1949cf8c6b5b557f\glow-0.13.1\src\native.rs:33:12
    |
33  | pub struct Context {
    |            ^^^^^^^
    = note: required for `Arc<glow::Context>` to implement `Sync`
note: required because it appears within the type `GlCommandList`
   --> src\graphics\rhi\gl.rs:270:12
    |
270 | pub struct GlCommandList {
    |            ^^^^^^^^^^^^^
note: required by a bound in `rhi::device::ICommandList`
   --> src\graphics\rhi\device.rs:103:32
    |
103 | pub trait ICommandList: Send + Sync {
    |                                ^^^^ required by this bound in `ICommandList`

error[E0220]: associated type `Buffer` not found for `Self`
   --> src\graphics\rhi\gl.rs:332:52
    |
332 |     fn bind_index_buffer(&mut self, buffer: &Self::Buffer, index_type: IndexType) {
    |                                                    ^^^^^^ associated type `Buffer` not found

error[E0050]: method `bind_index_buffer` has 3 parameters but the declaration in trait `rhi::device::ICommandList::bind_index_buffer` has 4
   --> src\graphics\rhi\gl.rs:332:26
    |
332 |     fn bind_index_buffer(&mut self, buffer: &Self::Buffer, index_type: IndexType) {
    |                          ^^^^^^^^^^^^^^^^^^^^^^^^^^^^^^^^^^^^^^^^^^^^^^^^^^^^^^^ expected 4 parameters, found 3
    |
   ::: src\graphics\rhi\device.rs:144:26
    |
144 |     fn bind_index_buffer(&mut self, buffer: ResourceHandle, offset: u64, index_format: IndexFormat);
    |                          ------------------------------------------------------------------------- trait requires 4 parameters

error[E0053]: method `set_blend_constants` has an incompatible type for trait
   --> src\graphics\rhi\gl.rs:361:47
    |
361 |     fn set_blend_constants(&mut self, _color: &Color4f) {
    |                                               ^^^^^^^^ expected `[f32; 4]`, found `&types::Color4f`
    |
note: type in trait
   --> src\graphics\rhi\device.rs:133:50
    |
133 |     fn set_blend_constants(&mut self, constants: [f32; 4]);
    |                                                  ^^^^^^^^
    = note: expected signature `fn(&mut GlCommandList, [f32; 4])`
               found signature `fn(&mut GlCommandList, &types::Color4f)`
help: change the parameter type to match the trait
    |
361 -     fn set_blend_constants(&mut self, _color: &Color4f) {
361 +     fn set_blend_constants(&mut self, _color: [f32; 4]) {
    |

error[E0046]: not all trait items implemented, missing: `reset`, `close`, `begin_render_pass`, `end_render_pass`, `set_pipeline_state`, `set_primitive_topology`, `set_scissor_rect`, `set_stencil_reference`, `bind_vertex_buffers`, `bind_constant_buffer`, `bind_shader_resource`, `bind_sampler`, `draw_indirect`, `draw_indexed_indirect`, `dispatch_indirect`, `resource_barrier`, `clear_render_target`, `clear_depth_stencil`, `insert_debug_marker`, `begin_debug_group`, `end_debug_group`
   --> src\graphics\rhi\gl.rs:284:1
    |
284 |   impl RhiCommandList for GlCommandList {
    |   ^^^^^^^^^^^^^^^^^^^^^^^^^^^^^^^^^^^^^ missing `reset`, `close`, `begin_render_pass`, `end_render_pass`, `set_pipeline_state`, `set_primitive_topology`, `set_scissor_rect`, `set_stencil_reference`, `bind_vertex_buffers`, `bind_constant_buffer`, `bind_shader_resource`, `bind_sampler`, `draw_indirect`, `draw_indexed_indirect`, `dispatch_indirect`, `resource_barrier`, `clear_render_target`, `clear_depth_stencil`, `insert_debug_marker`, `begin_debug_group`, `end_debug_group` in implementation
    |
   ::: src\graphics\rhi\device.rs:105:5
    |
105 |       fn reset(&mut self) -> RhiResult<()>;
    |       ------------------------------------- `reset` from trait
...
108 |       fn close(&mut self) -> RhiResult<()>;
    |       ------------------------------------- `close` from trait
...
113 |       fn begin_render_pass(&mut self, desc: &RenderPassDescription);
    |       -------------------------------------------------------------- `begin_render_pass` from trait
...
116 |       fn end_render_pass(&mut self);
    |       ------------------------------ `end_render_pass` from trait
...
121 |       fn set_pipeline_state(&mut self, pso: ResourceHandle);
    |       ------------------------------------------------------ `set_pipeline_state` from trait
...
124 |       fn set_primitive_topology(&mut self, topology: PrimitiveTopology);
    |       ------------------------------------------------------------------ `set_primitive_topology` from trait
...
130 |       fn set_scissor_rect(&mut self, scissor: &ScissorRect);
    |       ------------------------------------------------------ `set_scissor_rect` from trait
...
136 |       fn set_stencil_reference(&mut self, reference: u8);
    |       --------------------------------------------------- `set_stencil_reference` from trait
...
141 |       fn bind_vertex_buffers(&mut self, start_slot: u32, buffers: &[(ResourceHandle, u64)]);
    |       -------------------------------------------------------------------------------------- `bind_vertex_buffers` from trait
...
147 | /     fn bind_constant_buffer(
148 | |         &mut self,
149 | |         stage: ShaderStage,
150 | |         slot: u32,
151 | |         buffer: ResourceHandle,
152 | |     );
    | |______- `bind_constant_buffer` from trait
...
155 | /     fn bind_shader_resource(
156 | |         &mut self,
157 | |         stage: ShaderStage,
158 | |         slot: u32,
159 | |         view: ResourceHandle,
160 | |     );
    | |______- `bind_shader_resource` from trait
...
163 |       fn bind_sampler(&mut self, stage: ShaderStage, slot: u32, sampler: ResourceHandle);
    |       ----------------------------------------------------------------------------------- `bind_sampler` from trait
...
181 |       fn draw_indirect(&mut self, buffer: ResourceHandle, offset: u64, draw_count: u32);
    |       ---------------------------------------------------------------------------------- `draw_indirect` from trait
...
184 |       fn draw_indexed_indirect(&mut self, buffer: ResourceHandle, offset: u64, draw_count: u32);
    |       ------------------------------------------------------------------------------------------ `draw_indexed_indirect` from trait
...
192 |       fn dispatch_indirect(&mut self, buffer: ResourceHandle, offset: u64);
    |       --------------------------------------------------------------------- `dispatch_indirect` from trait
...
197 |       fn resource_barrier(&mut self, barriers: &[ResourceBarrier]);
    |       ------------------------------------------------------------- `resource_barrier` from trait
...
202 |       fn clear_render_target(&mut self, view: ResourceHandle, color: [f32; 4]);
    |       ------------------------------------------------------------------------- `clear_render_target` from trait
...
205 | /     fn clear_depth_stencil(
206 | |         &mut self,
207 | |         view: ResourceHandle,
208 | |         clear_depth: Option<f32>,
209 | |         clear_stencil: Option<u8>,
210 | |     );
    | |______- `clear_depth_stencil` from trait
...
215 |       fn insert_debug_marker(&mut self, name: &str);
    |       ---------------------------------------------- `insert_debug_marker` from trait
...
218 |       fn begin_debug_group(&mut self, name: &str);
    |       -------------------------------------------- `begin_debug_group` from trait
...
221 |       fn end_debug_group(&mut self);
    |       ------------------------------ `end_debug_group` from trait

error[E0220]: associated type `Pipeline` not found for `Self`
   --> src\graphics\rhi\gl.rs:222:79
    |
222 |     fn create_pipeline(&mut self, desc: &PipelineDesc) -> RhiResult<Arc<Self::Pipeline>> {
    |                                                                               ^^^^^^^^ associated type `Pipeline` not found

error[E0220]: associated type `CommandList` not found for `Self`
   --> src\graphics\rhi\gl.rs:248:52
    |
248 |     fn submit(&mut self, _command_list: &mut Self::CommandList) -> RhiResult<()> {
    |                                                    ^^^^^^^^^^^ associated type `CommandList` not found

error[E0220]: associated type `Pipeline` not found for `Self`
   --> src\graphics\rhi\gl.rs:308:50
    |
308 |     fn bind_pipeline(&mut self, pipeline: &Self::Pipeline) {
    |                                                  ^^^^^^^^ associated type `Pipeline` not found

error[E0220]: associated type `Buffer` not found for `Self`
   --> src\graphics\rhi\gl.rs:317:64
    |
317 |     fn bind_vertex_buffer(&mut self, slot: u32, buffer: &Self::Buffer, offset: usize) {
    |                                                                ^^^^^^ associated type `Buffer` not found

error[E0220]: associated type `Texture` not found for `Self`
   --> src\graphics\rhi\gl.rs:343:59
    |
343 |     fn bind_texture(&mut self, slot: u32, texture: &Self::Texture, sampler: Option<&Self::Sampler>) {
    |                                                           ^^^^^^^ there is an associated type `Texture` in the trait `HasContext`

error[E0220]: associated type `Sampler` not found for `Self`
   --> src\graphics\rhi\gl.rs:343:91
    |
343 |     fn bind_texture(&mut self, slot: u32, texture: &Self::Texture, sampler: Option<&Self::Sampler>) {
    |                                                                                           ^^^^^^^ associated type `Sampler` not found

error[E0599]: no variant or associated item named `UnsupportedFormat` found for enum `AssetLoadError` in the current scope
   --> src\assets\loader.rs:290:38
    |
94  | pub enum AssetLoadError {
    | ----------------------- variant or associated item `UnsupportedFormat` not found for this enum
...
290 |             _ => Err(AssetLoadError::UnsupportedFormat(format!("Unknown mesh format: {}", extension))),
    |                                      ^^^^^^^^^^^^^^^^^ variant or associated item not found in `AssetLoadError`

error[E0308]: mismatched types
   --> src\assets\loader.rs:322:33
    |
322 |                           if let (Ok(v1), Ok(v2), Ok(v3)) = (
    |  _________________________________^^^^^^____________________-
    | |                                 |
    | |                                 expected `Option<u32>`, found `Result<_, _>`
323 | |                             parts[i].split('/').next().and_then(|s| s.parse::<u32>().ok()),
324 | |                             parts[i + 1].split('/').next().and_then(|s| s.parse::<u32>().ok()),
325 | |                             parts[i + 2].split('/').next().and_then(|s| s.parse::<u32>().ok()),
326 | |                         ) {
    | |_________________________- this expression has type `(std::option::Option<u32>, std::option::Option<u32>, std::option::Option<u32>)`
    |
    = note: expected enum `std::option::Option<u32>`
               found enum `std::result::Result<_, _>`

error[E0308]: mismatched types
   --> src\assets\loader.rs:322:41
    |
322 |                           if let (Ok(v1), Ok(v2), Ok(v3)) = (
    |  _________________________________________^^^^^^____________-
    | |                                         |
    | |                                         expected `Option<u32>`, found `Result<_, _>`
323 | |                             parts[i].split('/').next().and_then(|s| s.parse::<u32>().ok()),
324 | |                             parts[i + 1].split('/').next().and_then(|s| s.parse::<u32>().ok()),
325 | |                             parts[i + 2].split('/').next().and_then(|s| s.parse::<u32>().ok()),
326 | |                         ) {
    | |_________________________- this expression has type `(std::option::Option<u32>, std::option::Option<u32>, std::option::Option<u32>)`
    |
    = note: expected enum `std::option::Option<u32>`
               found enum `std::result::Result<_, _>`

error[E0308]: mismatched types
   --> src\assets\loader.rs:322:49
    |
322 |                           if let (Ok(v1), Ok(v2), Ok(v3)) = (
    |  _________________________________________________^^^^^^____-
    | |                                                 |
    | |                                                 expected `Option<u32>`, found `Result<_, _>`
323 | |                             parts[i].split('/').next().and_then(|s| s.parse::<u32>().ok()),
324 | |                             parts[i + 1].split('/').next().and_then(|s| s.parse::<u32>().ok()),
325 | |                             parts[i + 2].split('/').next().and_then(|s| s.parse::<u32>().ok()),
326 | |                         ) {
    | |_________________________- this expression has type `(std::option::Option<u32>, std::option::Option<u32>, std::option::Option<u32>)`
    |
    = note: expected enum `std::option::Option<u32>`
               found enum `std::result::Result<_, _>`

error[E0277]: the trait bound `Self: serde::de::DeserializeOwned` is not satisfied
    --> src\assets\asset_loader.rs:19:9
     |
19   |         serde_json::from_reader(reader)
     |         ^^^^^^^^^^^^^^^^^^^^^^^^^^^^^^^ the trait `for<'de> config::_::_serde::Deserialize<'de>` is not implemented for `Self`
     |
     = note: required for `Self` to implement `DeserializeOwned`
note: required by a bound in `from_reader`
    --> C:\Users\mrkri\.cargo\registry\src\index.crates.io-1949cf8c6b5b557f\serde_json-1.0.149\src\de.rs:2617:8
     |
2614 | pub fn from_reader<R, T>(rdr: R) -> Result<T>
     |        ----------- required by a bound in this function
...
2617 |     T: de::DeserializeOwned,
     |        ^^^^^^^^^^^^^^^^^^^^ required by this bound in `from_reader`
help: consider further restricting `Self`
     |
15   |     fn load_from_path<P: AsRef<Path>>(path: P) -> Result<Self> where for<'de> Self: config::_::_serde::Deserialize<'de> {
     |                                                                ++++++++++++++++++++++++++++++++++++++++++++++++++++++++

error[E0277]: the trait bound `Self: serde::Serialize` is not satisfied
    --> src\assets\asset_loader.rs:27:46
     |
27   |         serde_json::to_writer_pretty(writer, self)
     |         ----------------------------         ^^^^ the trait `Serialize` is not implemented for `Self`
     |         |
     |         required by a bound introduced by this call
     |
     = note: for local types consider adding `#[derive(serde::Serialize)]` to your `Self` type
     = note: for types from other crates check whether the crate offers a `serde` feature flag
note: required by a bound in `to_writer_pretty`
    --> C:\Users\mrkri\.cargo\registry\src\index.crates.io-1949cf8c6b5b557f\serde_json-1.0.149\src\ser.rs:2200:17
     |
2197 | pub fn to_writer_pretty<W, T>(writer: W, value: &T) -> Result<()>
     |        ---------------- required by a bound in this function
...
2200 |     T: ?Sized + Serialize,
     |                 ^^^^^^^^^ required by this bound in `to_writer_pretty`
help: consider further restricting `Self`
     |
23   |     fn save_to_path<P: AsRef<Path>>(&self, path: P) -> Result<()> where Self: Serialize {
     |                                                                   +++++++++++++++++++++

error[E0277]: the trait bound `DrivetrainConfig: std::default::Default` is not satisfied
   --> src\assets\vehicle_loader.rs:133:5
    |
133 |     #[serde(default)]
    |     ^ the trait `std::default::Default` is not implemented for `DrivetrainConfig`
    |
help: consider annotating `DrivetrainConfig` with `#[derive(Default)]`
    |
57  + #[derive(Default)]
58  | pub struct DrivetrainConfig {
    |

error[E0277]: the trait bound `DrivetrainConfig: std::default::Default` is not satisfied
   --> src\assets\vehicle_loader.rs:126:35
    |
126 | #[derive(Debug, Clone, Serialize, Deserialize)]
    |                                   ^^^^^^^^^^^ the trait `std::default::Default` is not implemented for `DrivetrainConfig`
    |
    = note: this error originates in the derive macro `Deserialize` (in Nightly builds, run with -Z macro-backtrace for more info)
help: consider annotating `DrivetrainConfig` with `#[derive(Default)]`
    |
57  + #[derive(Default)]
58  | pub struct DrivetrainConfig {
    |

error[E0560]: struct `VehicleConfig` has no field named `engine_power`
   --> src\assets\vehicle_loader.rs:264:13
    |
264 |             engine_power: def.engine.max_power_kw * 1000.0, // kW -> W
    |             ^^^^^^^^^^^^ unknown field
    |
help: a field with a similar name exists
    |
264 -             engine_power: def.engine.max_power_kw * 1000.0, // kW -> W
264 +             engine_force: def.engine.max_power_kw * 1000.0, // kW -> W
    |

error[E0560]: struct `VehicleConfig` has no field named `max_rpm`
   --> src\assets\vehicle_loader.rs:265:13
    |
265 |             max_rpm: def.engine.max_rpm,
    |             ^^^^^^^ `VehicleConfig` does not have this field
    |
    = note: available fields are: `suspension_rest_length`, `max_suspension_travel`, `engine_force`, `brake_force`, `max_steering_angle` ... and 7 others

error[E0560]: struct `VehicleConfig` has no field named `idle_rpm`
   --> src\assets\vehicle_loader.rs:266:13
    |
266 |             idle_rpm: def.engine.idle_rpm,
    |             ^^^^^^^^ `VehicleConfig` does not have this field
    |
    = note: available fields are: `suspension_rest_length`, `max_suspension_travel`, `engine_force`, `brake_force`, `max_steering_angle` ... and 7 others

error[E0560]: struct `VehicleConfig` has no field named `gear_ratios`
   --> src\assets\vehicle_loader.rs:267:13
    |
267 |             gear_ratios: def.transmission.gear_ratios.clone(),
    |             ^^^^^^^^^^^ `VehicleConfig` does not have this field
    |
    = note: available fields are: `suspension_rest_length`, `max_suspension_travel`, `engine_force`, `brake_force`, `max_steering_angle` ... and 7 others

error[E0560]: struct `VehicleConfig` has no field named `reverse_ratio`
   --> src\assets\vehicle_loader.rs:268:13
    |
268 |             reverse_ratio: def.transmission.reverse_ratio,
    |             ^^^^^^^^^^^^^ `VehicleConfig` does not have this field
    |
    = note: available fields are: `suspension_rest_length`, `max_suspension_travel`, `engine_force`, `brake_force`, `max_steering_angle` ... and 7 others

error[E0560]: struct `VehicleConfig` has no field named `final_drive`
   --> src\assets\vehicle_loader.rs:269:13
    |
269 |             final_drive: def.transmission.final_drive,
    |             ^^^^^^^^^^^ `VehicleConfig` does not have this field
    |
    = note: available fields are: `suspension_rest_length`, `max_suspension_travel`, `engine_force`, `brake_force`, `max_steering_angle` ... and 7 others

error[E0560]: struct `VehicleConfig` has no field named `steer_angle`
   --> src\assets\vehicle_loader.rs:271:13
    |
271 |             steer_angle: def.wheels.iter()
    |             ^^^^^^^^^^^ `VehicleConfig` does not have this field
    |
    = note: available fields are: `suspension_rest_length`, `max_suspension_travel`, `engine_force`, `brake_force`, `max_steering_angle` ... and 7 others

error[E0063]: missing field `loaded_sounds` in initializer of `AudioEngine`
   --> src\audio\engine.rs:109:12
    |
109 |         Ok(Self {
    |            ^^^^ missing `loaded_sounds`

error[E0277]: the trait bound `std::io::BufReader<File>: MediaSource` is not satisfied
   --> src\audio\engine.rs:137:42
    |
137 |         let mss = MediaSourceStream::new(Box::new(buf_reader));
    |                                          ^^^^^^^^^^^^^^^^^^^^ the trait `MediaSource` is not implemented for `std::io::BufReader<File>`
    |
    = help: the following other types implement trait `MediaSource`:
              File
              MediaSourceStream
              ReadOnlySource<R>
              std::io::Cursor<T>
    = note: required for the cast from `Box<std::io::BufReader<File>>` to `Box<(dyn MediaSource + 'static)>`

error[E0061]: this function takes 2 arguments but 1 argument was supplied
   --> src\audio\engine.rs:137:19
    |
137 |         let mss = MediaSourceStream::new(Box::new(buf_reader));
    |                   ^^^^^^^^^^^^^^^^^^^^^^---------------------- argument #2 of type `MediaSourceStreamOptions` is missing
    |
note: associated function defined here
   --> C:\Users\mrkri\.cargo\registry\src\index.crates.io-1949cf8c6b5b557f\symphonia-core-0.5.5\src\io\media_source_stream.rs:76:12
    |
76  |     pub fn new(source: Box<dyn MediaSource>, options: MediaSourceStreamOptions) -> Self {
    |            ^^^
help: provide the argument
    |
137 |         let mss = MediaSourceStream::new(Box::new(buf_reader), /* MediaSourceStreamOptions */);
    |                                                              ++++++++++++++++++++++++++++++++

error[E0599]: no method named `read` found for reference `&Probe` in the current scope
   --> src\audio\engine.rs:146:14
    |
145 |           let format = probe
    |  ______________________-
146 | |             .read(&hint, mss, &format_opts)
    | |             -^^^^ method not found in `&Probe`
    | |_____________|
    |

error[E0061]: this method takes 2 arguments but 1 argument was supplied
   --> src\audio\engine.rs:167:14
    |
167 |             .make(codec_params)
    |              ^^^^-------------- argument #2 of type `&DecoderOptions` is missing
    |
note: method defined here
   --> C:\Users\mrkri\.cargo\registry\src\index.crates.io-1949cf8c6b5b557f\symphonia-core-0.5.5\src\codecs.rs:557:12
    |
557 |     pub fn make(
    |            ^^^^
help: provide the argument
    |
167 |             .make(codec_params, /* &DecoderOptions */)
    |                               +++++++++++++++++++++++

error[E0599]: no method named `unwrap` found for reference `&SignalSpec` in the current scope
   --> src\audio\engine.rs:182:47
    |
182 |                     let spec = decoded.spec().unwrap();
    |                                               ^^^^^^ method not found in `&SignalSpec`

error[E0599]: no method named `buf` found for enum `AudioBufferRef` in the current scope
   --> src\audio\engine.rs:183:39
    |
183 |                     let buf = decoded.buf();
    |                                       ^^^ method not found in `AudioBufferRef<'_>`

error[E0560]: struct `AudioSystem` has no field named `context`
   --> src\audio\audio_module.rs:441:17
    |
441 |                 context: None,
    |                 ^^^^^^^ `AudioSystem` does not have this field
    |
    = note: available fields are: `next_source_id`, `listener`, `environment`, `sound_cache`, `max_sources`, `occlusion_enabled`

error[E0308]: mismatched types
   --> src\audio\audio_module.rs:442:26
    |
442 |                 sources: Vec::new(),
    |                          ^^^^^^^^^^ expected `HashMap<u32, AudioSource>`, found `Vec<_>`
    |
    = note: expected struct `HashMap<u32, audio_module::AudioSource>`
               found struct `Vec<_>`

error[E0560]: struct `AudioSystem` has no field named `listener_position`
   --> src\audio\audio_module.rs:443:17
    |
443 |                 listener_position: nalgebra::Vector3::zeros(),
    |                 ^^^^^^^^^^^^^^^^^ `AudioSystem` does not have this field
    |
    = note: available fields are: `next_source_id`, `listener`, `environment`, `sound_cache`, `max_sources`, `occlusion_enabled`

error[E0560]: struct `AudioSystem` has no field named `listener_velocity`
   --> src\audio\audio_module.rs:444:17
    |
444 |                 listener_velocity: nalgebra::Vector3::zeros(),
    |                 ^^^^^^^^^^^^^^^^^ `AudioSystem` does not have this field
    |
    = note: available fields are: `next_source_id`, `listener`, `environment`, `sound_cache`, `max_sources`, `occlusion_enabled`

error[E0560]: struct `AudioSystem` has no field named `master_volume`
   --> src\audio\audio_module.rs:445:17
    |
445 |                 master_volume: 1.0,
    |                 ^^^^^^^^^^^^^ `AudioSystem` does not have this field
    |
    = note: available fields are: `next_source_id`, `listener`, `environment`, `sound_cache`, `max_sources`, `occlusion_enabled`

error[E0560]: struct `AudioSystem` has no field named `config`
   --> src\audio\audio_module.rs:446:17
    |
446 |                 config: AudioConfig::default(),
    |                 ^^^^^^ `AudioSystem` does not have this field
    |
    = note: available fields are: `next_source_id`, `listener`, `environment`, `sound_cache`, `max_sources`, `occlusion_enabled`

error[E0609]: no field `generation` on type `&mut EntityRecord`
   --> src\ecs\ecs_module.rs:286:24
    |
286 |                 record.generation += 1;
    |                        ^^^^^^^^^^ unknown field
    |
help: one of the expressions' fields has a field of the same name
    |
286 |                 record.entity.generation += 1;
    |                        +++++++

error[E0599]: the method `resize` exists for struct `RwLockWriteGuard<'_, RawRwLock, Vec<EntityRecord>>`, but its trait bounds were not satisfied
   --> src\ecs\ecs_module.rs:306:22
    |
197 | pub struct EntityRecord {
    | ----------------------- doesn't satisfy `EntityRecord: Clone`
...
306 |             entities.resize(entity.index() + 1, record);
    |                      ^^^^^^
    |
    = note: the following trait bounds were not satisfied:
            `EntityRecord: Clone`
help: consider annotating `EntityRecord` with `#[derive(Clone)]`
    |
197 + #[derive(Clone)]
198 | pub struct EntityRecord {
    |

error[E0277]: cannot multiply `Quaternion<f32>` by `nalgebra::Matrix<{float}, Const<3>, Const<1>, ArrayStorage<{float}, 3, 1>>`
  --> src\ecs\component.rs:40:23
   |
40 |         self.rotation * Vector3::new(0.0, 0.0, -1.0)
   |                       ^ no implementation for `Quaternion<f32> * nalgebra::Matrix<{float}, Const<3>, Const<1>, ArrayStorage<{float}, 3, 1>>`
   |
   = help: the trait `Mul<nalgebra::Matrix<{float}, Const<3>, Const<1>, ArrayStorage<{float}, 3, 1>>>` is not implemented for `Quaternion<f32>`
   = help: the following other types implement trait `Mul<Rhs>`:
             `&Quaternion<T>` implements `Mul<Quaternion<T>>`
             `&Quaternion<T>` implements `Mul<T>`
             `&Quaternion<T>` implements `Mul`
             `Quaternion<T>` implements `Mul<&Quaternion<T>>`
             `Quaternion<T>` implements `Mul<T>`
             `Quaternion<T>` implements `Mul`

error[E0277]: cannot multiply `Quaternion<f32>` by `nalgebra::Matrix<{float}, Const<3>, Const<1>, ArrayStorage<{float}, 3, 1>>`
  --> src\ecs\component.rs:45:23
   |
45 |         self.rotation * Vector3::new(1.0, 0.0, 0.0)
   |                       ^ no implementation for `Quaternion<f32> * nalgebra::Matrix<{float}, Const<3>, Const<1>, ArrayStorage<{float}, 3, 1>>`
   |
   = help: the trait `Mul<nalgebra::Matrix<{float}, Const<3>, Const<1>, ArrayStorage<{float}, 3, 1>>>` is not implemented for `Quaternion<f32>`
   = help: the following other types implement trait `Mul<Rhs>`:
             `&Quaternion<T>` implements `Mul<Quaternion<T>>`
             `&Quaternion<T>` implements `Mul<T>`
             `&Quaternion<T>` implements `Mul`
             `Quaternion<T>` implements `Mul<&Quaternion<T>>`
             `Quaternion<T>` implements `Mul<T>`
             `Quaternion<T>` implements `Mul`

error[E0277]: cannot multiply `Quaternion<f32>` by `nalgebra::Matrix<{float}, Const<3>, Const<1>, ArrayStorage<{float}, 3, 1>>`
  --> src\ecs\component.rs:50:23
   |
50 |         self.rotation * Vector3::new(0.0, 1.0, 0.0)
   |                       ^ no implementation for `Quaternion<f32> * nalgebra::Matrix<{float}, Const<3>, Const<1>, ArrayStorage<{float}, 3, 1>>`
   |
   = help: the trait `Mul<nalgebra::Matrix<{float}, Const<3>, Const<1>, ArrayStorage<{float}, 3, 1>>>` is not implemented for `Quaternion<f32>`
   = help: the following other types implement trait `Mul<Rhs>`:
             `&Quaternion<T>` implements `Mul<Quaternion<T>>`
             `&Quaternion<T>` implements `Mul<T>`
             `&Quaternion<T>` implements `Mul`
             `Quaternion<T>` implements `Mul<&Quaternion<T>>`
             `Quaternion<T>` implements `Mul<T>`
             `Quaternion<T>` implements `Mul`

error[E0277]: cannot multiply `Quaternion<f32>` by `nalgebra::Matrix<f32, Const<3>, Const<1>, ArrayStorage<f32, 3, 1>>`
  --> src\ecs\component.rs:55:40
   |
55 |         self.position + (self.rotation * (point.component_mul(&self.scale)))
   |                                        ^ no implementation for `Quaternion<f32> * nalgebra::Matrix<f32, Const<3>, Const<1>, ArrayStorage<f32, 3, 1>>`
   |
   = help: the trait `Mul<nalgebra::Matrix<f32, Const<3>, Const<1>, ArrayStorage<f32, 3, 1>>>` is not implemented for `Quaternion<f32>`
   = help: the following other types implement trait `Mul<Rhs>`:
             `&Quaternion<T>` implements `Mul<Quaternion<T>>`
             `&Quaternion<T>` implements `Mul<T>`
             `&Quaternion<T>` implements `Mul`
             `Quaternion<T>` implements `Mul<&Quaternion<T>>`
             `Quaternion<T>` implements `Mul<T>`
             `Quaternion<T>` implements `Mul`

error[E0277]: cannot multiply `Quaternion<f32>` by `nalgebra::Matrix<f32, Const<3>, Const<1>, ArrayStorage<f32, 3, 1>>`
  --> src\ecs\component.rs:60:23
   |
60 |         self.rotation * direction
   |                       ^ no implementation for `Quaternion<f32> * nalgebra::Matrix<f32, Const<3>, Const<1>, ArrayStorage<f32, 3, 1>>`
   |
   = help: the trait `Mul<nalgebra::Matrix<f32, Const<3>, Const<1>, ArrayStorage<f32, 3, 1>>>` is not implemented for `Quaternion<f32>`
   = help: the following other types implement trait `Mul<Rhs>`:
             `&Quaternion<T>` implements `Mul<Quaternion<T>>`
             `&Quaternion<T>` implements `Mul<T>`
             `&Quaternion<T>` implements `Mul`
             `Quaternion<T>` implements `Mul<&Quaternion<T>>`
             `Quaternion<T>` implements `Mul<T>`
             `Quaternion<T>` implements `Mul`

error[E0277]: `<I as Iterator>::Item` cannot be shared between threads safely
   --> src\ecs\job_system.rs:438:40
    |
438 |             let job = ParallelJob::new(move || f(item));
    |                       ---------------- -------^^^^^^^^
    |                       |                |
    |                       |                `<I as Iterator>::Item` cannot be shared between threads safely
    |                       |                within this `{closure@src\ecs\job_system.rs:438:40: 438:47}`
    |                       required by a bound introduced by this call
    |
    = help: within `{closure@src\ecs\job_system.rs:438:40: 438:47}`, the trait `Sync` is not implemented for `<I as Iterator>::Item`
note: required because it's used within this closure
   --> src\ecs\job_system.rs:438:40
    |
438 |             let job = ParallelJob::new(move || f(item));
    |                                        ^^^^^^^
note: required by a bound in `ParallelJob::<F>::new`
   --> src\ecs\job_system.rs:466:22
    |
466 |     F: Fn() + Send + Sync,
    |                      ^^^^ required by this bound in `ParallelJob::<F>::new`
467 | {
468 |     pub fn new(func: F) -> Self {
    |            --- required by a bound in this associated function
help: consider further restricting the associated type
    |
431 |         F: Fn(I::Item) + Send + Sync + 'static, <I as Iterator>::Item: Sync
    |                                                 +++++++++++++++++++++++++++

error[E0599]: no method named `source` found for reference `&EngineError` in the current scope
   --> src\error.rs:182:28
    |
182 |     let mut source = error.source();
    |                            ^^^^^^ method not found in `&EngineError`
    |
    = help: items from traits can only be used if the trait is in scope
help: trait `Error` which provides `source` is implemented but not in scope; perhaps you want to import it
    |
4   + use std::error::Error;
    |

error[E0599]: no method named `enable` found for struct `Rc<glow::Context>` in the current scope
  --> src\graphics\renderer.rs:81:16
   |
81 |             gl.enable(glow::DEPTH_TEST);
   |                ^^^^^^
   |
   = help: items from traits can only be used if the trait is in scope
help: trait `HasContext` which provides `enable` is implemented but not in scope; perhaps you want to import it
   |
1  + use glow::HasContext;
   |
help: there is a method `is_enabled` with a similar name
   |
81 -             gl.enable(glow::DEPTH_TEST);
81 +             gl.is_enabled(glow::DEPTH_TEST);
   |

error[E0599]: no method named `depth_func` found for struct `Rc<glow::Context>` in the current scope
  --> src\graphics\renderer.rs:82:16
   |
82 |             gl.depth_func(glow::LESS);
   |                ^^^^^^^^^^ method not found in `Rc<Context>`
   |
   = help: items from traits can only be used if the trait is in scope
help: trait `HasContext` which provides `depth_func` is implemented but not in scope; perhaps you want to import it
   |
1  + use glow::HasContext;
   |

error[E0599]: no method named `enable` found for struct `Rc<glow::Context>` in the current scope
  --> src\graphics\renderer.rs:83:16
   |
83 |             gl.enable(glow::CULL_FACE);
   |                ^^^^^^
   |
   = help: items from traits can only be used if the trait is in scope
help: trait `HasContext` which provides `enable` is implemented but not in scope; perhaps you want to import it
   |
1  + use glow::HasContext;
   |
help: there is a method `is_enabled` with a similar name
   |
83 -             gl.enable(glow::CULL_FACE);
83 +             gl.is_enabled(glow::CULL_FACE);
   |

error[E0599]: no method named `cull_face` found for struct `Rc<glow::Context>` in the current scope
  --> src\graphics\renderer.rs:84:16
   |
84 |             gl.cull_face(glow::BACK);
   |                ^^^^^^^^^ method not found in `Rc<Context>`
   |
   = help: items from traits can only be used if the trait is in scope
help: trait `HasContext` which provides `cull_face` is implemented but not in scope; perhaps you want to import it
   |
1  + use glow::HasContext;
   |

error[E0599]: no method named `create_vertex_array` found for struct `Rc<glow::Context>` in the current scope
   --> src\graphics\renderer.rs:119:26
    |
119 |             let vao = gl.create_vertex_array().ok();
    |                          ^^^^^^^^^^^^^^^^^^^
    |
    = help: items from traits can only be used if the trait is in scope
help: there is a method `delete_vertex_array` with a similar name, but with different arguments
   --> C:\Users\mrkri\.cargo\registry\src\index.crates.io-1949cf8c6b5b557f\glow-0.13.1\src\lib.rs:231:5
    |
231 |     unsafe fn delete_vertex_array(&self, vertex_array: Self::VertexArray);
    |     ^^^^^^^^^^^^^^^^^^^^^^^^^^^^^^^^^^^^^^^^^^^^^^^^^^^^^^^^^^^^^^^^^^^^^^
help: trait `HasContext` which provides `create_vertex_array` is implemented but not in scope; perhaps you want to import it
    |
1   + use glow::HasContext;
    |

error[E0599]: no method named `create_buffer` found for struct `Rc<glow::Context>` in the current scope
   --> src\graphics\renderer.rs:120:26
    |
120 |             let vbo = gl.create_buffer().ok();
    |                          ^^^^^^^^^^^^^
    |
    = help: items from traits can only be used if the trait is in scope
help: trait `HasContext` which provides `create_buffer` is implemented but not in scope; perhaps you want to import it
    |
1   + use glow::HasContext;
    |
help: there is a method `create_framebuffer` with a similar name
    |
120 |             let vbo = gl.create_framebuffer().ok();
    |                                 +++++

error[E0599]: no method named `bind_vertex_array` found for struct `Rc<glow::Context>` in the current scope
   --> src\graphics\renderer.rs:122:20
    |
122 |                 gl.bind_vertex_array(Some(v));
    |                    ^^^^^^^^^^^^^^^^^
    |
    = help: items from traits can only be used if the trait is in scope
help: there is a method `create_vertex_array` with a similar name, but with different arguments
   --> C:\Users\mrkri\.cargo\registry\src\index.crates.io-1949cf8c6b5b557f\glow-0.13.1\src\lib.rs:229:5
    |
229 |     unsafe fn create_vertex_array(&self) -> Result<Self::VertexArray, String>;
    |     ^^^^^^^^^^^^^^^^^^^^^^^^^^^^^^^^^^^^^^^^^^^^^^^^^^^^^^^^^^^^^^^^^^^^^^^^^^
help: trait `HasContext` which provides `bind_vertex_array` is implemented but not in scope; perhaps you want to import it
    |
1   + use glow::HasContext;
    |

error[E0599]: no method named `bind_buffer` found for struct `Rc<glow::Context>` in the current scope
   --> src\graphics\renderer.rs:133:24
    |
133 |                     gl.bind_buffer(glow::ARRAY_BUFFER, Some(b));
    |                        ^^^^^^^^^^^
    |
    = help: items from traits can only be used if the trait is in scope
help: there is a method `bind_buffer_base` with a similar name, but with different arguments
   --> C:\Users\mrkri\.cargo\registry\src\index.crates.io-1949cf8c6b5b557f\glow-0.13.1\src\lib.rs:192:5
    |
192 |     unsafe fn bind_buffer_base(&self, target: u32, index: u32, buffer: Option<Self::Buffer>);
    |     ^^^^^^^^^^^^^^^^^^^^^^^^^^^^^^^^^^^^^^^^^^^^^^^^^^^^^^^^^^^^^^^^^^^^^^^^^^^^^^^^^^^^^^^^^
help: trait `HasContext` which provides `bind_buffer` is implemented but not in scope; perhaps you want to import it
    |
1   + use glow::HasContext;
    |

error[E0599]: no method named `buffer_data_u8_slice` found for struct `Rc<glow::Context>` in the current scope
   --> src\graphics\renderer.rs:134:24
    |
134 |                     gl.buffer_data_u8_slice(glow::ARRAY_BUFFER, bytemuck::cast_slice(&verts), glow::STATIC_DRAW);
    |                        ^^^^^^^^^^^^^^^^^^^^
    |
    = help: items from traits can only be used if the trait is in scope
help: trait `HasContext` which provides `buffer_data_u8_slice` is implemented but not in scope; perhaps you want to import it
    |
1   + use glow::HasContext;
    |
help: there is a method `buffer_sub_data_u8_slice` with a similar name
    |
134 |                     gl.buffer_sub_data_u8_slice(glow::ARRAY_BUFFER, bytemuck::cast_slice(&verts), glow::STATIC_DRAW);
    |                               ++++

error[E0599]: no method named `enable_vertex_attrib_array` found for struct `Rc<glow::Context>` in the current scope
   --> src\graphics\renderer.rs:135:24
    |
135 |                     gl.enable_vertex_attrib_array(0);
    |                        ^^^^^^^^^^^^^^^^^^^^^^^^^^
    |
    = help: items from traits can only be used if the trait is in scope
help: trait `HasContext` which provides `enable_vertex_attrib_array` is implemented but not in scope; perhaps you want to import it
    |
1   + use glow::HasContext;
    |
help: there is a method `disable_vertex_attrib_array` with a similar name
    |
135 -                     gl.enable_vertex_attrib_array(0);
135 +                     gl.disable_vertex_attrib_array(0);
    |

error[E0599]: no method named `vertex_attrib_pointer_f32` found for struct `Rc<glow::Context>` in the current scope
    --> src\graphics\renderer.rs:136:24
     |
136  |                     gl.vertex_attrib_pointer_f32(0, 2, glow::FLOAT, false, 20, 0);
     |                        ^^^^^^^^^^^^^^^^^^^^^^^^^
     |
     = help: items from traits can only be used if the trait is in scope
help: there is a method `vertex_attrib_pointer_i32` with a similar name, but with different arguments
    --> C:\Users\mrkri\.cargo\registry\src\index.crates.io-1949cf8c6b5b557f\glow-0.13.1\src\lib.rs:1068:5
     |
1068 | /     unsafe fn vertex_attrib_pointer_i32(
1069 | |         &self,
1070 | |         index: u32,
1071 | |         size: i32,
...    |
1074 | |         offset: i32,
1075 | |     );
     | |______^
help: trait `HasContext` which provides `vertex_attrib_pointer_f32` is implemented but not in scope; perhaps you want to import it
     |
1    + use glow::HasContext;
     |

error[E0599]: no method named `enable_vertex_attrib_array` found for struct `Rc<glow::Context>` in the current scope
   --> src\graphics\renderer.rs:137:24
    |
137 |                     gl.enable_vertex_attrib_array(1);
    |                        ^^^^^^^^^^^^^^^^^^^^^^^^^^
    |
    = help: items from traits can only be used if the trait is in scope
help: trait `HasContext` which provides `enable_vertex_attrib_array` is implemented but not in scope; perhaps you want to import it
    |
1   + use glow::HasContext;
    |
help: there is a method `disable_vertex_attrib_array` with a similar name
    |
137 -                     gl.enable_vertex_attrib_array(1);
137 +                     gl.disable_vertex_attrib_array(1);
    |

error[E0599]: no method named `vertex_attrib_pointer_f32` found for struct `Rc<glow::Context>` in the current scope
    --> src\graphics\renderer.rs:138:24
     |
138  |                     gl.vertex_attrib_pointer_f32(1, 3, glow::FLOAT, false, 20, 8);
     |                        ^^^^^^^^^^^^^^^^^^^^^^^^^
     |
     = help: items from traits can only be used if the trait is in scope
help: there is a method `vertex_attrib_pointer_i32` with a similar name, but with different arguments
    --> C:\Users\mrkri\.cargo\registry\src\index.crates.io-1949cf8c6b5b557f\glow-0.13.1\src\lib.rs:1068:5
     |
1068 | /     unsafe fn vertex_attrib_pointer_i32(
1069 | |         &self,
1070 | |         index: u32,
1071 | |         size: i32,
...    |
1074 | |         offset: i32,
1075 | |     );
     | |______^
help: trait `HasContext` which provides `vertex_attrib_pointer_f32` is implemented but not in scope; perhaps you want to import it
     |
1    + use glow::HasContext;
     |

error[E0599]: no method named `create_vertex_array` found for struct `Rc<glow::Context>` in the current scope
   --> src\graphics\renderer.rs:149:26
    |
149 |             let vao = gl.create_vertex_array();
    |                          ^^^^^^^^^^^^^^^^^^^
    |
    = help: items from traits can only be used if the trait is in scope
help: there is a method `delete_vertex_array` with a similar name, but with different arguments
   --> C:\Users\mrkri\.cargo\registry\src\index.crates.io-1949cf8c6b5b557f\glow-0.13.1\src\lib.rs:231:5
    |
231 |     unsafe fn delete_vertex_array(&self, vertex_array: Self::VertexArray);
    |     ^^^^^^^^^^^^^^^^^^^^^^^^^^^^^^^^^^^^^^^^^^^^^^^^^^^^^^^^^^^^^^^^^^^^^^
help: trait `HasContext` which provides `create_vertex_array` is implemented but not in scope; perhaps you want to import it
    |
1   + use glow::HasContext;
    |

error[E0599]: no method named `create_buffer` found for struct `Rc<glow::Context>` in the current scope
   --> src\graphics\renderer.rs:150:26
    |
150 |             let vbo = gl.create_buffer();
    |                          ^^^^^^^^^^^^^
    |
    = help: items from traits can only be used if the trait is in scope
help: trait `HasContext` which provides `create_buffer` is implemented but not in scope; perhaps you want to import it
    |
1   + use glow::HasContext;
    |
help: there is a method `create_framebuffer` with a similar name
    |
150 |             let vbo = gl.create_framebuffer();
    |                                 +++++

error[E0599]: no method named `bind_vertex_array` found for struct `Rc<glow::Context>` in the current scope
   --> src\graphics\renderer.rs:152:20
    |
152 |                 gl.bind_vertex_array(Some(vao));
    |                    ^^^^^^^^^^^^^^^^^
    |
    = help: items from traits can only be used if the trait is in scope
help: there is a method `create_vertex_array` with a similar name, but with different arguments
   --> C:\Users\mrkri\.cargo\registry\src\index.crates.io-1949cf8c6b5b557f\glow-0.13.1\src\lib.rs:229:5
    |
229 |     unsafe fn create_vertex_array(&self) -> Result<Self::VertexArray, String>;
    |     ^^^^^^^^^^^^^^^^^^^^^^^^^^^^^^^^^^^^^^^^^^^^^^^^^^^^^^^^^^^^^^^^^^^^^^^^^^
help: trait `HasContext` which provides `bind_vertex_array` is implemented but not in scope; perhaps you want to import it
    |
1   + use glow::HasContext;
    |

error[E0599]: no method named `bind_buffer` found for struct `Rc<glow::Context>` in the current scope
   --> src\graphics\renderer.rs:155:20
    |
155 |                 gl.bind_buffer(glow::ARRAY_BUFFER, Some(vbo));
    |                    ^^^^^^^^^^^
    |
    = help: items from traits can only be used if the trait is in scope
help: there is a method `bind_buffer_base` with a similar name, but with different arguments
   --> C:\Users\mrkri\.cargo\registry\src\index.crates.io-1949cf8c6b5b557f\glow-0.13.1\src\lib.rs:192:5
    |
192 |     unsafe fn bind_buffer_base(&self, target: u32, index: u32, buffer: Option<Self::Buffer>);
    |     ^^^^^^^^^^^^^^^^^^^^^^^^^^^^^^^^^^^^^^^^^^^^^^^^^^^^^^^^^^^^^^^^^^^^^^^^^^^^^^^^^^^^^^^^^
help: trait `HasContext` which provides `bind_buffer` is implemented but not in scope; perhaps you want to import it
    |
1   + use glow::HasContext;
    |

error[E0599]: no method named `buffer_data_u8_slice` found for struct `Rc<glow::Context>` in the current scope
   --> src\graphics\renderer.rs:157:20
    |
157 |                 gl.buffer_data_u8_slice(glow::ARRAY_BUFFER, &[], glow::DYNAMIC_DRAW);
    |                    ^^^^^^^^^^^^^^^^^^^^
    |
    = help: items from traits can only be used if the trait is in scope
help: trait `HasContext` which provides `buffer_data_u8_slice` is implemented but not in scope; perhaps you want to import it
    |
1   + use glow::HasContext;
    |
help: there is a method `buffer_sub_data_u8_slice` with a similar name
    |
157 |                 gl.buffer_sub_data_u8_slice(glow::ARRAY_BUFFER, &[], glow::DYNAMIC_DRAW);
    |                           ++++

error[E0599]: no method named `enable_vertex_attrib_array` found for struct `Rc<glow::Context>` in the current scope
   --> src\graphics\renderer.rs:158:20
    |
158 |                 gl.enable_vertex_attrib_array(0); // position: vec2
    |                    ^^^^^^^^^^^^^^^^^^^^^^^^^^
    |
    = help: items from traits can only be used if the trait is in scope
help: trait `HasContext` which provides `enable_vertex_attrib_array` is implemented but not in scope; perhaps you want to import it
    |
1   + use glow::HasContext;
    |
help: there is a method `disable_vertex_attrib_array` with a similar name
    |
158 -                 gl.enable_vertex_attrib_array(0); // position: vec2
158 +                 gl.disable_vertex_attrib_array(0); // position: vec2
    |

error[E0599]: no method named `vertex_attrib_pointer_f32` found for struct `Rc<glow::Context>` in the current scope
    --> src\graphics\renderer.rs:159:20
     |
159  |                 gl.vertex_attrib_pointer_f32(0, 2, glow::FLOAT, false, 24, 0);
     |                    ^^^^^^^^^^^^^^^^^^^^^^^^^
     |
     = help: items from traits can only be used if the trait is in scope
help: there is a method `vertex_attrib_pointer_i32` with a similar name, but with different arguments
    --> C:\Users\mrkri\.cargo\registry\src\index.crates.io-1949cf8c6b5b557f\glow-0.13.1\src\lib.rs:1068:5
     |
1068 | /     unsafe fn vertex_attrib_pointer_i32(
1069 | |         &self,
1070 | |         index: u32,
1071 | |         size: i32,
...    |
1074 | |         offset: i32,
1075 | |     );
     | |______^
help: trait `HasContext` which provides `vertex_attrib_pointer_f32` is implemented but not in scope; perhaps you want to import it
     |
1    + use glow::HasContext;
     |

error[E0599]: no method named `enable_vertex_attrib_array` found for struct `Rc<glow::Context>` in the current scope
   --> src\graphics\renderer.rs:160:20
    |
160 |                 gl.enable_vertex_attrib_array(1); // color: vec4
    |                    ^^^^^^^^^^^^^^^^^^^^^^^^^^
    |
    = help: items from traits can only be used if the trait is in scope
help: trait `HasContext` which provides `enable_vertex_attrib_array` is implemented but not in scope; perhaps you want to import it
    |
1   + use glow::HasContext;
    |
help: there is a method `disable_vertex_attrib_array` with a similar name
    |
160 -                 gl.enable_vertex_attrib_array(1); // color: vec4
160 +                 gl.disable_vertex_attrib_array(1); // color: vec4
    |

error[E0599]: no method named `vertex_attrib_pointer_f32` found for struct `Rc<glow::Context>` in the current scope
    --> src\graphics\renderer.rs:161:20
     |
161  |                 gl.vertex_attrib_pointer_f32(1, 4, glow::FLOAT, false, 24, 8);
     |                    ^^^^^^^^^^^^^^^^^^^^^^^^^
     |
     = help: items from traits can only be used if the trait is in scope
help: there is a method `vertex_attrib_pointer_i32` with a similar name, but with different arguments
    --> C:\Users\mrkri\.cargo\registry\src\index.crates.io-1949cf8c6b5b557f\glow-0.13.1\src\lib.rs:1068:5
     |
1068 | /     unsafe fn vertex_attrib_pointer_i32(
1069 | |         &self,
1070 | |         index: u32,
1071 | |         size: i32,
...    |
1074 | |         offset: i32,
1075 | |     );
     | |______^
help: trait `HasContext` which provides `vertex_attrib_pointer_f32` is implemented but not in scope; perhaps you want to import it
     |
1    + use glow::HasContext;
     |

error[E0599]: no method named `enable_vertex_attrib_array` found for struct `Rc<glow::Context>` in the current scope
   --> src\graphics\renderer.rs:162:20
    |
162 |                 gl.enable_vertex_attrib_array(2); // uv: vec2
    |                    ^^^^^^^^^^^^^^^^^^^^^^^^^^
    |
    = help: items from traits can only be used if the trait is in scope
help: trait `HasContext` which provides `enable_vertex_attrib_array` is implemented but not in scope; perhaps you want to import it
    |
1   + use glow::HasContext;
    |
help: there is a method `disable_vertex_attrib_array` with a similar name
    |
162 -                 gl.enable_vertex_attrib_array(2); // uv: vec2
162 +                 gl.disable_vertex_attrib_array(2); // uv: vec2
    |

error[E0599]: no method named `vertex_attrib_pointer_f32` found for struct `Rc<glow::Context>` in the current scope
    --> src\graphics\renderer.rs:163:20
     |
163  |                 gl.vertex_attrib_pointer_f32(2, 2, glow::FLOAT, false, 24, 16);
     |                    ^^^^^^^^^^^^^^^^^^^^^^^^^
     |
     = help: items from traits can only be used if the trait is in scope
help: there is a method `vertex_attrib_pointer_i32` with a similar name, but with different arguments
    --> C:\Users\mrkri\.cargo\registry\src\index.crates.io-1949cf8c6b5b557f\glow-0.13.1\src\lib.rs:1068:5
     |
1068 | /     unsafe fn vertex_attrib_pointer_i32(
1069 | |         &self,
1070 | |         index: u32,
1071 | |         size: i32,
...    |
1074 | |         offset: i32,
1075 | |     );
     | |______^
help: trait `HasContext` which provides `vertex_attrib_pointer_f32` is implemented but not in scope; perhaps you want to import it
     |
1    + use glow::HasContext;
     |

error[E0599]: no method named `bind_vertex_array` found for struct `Rc<glow::Context>` in the current scope
   --> src\graphics\renderer.rs:165:16
    |
165 |             gl.bind_vertex_array(None);
    |                ^^^^^^^^^^^^^^^^^
    |
    = help: items from traits can only be used if the trait is in scope
help: there is a method `create_vertex_array` with a similar name, but with different arguments
   --> C:\Users\mrkri\.cargo\registry\src\index.crates.io-1949cf8c6b5b557f\glow-0.13.1\src\lib.rs:229:5
    |
229 |     unsafe fn create_vertex_array(&self) -> Result<Self::VertexArray, String>;
    |     ^^^^^^^^^^^^^^^^^^^^^^^^^^^^^^^^^^^^^^^^^^^^^^^^^^^^^^^^^^^^^^^^^^^^^^^^^^
help: trait `HasContext` which provides `bind_vertex_array` is implemented but not in scope; perhaps you want to import it
    |
1   + use glow::HasContext;
    |

error[E0599]: no method named `bind_buffer` found for struct `Rc<glow::Context>` in the current scope
   --> src\graphics\renderer.rs:166:16
    |
166 |             gl.bind_buffer(glow::ARRAY_BUFFER, None);
    |                ^^^^^^^^^^^
    |
    = help: items from traits can only be used if the trait is in scope
help: there is a method `bind_buffer_base` with a similar name, but with different arguments
   --> C:\Users\mrkri\.cargo\registry\src\index.crates.io-1949cf8c6b5b557f\glow-0.13.1\src\lib.rs:192:5
    |
192 |     unsafe fn bind_buffer_base(&self, target: u32, index: u32, buffer: Option<Self::Buffer>);
    |     ^^^^^^^^^^^^^^^^^^^^^^^^^^^^^^^^^^^^^^^^^^^^^^^^^^^^^^^^^^^^^^^^^^^^^^^^^^^^^^^^^^^^^^^^^
help: trait `HasContext` which provides `bind_buffer` is implemented but not in scope; perhaps you want to import it
    |
1   + use glow::HasContext;
    |

error[E0599]: no function or associated item named `from_rgba8` found for struct `graphics::texture::Texture` in the current scope
   --> src\graphics\renderer.rs:264:32
    |
264 |         let texture = Texture::from_rgba8(gl, 128, 128, &pixels).unwrap_or_else(|_| {
    |                                ^^^^^^^^^^ function or associated item not found in `Texture`
    |
   ::: src\graphics\texture.rs:4:1
    |
4   | pub struct Texture {
    | ------------------ function or associated item `from_rgba8` not found for this struct
    |
note: if you're trying to build a new `graphics::texture::Texture`, consider using `graphics::texture::Texture::new` which returns `std::result::Result<graphics::texture::Texture, Box<(dyn StdError + 'static)>>`
   --> src\graphics\texture.rs:10:5
    |
10  |     pub fn new(gl: &Context, data: &[u8], width: u32, height: u32) -> Result<Self, Box<dyn std::error::Error>> {
    |     ^^^^^^^^^^^^^^^^^^^^^^^^^^^^^^^^^^^^^^^^^^^^^^^^^^^^^^^^^^^^^^^^^^^^^^^^^^^^^^^^^^^^^^^^^^^^^^^^^^^^^^^^^^

error[E0599]: no function or associated item named `from_rgba8` found for struct `graphics::texture::Texture` in the current scope
   --> src\graphics\renderer.rs:266:22
    |
266 |             Texture::from_rgba8(gl, 1, 1, &[255, 255, 255, 255]).unwrap()
    |                      ^^^^^^^^^^ function or associated item not found in `Texture`
    |
   ::: src\graphics\texture.rs:4:1
    |
4   | pub struct Texture {
    | ------------------ function or associated item `from_rgba8` not found for this struct
    |
note: if you're trying to build a new `graphics::texture::Texture`, consider using `graphics::texture::Texture::new` which returns `std::result::Result<graphics::texture::Texture, Box<(dyn StdError + 'static)>>`
   --> src\graphics\texture.rs:10:5
    |
10  |     pub fn new(gl: &Context, data: &[u8], width: u32, height: u32) -> Result<Self, Box<dyn std::error::Error>> {
    |     ^^^^^^^^^^^^^^^^^^^^^^^^^^^^^^^^^^^^^^^^^^^^^^^^^^^^^^^^^^^^^^^^^^^^^^^^^^^^^^^^^^^^^^^^^^^^^^^^^^^^^^^^^^

error[E0599]: no method named `bind_vertex_array` found for struct `Rc<glow::Context>` in the current scope
   --> src\graphics\renderer.rs:299:25
    |
299 |                 self.gl.bind_vertex_array(Some(vao));
    |                         ^^^^^^^^^^^^^^^^^
    |
    = help: items from traits can only be used if the trait is in scope
help: there is a method `create_vertex_array` with a similar name, but with different arguments
   --> C:\Users\mrkri\.cargo\registry\src\index.crates.io-1949cf8c6b5b557f\glow-0.13.1\src\lib.rs:229:5
    |
229 |     unsafe fn create_vertex_array(&self) -> Result<Self::VertexArray, String>;
    |     ^^^^^^^^^^^^^^^^^^^^^^^^^^^^^^^^^^^^^^^^^^^^^^^^^^^^^^^^^^^^^^^^^^^^^^^^^^
help: trait `HasContext` which provides `bind_vertex_array` is implemented but not in scope; perhaps you want to import it
    |
1   + use glow::HasContext;
    |

error[E0599]: no method named `buffer_sub_data_u8_slice` found for struct `Rc<glow::Context>` in the current scope
   --> src\graphics\renderer.rs:311:29
    |
311 |                     self.gl.buffer_sub_data_u8_slice(glow::ARRAY_BUFFER, 0, bytemuck::cast_slice(&verts));
    |                             ^^^^^^^^^^^^^^^^^^^^^^^^
    |
    = help: items from traits can only be used if the trait is in scope
help: trait `HasContext` which provides `buffer_sub_data_u8_slice` is implemented but not in scope; perhaps you want to import it
    |
1   + use glow::HasContext;
    |
help: there is a method `buffer_data_u8_slice` with a similar name
    |
311 -                     self.gl.buffer_sub_data_u8_slice(glow::ARRAY_BUFFER, 0, bytemuck::cast_slice(&verts));
311 +                     self.gl.buffer_data_u8_slice(glow::ARRAY_BUFFER, 0, bytemuck::cast_slice(&verts));
    |

error[E0599]: no method named `clear_color` found for struct `Rc<glow::Context>` in the current scope
   --> src\graphics\renderer.rs:386:21
    |
386 |             self.gl.clear_color(
    |             --------^^^^^^^^^^^
    |
    = help: items from traits can only be used if the trait is in scope
help: trait `HasContext` which provides `clear_color` is implemented but not in scope; perhaps you want to import it
    |
1   + use glow::HasContext;
    |
help: there is a method `blend_color` with a similar name
    |
386 -             self.gl.clear_color(
386 +             self.gl.blend_color(
    |

error[E0599]: no method named `clear` found for struct `Rc<glow::Context>` in the current scope
   --> src\graphics\renderer.rs:392:21
    |
392 |             self.gl.clear(glow::COLOR_BUFFER_BIT | glow::DEPTH_BUFFER_BIT);
    |                     ^^^^^ method not found in `Rc<Context>`
    |
    = help: items from traits can only be used if the trait is in scope
help: trait `HasContext` which provides `clear` is implemented but not in scope; perhaps you want to import it
    |
1   + use glow::HasContext;
    |

error[E0599]: no method named `disable` found for struct `Rc<glow::Context>` in the current scope
   --> src\graphics\renderer.rs:427:21
    |
427 |             self.gl.disable(glow::DEPTH_TEST);
    |                     ^^^^^^^ method not found in `Rc<Context>`
    |
    = help: items from traits can only be used if the trait is in scope
help: trait `HasContext` which provides `disable` is implemented but not in scope; perhaps you want to import it
    |
1   + use glow::HasContext;
    |

error[E0599]: no method named `clear_color` found for struct `Rc<glow::Context>` in the current scope
   --> src\graphics\renderer.rs:428:21
    |
428 |             self.gl.clear_color(0.05, 0.05, 0.1, 1.0);
    |                     ^^^^^^^^^^^
    |
    = help: items from traits can only be used if the trait is in scope
help: trait `HasContext` which provides `clear_color` is implemented but not in scope; perhaps you want to import it
    |
1   + use glow::HasContext;
    |
help: there is a method `blend_color` with a similar name
    |
428 -             self.gl.clear_color(0.05, 0.05, 0.1, 1.0);
428 +             self.gl.blend_color(0.05, 0.05, 0.1, 1.0);
    |

error[E0599]: no method named `clear` found for struct `Rc<glow::Context>` in the current scope
   --> src\graphics\renderer.rs:429:21
    |
429 |             self.gl.clear(glow::COLOR_BUFFER_BIT);
    |                     ^^^^^ method not found in `Rc<Context>`
    |
    = help: items from traits can only be used if the trait is in scope
help: trait `HasContext` which provides `clear` is implemented but not in scope; perhaps you want to import it
    |
1   + use glow::HasContext;
    |

error[E0599]: no method named `enable` found for struct `Rc<glow::Context>` in the current scope
   --> src\graphics\renderer.rs:434:21
    |
434 |             self.gl.enable(glow::DEPTH_TEST);
    |                     ^^^^^^
    |
    = help: items from traits can only be used if the trait is in scope
help: trait `HasContext` which provides `enable` is implemented but not in scope; perhaps you want to import it
    |
1   + use glow::HasContext;
    |
help: there is a method `is_enabled` with a similar name
    |
434 -             self.gl.enable(glow::DEPTH_TEST);
434 +             self.gl.is_enabled(glow::DEPTH_TEST);
    |

error[E0599]: no method named `disable` found for struct `Rc<glow::Context>` in the current scope
   --> src\graphics\renderer.rs:442:21
    |
442 |             self.gl.disable(glow::DEPTH_TEST);
    |                     ^^^^^^^ method not found in `Rc<Context>`
    |
    = help: items from traits can only be used if the trait is in scope
help: trait `HasContext` which provides `disable` is implemented but not in scope; perhaps you want to import it
    |
1   + use glow::HasContext;
    |

error[E0599]: no method named `clear_color` found for struct `Rc<glow::Context>` in the current scope
   --> src\graphics\renderer.rs:443:21
    |
443 |             self.gl.clear_color(0.05, 0.05, 0.1, 1.0);
    |                     ^^^^^^^^^^^
    |
    = help: items from traits can only be used if the trait is in scope
help: trait `HasContext` which provides `clear_color` is implemented but not in scope; perhaps you want to import it
    |
1   + use glow::HasContext;
    |
help: there is a method `blend_color` with a similar name
    |
443 -             self.gl.clear_color(0.05, 0.05, 0.1, 1.0);
443 +             self.gl.blend_color(0.05, 0.05, 0.1, 1.0);
    |

error[E0599]: no method named `clear` found for struct `Rc<glow::Context>` in the current scope
   --> src\graphics\renderer.rs:444:21
    |
444 |             self.gl.clear(glow::COLOR_BUFFER_BIT);
    |                     ^^^^^ method not found in `Rc<Context>`
    |
    = help: items from traits can only be used if the trait is in scope
help: trait `HasContext` which provides `clear` is implemented but not in scope; perhaps you want to import it
    |
1   + use glow::HasContext;
    |

error[E0599]: no method named `enable` found for struct `Rc<glow::Context>` in the current scope
   --> src\graphics\renderer.rs:462:21
    |
462 |             self.gl.enable(glow::DEPTH_TEST);
    |                     ^^^^^^
    |
    = help: items from traits can only be used if the trait is in scope
help: trait `HasContext` which provides `enable` is implemented but not in scope; perhaps you want to import it
    |
1   + use glow::HasContext;
    |
help: there is a method `is_enabled` with a similar name
    |
462 -             self.gl.enable(glow::DEPTH_TEST);
462 +             self.gl.is_enabled(glow::DEPTH_TEST);
    |

error[E0599]: no method named `disable` found for struct `Rc<glow::Context>` in the current scope
   --> src\graphics\renderer.rs:469:21
    |
469 |             self.gl.disable(glow::DEPTH_TEST);
    |                     ^^^^^^^ method not found in `Rc<Context>`
    |
    = help: items from traits can only be used if the trait is in scope
help: trait `HasContext` which provides `disable` is implemented but not in scope; perhaps you want to import it
    |
1   + use glow::HasContext;
    |

error[E0599]: no method named `clear_color` found for struct `Rc<glow::Context>` in the current scope
   --> src\graphics\renderer.rs:470:21
    |
470 |             self.gl.clear_color(0.05, 0.05, 0.1, 1.0);
    |                     ^^^^^^^^^^^
    |
    = help: items from traits can only be used if the trait is in scope
help: trait `HasContext` which provides `clear_color` is implemented but not in scope; perhaps you want to import it
    |
1   + use glow::HasContext;
    |
help: there is a method `blend_color` with a similar name
    |
470 -             self.gl.clear_color(0.05, 0.05, 0.1, 1.0);
470 +             self.gl.blend_color(0.05, 0.05, 0.1, 1.0);
    |

error[E0599]: no method named `clear` found for struct `Rc<glow::Context>` in the current scope
   --> src\graphics\renderer.rs:471:21
    |
471 |             self.gl.clear(glow::COLOR_BUFFER_BIT);
    |                     ^^^^^ method not found in `Rc<Context>`
    |
    = help: items from traits can only be used if the trait is in scope
help: trait `HasContext` which provides `clear` is implemented but not in scope; perhaps you want to import it
    |
1   + use glow::HasContext;
    |

error[E0599]: no method named `enable` found for struct `Rc<glow::Context>` in the current scope
   --> src\graphics\renderer.rs:476:21
    |
476 |             self.gl.enable(glow::DEPTH_TEST);
    |                     ^^^^^^
    |
    = help: items from traits can only be used if the trait is in scope
help: trait `HasContext` which provides `enable` is implemented but not in scope; perhaps you want to import it
    |
1   + use glow::HasContext;
    |
help: there is a method `is_enabled` with a similar name
    |
476 -             self.gl.enable(glow::DEPTH_TEST);
476 +             self.gl.is_enabled(glow::DEPTH_TEST);
    |

error[E0599]: no method named `get_uniform_location` found for struct `Rc<glow::Context>` in the current scope
   --> src\graphics\renderer.rs:496:49
    |
496 |             if let Some(u_projection) = self.gl.get_uniform_location(self.shader.program, "u_projection") {
    |                                                 ^^^^^^^^^^^^^^^^^^^^
    |
    = help: items from traits can only be used if the trait is in scope
help: there is a method `get_uniform_i32` with a similar name, but with different arguments
   --> C:\Users\mrkri\.cargo\registry\src\index.crates.io-1949cf8c6b5b557f\glow-0.13.1\src\lib.rs:711:5
    |
711 | /     unsafe fn get_uniform_i32(
712 | |         &self,
713 | |         program: Self::Program,
714 | |         location: &Self::UniformLocation,
715 | |         v: &mut [i32],
716 | |     );
    | |______^
help: trait `HasContext` which provides `get_uniform_location` is implemented but not in scope; perhaps you want to import it
    |
1   + use glow::HasContext;
    |

error[E0616]: field `program` of struct `Shader` is private
   --> src\graphics\renderer.rs:496:82
    |
496 |             if let Some(u_projection) = self.gl.get_uniform_location(self.shader.program, "u_projection") {
    |                                                                                  ^^^^^^^ private field

error[E0599]: no method named `uniform_matrix_4_f32_slice` found for struct `Rc<glow::Context>` in the current scope
   --> src\graphics\renderer.rs:497:25
    |
497 |                 self.gl.uniform_matrix_4_f32_slice(Some(&u_projection), false, projection.as_slice());
    |                         ^^^^^^^^^^^^^^^^^^^^^^^^^^
    |
    = help: items from traits can only be used if the trait is in scope
help: trait `HasContext` which provides `uniform_matrix_4_f32_slice` is implemented but not in scope; perhaps you want to import it
    |
1   + use glow::HasContext;
    |
help: there is a method `uniform_matrix_2_f32_slice` with a similar name
    |
497 -                 self.gl.uniform_matrix_4_f32_slice(Some(&u_projection), false, projection.as_slice());
497 +                 self.gl.uniform_matrix_2_f32_slice(Some(&u_projection), false, projection.as_slice());
    |

error[E0599]: no method named `get_uniform_location` found for struct `Rc<glow::Context>` in the current scope
   --> src\graphics\renderer.rs:499:43
    |
499 |             if let Some(u_view) = self.gl.get_uniform_location(self.shader.program, "u_view") {
    |                                           ^^^^^^^^^^^^^^^^^^^^
    |
    = help: items from traits can only be used if the trait is in scope
help: there is a method `get_uniform_i32` with a similar name, but with different arguments
   --> C:\Users\mrkri\.cargo\registry\src\index.crates.io-1949cf8c6b5b557f\glow-0.13.1\src\lib.rs:711:5
    |
711 | /     unsafe fn get_uniform_i32(
712 | |         &self,
713 | |         program: Self::Program,
714 | |         location: &Self::UniformLocation,
715 | |         v: &mut [i32],
716 | |     );
    | |______^
help: trait `HasContext` which provides `get_uniform_location` is implemented but not in scope; perhaps you want to import it
    |
1   + use glow::HasContext;
    |

error[E0616]: field `program` of struct `Shader` is private
   --> src\graphics\renderer.rs:499:76
    |
499 |             if let Some(u_view) = self.gl.get_uniform_location(self.shader.program, "u_view") {
    |                                                                            ^^^^^^^ private field

error[E0599]: no method named `uniform_matrix_4_f32_slice` found for struct `Rc<glow::Context>` in the current scope
   --> src\graphics\renderer.rs:500:25
    |
500 |                 self.gl.uniform_matrix_4_f32_slice(Some(&u_view), false, view.as_slice());
    |                         ^^^^^^^^^^^^^^^^^^^^^^^^^^
    |
    = help: items from traits can only be used if the trait is in scope
help: trait `HasContext` which provides `uniform_matrix_4_f32_slice` is implemented but not in scope; perhaps you want to import it
    |
1   + use glow::HasContext;
    |
help: there is a method `uniform_matrix_2_f32_slice` with a similar name
    |
500 -                 self.gl.uniform_matrix_4_f32_slice(Some(&u_view), false, view.as_slice());
500 +                 self.gl.uniform_matrix_2_f32_slice(Some(&u_view), false, view.as_slice());
    |

error[E0599]: no method named `get_uniform_location` found for struct `Rc<glow::Context>` in the current scope
   --> src\graphics\renderer.rs:503:48
    |
503 |             if let Some(u_light_pos) = self.gl.get_uniform_location(self.shader.program, "u_light_pos") {
    |                                                ^^^^^^^^^^^^^^^^^^^^
    |
    = help: items from traits can only be used if the trait is in scope
help: there is a method `get_uniform_i32` with a similar name, but with different arguments
   --> C:\Users\mrkri\.cargo\registry\src\index.crates.io-1949cf8c6b5b557f\glow-0.13.1\src\lib.rs:711:5
    |
711 | /     unsafe fn get_uniform_i32(
712 | |         &self,
713 | |         program: Self::Program,
714 | |         location: &Self::UniformLocation,
715 | |         v: &mut [i32],
716 | |     );
    | |______^
help: trait `HasContext` which provides `get_uniform_location` is implemented but not in scope; perhaps you want to import it
    |
1   + use glow::HasContext;
    |

error[E0616]: field `program` of struct `Shader` is private
   --> src\graphics\renderer.rs:503:81
    |
503 |             if let Some(u_light_pos) = self.gl.get_uniform_location(self.shader.program, "u_light_pos") {
    |                                                                                 ^^^^^^^ private field

error[E0599]: no method named `uniform_3_f32` found for struct `Rc<glow::Context>` in the current scope
   --> src\graphics\renderer.rs:505:25
    |
505 |                 self.gl.uniform_3_f32(Some(&u_light_pos), light_pos.x, light_pos.y, light_pos.z);
    |                         ^^^^^^^^^^^^^
    |
    = help: items from traits can only be used if the trait is in scope
help: there is a method `uniform_1_f32` with a similar name, but with different arguments
   --> C:\Users\mrkri\.cargo\registry\src\index.crates.io-1949cf8c6b5b557f\glow-0.13.1\src\lib.rs:783:5
    |
783 |     unsafe fn uniform_1_f32(&self, location: Option<&Self::UniformLocation>, x: f32);
    |     ^^^^^^^^^^^^^^^^^^^^^^^^^^^^^^^^^^^^^^^^^^^^^^^^^^^^^^^^^^^^^^^^^^^^^^^^^^^^^^^^^
help: trait `HasContext` which provides `uniform_3_f32` is implemented but not in scope; perhaps you want to import it
    |
1   + use glow::HasContext;
    |

error[E0599]: no method named `get_uniform_location` found for struct `Rc<glow::Context>` in the current scope
   --> src\graphics\renderer.rs:507:47
    |
507 |             if let Some(u_view_pos) = self.gl.get_uniform_location(self.shader.program, "u_view_pos") {
    |                                               ^^^^^^^^^^^^^^^^^^^^
    |
    = help: items from traits can only be used if the trait is in scope
help: there is a method `get_uniform_i32` with a similar name, but with different arguments
   --> C:\Users\mrkri\.cargo\registry\src\index.crates.io-1949cf8c6b5b557f\glow-0.13.1\src\lib.rs:711:5
    |
711 | /     unsafe fn get_uniform_i32(
712 | |         &self,
713 | |         program: Self::Program,
714 | |         location: &Self::UniformLocation,
715 | |         v: &mut [i32],
716 | |     );
    | |______^
help: trait `HasContext` which provides `get_uniform_location` is implemented but not in scope; perhaps you want to import it
    |
1   + use glow::HasContext;
    |

error[E0616]: field `program` of struct `Shader` is private
   --> src\graphics\renderer.rs:507:80
    |
507 |             if let Some(u_view_pos) = self.gl.get_uniform_location(self.shader.program, "u_view_pos") {
    |                                                                                ^^^^^^^ private field

error[E0599]: no method named `uniform_3_f32` found for struct `Rc<glow::Context>` in the current scope
   --> src\graphics\renderer.rs:508:25
    |
508 |                 self.gl.uniform_3_f32(Some(&u_view_pos), self.camera.position.x, self.camera.position.y, self.camera.position.z);
    |                         ^^^^^^^^^^^^^
    |
    = help: items from traits can only be used if the trait is in scope
help: there is a method `uniform_1_f32` with a similar name, but with different arguments
   --> C:\Users\mrkri\.cargo\registry\src\index.crates.io-1949cf8c6b5b557f\glow-0.13.1\src\lib.rs:783:5
    |
783 |     unsafe fn uniform_1_f32(&self, location: Option<&Self::UniformLocation>, x: f32);
    |     ^^^^^^^^^^^^^^^^^^^^^^^^^^^^^^^^^^^^^^^^^^^^^^^^^^^^^^^^^^^^^^^^^^^^^^^^^^^^^^^^^
help: trait `HasContext` which provides `uniform_3_f32` is implemented but not in scope; perhaps you want to import it
    |
1   + use glow::HasContext;
    |

error[E0599]: no method named `get_uniform_location` found for struct `Rc<glow::Context>` in the current scope
   --> src\graphics\renderer.rs:511:50
    |
511 |             if let Some(u_light_color) = self.gl.get_uniform_location(self.shader.program, "u_light_color") {
    |                                                  ^^^^^^^^^^^^^^^^^^^^
    |
    = help: items from traits can only be used if the trait is in scope
help: there is a method `get_uniform_i32` with a similar name, but with different arguments
   --> C:\Users\mrkri\.cargo\registry\src\index.crates.io-1949cf8c6b5b557f\glow-0.13.1\src\lib.rs:711:5
    |
711 | /     unsafe fn get_uniform_i32(
712 | |         &self,
713 | |         program: Self::Program,
714 | |         location: &Self::UniformLocation,
715 | |         v: &mut [i32],
716 | |     );
    | |______^
help: trait `HasContext` which provides `get_uniform_location` is implemented but not in scope; perhaps you want to import it
    |
1   + use glow::HasContext;
    |

error[E0616]: field `program` of struct `Shader` is private
   --> src\graphics\renderer.rs:511:83
    |
511 |             if let Some(u_light_color) = self.gl.get_uniform_location(self.shader.program, "u_light_color") {
    |                                                                                   ^^^^^^^ private field

error[E0599]: no method named `uniform_3_f32` found for struct `Rc<glow::Context>` in the current scope
   --> src\graphics\renderer.rs:513:25
    |
513 |                 self.gl.uniform_3_f32(Some(&u_light_color), 
    |                 --------^^^^^^^^^^^^^
    |
    = help: items from traits can only be used if the trait is in scope
help: there is a method `uniform_1_f32` with a similar name, but with different arguments
   --> C:\Users\mrkri\.cargo\registry\src\index.crates.io-1949cf8c6b5b557f\glow-0.13.1\src\lib.rs:783:5
    |
783 |     unsafe fn uniform_1_f32(&self, location: Option<&Self::UniformLocation>, x: f32);
    |     ^^^^^^^^^^^^^^^^^^^^^^^^^^^^^^^^^^^^^^^^^^^^^^^^^^^^^^^^^^^^^^^^^^^^^^^^^^^^^^^^^
help: trait `HasContext` which provides `uniform_3_f32` is implemented but not in scope; perhaps you want to import it
    |
1   + use glow::HasContext;
    |

error[E0599]: no method named `get_uniform_location` found for struct `Rc<glow::Context>` in the current scope
   --> src\graphics\renderer.rs:517:38
    |
517 |             if let Some(u) = self.gl.get_uniform_location(self.shader.program, "u_ambient_intensity") {
    |                                      ^^^^^^^^^^^^^^^^^^^^
    |
    = help: items from traits can only be used if the trait is in scope
help: there is a method `get_uniform_i32` with a similar name, but with different arguments
   --> C:\Users\mrkri\.cargo\registry\src\index.crates.io-1949cf8c6b5b557f\glow-0.13.1\src\lib.rs:711:5
    |
711 | /     unsafe fn get_uniform_i32(
712 | |         &self,
713 | |         program: Self::Program,
714 | |         location: &Self::UniformLocation,
715 | |         v: &mut [i32],
716 | |     );
    | |______^
help: trait `HasContext` which provides `get_uniform_location` is implemented but not in scope; perhaps you want to import it
    |
1   + use glow::HasContext;
    |

error[E0616]: field `program` of struct `Shader` is private
   --> src\graphics\renderer.rs:517:71
    |
517 |             if let Some(u) = self.gl.get_uniform_location(self.shader.program, "u_ambient_intensity") {
    |                                                                       ^^^^^^^ private field

error[E0599]: no method named `uniform_1_f32` found for struct `Rc<glow::Context>` in the current scope
   --> src\graphics\renderer.rs:518:25
    |
518 |                 self.gl.uniform_1_f32(Some(&u), self.ambient_intensity);
    |                         ^^^^^^^^^^^^^
    |
    = help: items from traits can only be used if the trait is in scope
help: trait `HasContext` which provides `uniform_1_f32` is implemented but not in scope; perhaps you want to import it
    |
1   + use glow::HasContext;
    |
help: there is a method `uniform_1_i32` with a similar name
    |
518 -                 self.gl.uniform_1_f32(Some(&u), self.ambient_intensity);
518 +                 self.gl.uniform_1_i32(Some(&u), self.ambient_intensity);
    |

error[E0599]: no method named `get_uniform_location` found for struct `Rc<glow::Context>` in the current scope
   --> src\graphics\renderer.rs:521:38
    |
521 |             if let Some(u) = self.gl.get_uniform_location(self.shader.program, "u_fog_start") {
    |                                      ^^^^^^^^^^^^^^^^^^^^
    |
    = help: items from traits can only be used if the trait is in scope
help: there is a method `get_uniform_i32` with a similar name, but with different arguments
   --> C:\Users\mrkri\.cargo\registry\src\index.crates.io-1949cf8c6b5b557f\glow-0.13.1\src\lib.rs:711:5
    |
711 | /     unsafe fn get_uniform_i32(
712 | |         &self,
713 | |         program: Self::Program,
714 | |         location: &Self::UniformLocation,
715 | |         v: &mut [i32],
716 | |     );
    | |______^
help: trait `HasContext` which provides `get_uniform_location` is implemented but not in scope; perhaps you want to import it
    |
1   + use glow::HasContext;
    |

error[E0616]: field `program` of struct `Shader` is private
   --> src\graphics\renderer.rs:521:71
    |
521 |             if let Some(u) = self.gl.get_uniform_location(self.shader.program, "u_fog_start") {
    |                                                                       ^^^^^^^ private field

error[E0599]: no method named `uniform_1_f32` found for struct `Rc<glow::Context>` in the current scope
   --> src\graphics\renderer.rs:522:25
    |
522 |                 self.gl.uniform_1_f32(Some(&u), 200.0);
    |                         ^^^^^^^^^^^^^
    |
    = help: items from traits can only be used if the trait is in scope
help: trait `HasContext` which provides `uniform_1_f32` is implemented but not in scope; perhaps you want to import it
    |
1   + use glow::HasContext;
    |
help: there is a method `uniform_1_i32` with a similar name
    |
522 -                 self.gl.uniform_1_f32(Some(&u), 200.0);
522 +                 self.gl.uniform_1_i32(Some(&u), 200.0);
    |

error[E0599]: no method named `get_uniform_location` found for struct `Rc<glow::Context>` in the current scope
   --> src\graphics\renderer.rs:524:38
    |
524 |             if let Some(u) = self.gl.get_uniform_location(self.shader.program, "u_fog_end") {
    |                                      ^^^^^^^^^^^^^^^^^^^^
    |
    = help: items from traits can only be used if the trait is in scope
help: there is a method `get_uniform_i32` with a similar name, but with different arguments
   --> C:\Users\mrkri\.cargo\registry\src\index.crates.io-1949cf8c6b5b557f\glow-0.13.1\src\lib.rs:711:5
    |
711 | /     unsafe fn get_uniform_i32(
712 | |         &self,
713 | |         program: Self::Program,
714 | |         location: &Self::UniformLocation,
715 | |         v: &mut [i32],
716 | |     );
    | |______^
help: trait `HasContext` which provides `get_uniform_location` is implemented but not in scope; perhaps you want to import it
    |
1   + use glow::HasContext;
    |

error[E0616]: field `program` of struct `Shader` is private
   --> src\graphics\renderer.rs:524:71
    |
524 |             if let Some(u) = self.gl.get_uniform_location(self.shader.program, "u_fog_end") {
    |                                                                       ^^^^^^^ private field

error[E0599]: no method named `uniform_1_f32` found for struct `Rc<glow::Context>` in the current scope
   --> src\graphics\renderer.rs:525:25
    |
525 |                 self.gl.uniform_1_f32(Some(&u), 500.0);
    |                         ^^^^^^^^^^^^^
    |
    = help: items from traits can only be used if the trait is in scope
help: trait `HasContext` which provides `uniform_1_f32` is implemented but not in scope; perhaps you want to import it
    |
1   + use glow::HasContext;
    |
help: there is a method `uniform_1_i32` with a similar name
    |
525 -                 self.gl.uniform_1_f32(Some(&u), 500.0);
525 +                 self.gl.uniform_1_i32(Some(&u), 500.0);
    |

error[E0599]: no method named `get_uniform_location` found for struct `Rc<glow::Context>` in the current scope
   --> src\graphics\renderer.rs:527:38
    |
527 |             if let Some(u) = self.gl.get_uniform_location(self.shader.program, "u_fog_color") {
    |                                      ^^^^^^^^^^^^^^^^^^^^
    |
    = help: items from traits can only be used if the trait is in scope
help: there is a method `get_uniform_i32` with a similar name, but with different arguments
   --> C:\Users\mrkri\.cargo\registry\src\index.crates.io-1949cf8c6b5b557f\glow-0.13.1\src\lib.rs:711:5
    |
711 | /     unsafe fn get_uniform_i32(
712 | |         &self,
713 | |         program: Self::Program,
714 | |         location: &Self::UniformLocation,
715 | |         v: &mut [i32],
716 | |     );
    | |______^
help: trait `HasContext` which provides `get_uniform_location` is implemented but not in scope; perhaps you want to import it
    |
1   + use glow::HasContext;
    |

error[E0616]: field `program` of struct `Shader` is private
   --> src\graphics\renderer.rs:527:71
    |
527 |             if let Some(u) = self.gl.get_uniform_location(self.shader.program, "u_fog_color") {
    |                                                                       ^^^^^^^ private field

error[E0599]: no method named `uniform_3_f32` found for struct `Rc<glow::Context>` in the current scope
   --> src\graphics\renderer.rs:528:25
    |
528 |                 self.gl.uniform_3_f32(Some(&u), self.sky_color_horizon.x,
    |                 --------^^^^^^^^^^^^^
    |
    = help: items from traits can only be used if the trait is in scope
help: there is a method `uniform_1_f32` with a similar name, but with different arguments
   --> C:\Users\mrkri\.cargo\registry\src\index.crates.io-1949cf8c6b5b557f\glow-0.13.1\src\lib.rs:783:5
    |
783 |     unsafe fn uniform_1_f32(&self, location: Option<&Self::UniformLocation>, x: f32);
    |     ^^^^^^^^^^^^^^^^^^^^^^^^^^^^^^^^^^^^^^^^^^^^^^^^^^^^^^^^^^^^^^^^^^^^^^^^^^^^^^^^^
help: trait `HasContext` which provides `uniform_3_f32` is implemented but not in scope; perhaps you want to import it
    |
1   + use glow::HasContext;
    |

error[E0599]: no method named `get_uniform_location` found for struct `Rc<glow::Context>` in the current scope
   --> src\graphics\renderer.rs:532:38
    |
532 |             if let Some(u) = self.gl.get_uniform_location(self.shader.program, "u_use_solid_color") {
    |                                      ^^^^^^^^^^^^^^^^^^^^
    |
    = help: items from traits can only be used if the trait is in scope
help: there is a method `get_uniform_i32` with a similar name, but with different arguments
   --> C:\Users\mrkri\.cargo\registry\src\index.crates.io-1949cf8c6b5b557f\glow-0.13.1\src\lib.rs:711:5
    |
711 | /     unsafe fn get_uniform_i32(
712 | |         &self,
713 | |         program: Self::Program,
714 | |         location: &Self::UniformLocation,
715 | |         v: &mut [i32],
716 | |     );
    | |______^
help: trait `HasContext` which provides `get_uniform_location` is implemented but not in scope; perhaps you want to import it
    |
1   + use glow::HasContext;
    |

error[E0616]: field `program` of struct `Shader` is private
   --> src\graphics\renderer.rs:532:71
    |
532 |             if let Some(u) = self.gl.get_uniform_location(self.shader.program, "u_use_solid_color") {
    |                                                                       ^^^^^^^ private field

error[E0599]: no method named `uniform_1_i32` found for struct `Rc<glow::Context>` in the current scope
   --> src\graphics\renderer.rs:533:25
    |
533 |                 self.gl.uniform_1_i32(Some(&u), 0);
    |                         ^^^^^^^^^^^^^
    |
    = help: items from traits can only be used if the trait is in scope
help: trait `HasContext` which provides `uniform_1_i32` is implemented but not in scope; perhaps you want to import it
    |
1   + use glow::HasContext;
    |
help: there is a method `uniform_1_f32` with a similar name
    |
533 -                 self.gl.uniform_1_i32(Some(&u), 0);
533 +                 self.gl.uniform_1_f32(Some(&u), 0);
    |

error[E0599]: no method named `get_uniform_location` found for struct `Rc<glow::Context>` in the current scope
   --> src\graphics\renderer.rs:541:48
    |
541 |                 if let Some(u_model) = self.gl.get_uniform_location(self.shader.program, "u_model") {
    |                                                ^^^^^^^^^^^^^^^^^^^^
    |
    = help: items from traits can only be used if the trait is in scope
help: there is a method `get_uniform_i32` with a similar name, but with different arguments
   --> C:\Users\mrkri\.cargo\registry\src\index.crates.io-1949cf8c6b5b557f\glow-0.13.1\src\lib.rs:711:5
    |
711 | /     unsafe fn get_uniform_i32(
712 | |         &self,
713 | |         program: Self::Program,
714 | |         location: &Self::UniformLocation,
715 | |         v: &mut [i32],
716 | |     );
    | |______^
help: trait `HasContext` which provides `get_uniform_location` is implemented but not in scope; perhaps you want to import it
    |
1   + use glow::HasContext;
    |

error[E0616]: field `program` of struct `Shader` is private
   --> src\graphics\renderer.rs:541:81
    |
541 |                 if let Some(u_model) = self.gl.get_uniform_location(self.shader.program, "u_model") {
    |                                                                                 ^^^^^^^ private field

error[E0599]: no method named `uniform_matrix_4_f32_slice` found for struct `Rc<glow::Context>` in the current scope
   --> src\graphics\renderer.rs:543:29
    |
543 |                     self.gl.uniform_matrix_4_f32_slice(Some(&u_model), false, identity.as_slice());
    |                             ^^^^^^^^^^^^^^^^^^^^^^^^^^
    |
    = help: items from traits can only be used if the trait is in scope
help: trait `HasContext` which provides `uniform_matrix_4_f32_slice` is implemented but not in scope; perhaps you want to import it
    |
1   + use glow::HasContext;
    |
help: there is a method `uniform_matrix_2_f32_slice` with a similar name
    |
543 -                     self.gl.uniform_matrix_4_f32_slice(Some(&u_model), false, identity.as_slice());
543 +                     self.gl.uniform_matrix_2_f32_slice(Some(&u_model), false, identity.as_slice());
    |

error[E0599]: no method named `get_uniform_location` found for struct `Rc<glow::Context>` in the current scope
   --> src\graphics\renderer.rs:557:52
    |
557 |                     if let Some(u_model) = self.gl.get_uniform_location(vs.program, "u_model") {
    |                                                    ^^^^^^^^^^^^^^^^^^^^
    |
    = help: items from traits can only be used if the trait is in scope
help: there is a method `get_uniform_i32` with a similar name, but with different arguments
   --> C:\Users\mrkri\.cargo\registry\src\index.crates.io-1949cf8c6b5b557f\glow-0.13.1\src\lib.rs:711:5
    |
711 | /     unsafe fn get_uniform_i32(
712 | |         &self,
713 | |         program: Self::Program,
714 | |         location: &Self::UniformLocation,
715 | |         v: &mut [i32],
716 | |     );
    | |______^
help: trait `HasContext` which provides `get_uniform_location` is implemented but not in scope; perhaps you want to import it
    |
1   + use glow::HasContext;
    |

error[E0616]: field `program` of struct `Shader` is private
   --> src\graphics\renderer.rs:557:76
    |
557 |                     if let Some(u_model) = self.gl.get_uniform_location(vs.program, "u_model") {
    |                                                                            ^^^^^^^ private field

error[E0599]: no method named `uniform_matrix_4_f32_slice` found for struct `Rc<glow::Context>` in the current scope
   --> src\graphics\renderer.rs:558:33
    |
558 |                         self.gl.uniform_matrix_4_f32_slice(Some(&u_model), false, model_matrix.as_slice());
    |                                 ^^^^^^^^^^^^^^^^^^^^^^^^^^
    |
    = help: items from traits can only be used if the trait is in scope
help: trait `HasContext` which provides `uniform_matrix_4_f32_slice` is implemented but not in scope; perhaps you want to import it
    |
1   + use glow::HasContext;
    |
help: there is a method `uniform_matrix_2_f32_slice` with a similar name
    |
558 -                         self.gl.uniform_matrix_4_f32_slice(Some(&u_model), false, model_matrix.as_slice());
558 +                         self.gl.uniform_matrix_2_f32_slice(Some(&u_model), false, model_matrix.as_slice());
    |

error[E0599]: no method named `get_uniform_location` found for struct `Rc<glow::Context>` in the current scope
   --> src\graphics\renderer.rs:560:52
    |
560 |                     if let Some(u_color) = self.gl.get_uniform_location(vs.program, "u_color") {
    |                                                    ^^^^^^^^^^^^^^^^^^^^
    |
    = help: items from traits can only be used if the trait is in scope
help: there is a method `get_uniform_i32` with a similar name, but with different arguments
   --> C:\Users\mrkri\.cargo\registry\src\index.crates.io-1949cf8c6b5b557f\glow-0.13.1\src\lib.rs:711:5
    |
711 | /     unsafe fn get_uniform_i32(
712 | |         &self,
713 | |         program: Self::Program,
714 | |         location: &Self::UniformLocation,
715 | |         v: &mut [i32],
716 | |     );
    | |______^
help: trait `HasContext` which provides `get_uniform_location` is implemented but not in scope; perhaps you want to import it
    |
1   + use glow::HasContext;
    |

error[E0616]: field `program` of struct `Shader` is private
   --> src\graphics\renderer.rs:560:76
    |
560 |                     if let Some(u_color) = self.gl.get_uniform_location(vs.program, "u_color") {
    |                                                                            ^^^^^^^ private field

error[E0599]: no method named `uniform_4_f32` found for struct `Rc<glow::Context>` in the current scope
   --> src\graphics\renderer.rs:562:33
    |
562 |                         self.gl.uniform_4_f32(Some(&u_color), 0.8, 0.3, 0.1, 1.0);
    |                                 ^^^^^^^^^^^^^
    |
    = help: items from traits can only be used if the trait is in scope
help: there is a method `uniform_1_f32` with a similar name, but with different arguments
   --> C:\Users\mrkri\.cargo\registry\src\index.crates.io-1949cf8c6b5b557f\glow-0.13.1\src\lib.rs:783:5
    |
783 |     unsafe fn uniform_1_f32(&self, location: Option<&Self::UniformLocation>, x: f32);
    |     ^^^^^^^^^^^^^^^^^^^^^^^^^^^^^^^^^^^^^^^^^^^^^^^^^^^^^^^^^^^^^^^^^^^^^^^^^^^^^^^^^
help: trait `HasContext` which provides `uniform_4_f32` is implemented but not in scope; perhaps you want to import it
    |
1   + use glow::HasContext;
    |

error[E0599]: no method named `get_uniform_location` found for struct `Rc<glow::Context>` in the current scope
   --> src\graphics\renderer.rs:568:52
    |
568 |                     if let Some(u_model) = self.gl.get_uniform_location(self.shader.program, "u_model") {
    |                                                    ^^^^^^^^^^^^^^^^^^^^
    |
    = help: items from traits can only be used if the trait is in scope
help: there is a method `get_uniform_i32` with a similar name, but with different arguments
   --> C:\Users\mrkri\.cargo\registry\src\index.crates.io-1949cf8c6b5b557f\glow-0.13.1\src\lib.rs:711:5
    |
711 | /     unsafe fn get_uniform_i32(
712 | |         &self,
713 | |         program: Self::Program,
714 | |         location: &Self::UniformLocation,
715 | |         v: &mut [i32],
716 | |     );
    | |______^
help: trait `HasContext` which provides `get_uniform_location` is implemented but not in scope; perhaps you want to import it
    |
1   + use glow::HasContext;
    |

error[E0616]: field `program` of struct `Shader` is private
   --> src\graphics\renderer.rs:568:85
    |
568 |                     if let Some(u_model) = self.gl.get_uniform_location(self.shader.program, "u_model") {
    |                                                                                     ^^^^^^^ private field

error[E0599]: no method named `uniform_matrix_4_f32_slice` found for struct `Rc<glow::Context>` in the current scope
   --> src\graphics\renderer.rs:569:33
    |
569 |                         self.gl.uniform_matrix_4_f32_slice(Some(&u_model), false, model_matrix.as_slice());
    |                                 ^^^^^^^^^^^^^^^^^^^^^^^^^^
    |
    = help: items from traits can only be used if the trait is in scope
help: trait `HasContext` which provides `uniform_matrix_4_f32_slice` is implemented but not in scope; perhaps you want to import it
    |
1   + use glow::HasContext;
    |
help: there is a method `uniform_matrix_2_f32_slice` with a similar name
    |
569 -                         self.gl.uniform_matrix_4_f32_slice(Some(&u_model), false, model_matrix.as_slice());
569 +                         self.gl.uniform_matrix_2_f32_slice(Some(&u_model), false, model_matrix.as_slice());
    |

error[E0308]: mismatched types
   --> src\graphics\renderer.rs:583:52
    |
583 |                     let mesh = Mesh::new(&self.gl, &vertices, &indices)?;
    |                                ---------           ^^^^^^^^^ expected `&[Vertex]`, found `&&Vec<Matrix<f32, Const<3>, ..., ...>>`
    |                                |
    |                                arguments to this function are incorrect
    |
    = note: expected reference `&[graphics::mesh::Vertex]`
               found reference `&&Vec<nalgebra::Matrix<f32, Const<3>, Const<1>, ArrayStorage<f32, 3, 1>>>`
note: associated function defined here
   --> src\graphics\mesh.rs:35:12
    |
35  |     pub fn new(gl: &Context, vertices: &[Vertex], indices: &[u32]) -> Result<Self, Box<dyn std::error::Error>> {
    |            ^^^               -------------------

error[E0308]: mismatched types
   --> src\graphics\renderer.rs:587:52
    |
587 |                     let mesh = Mesh::new(&self.gl, &vertices, &indices)?;
    |                                ---------           ^^^^^^^^^ expected `&[Vertex]`, found `&&Vec<Matrix<f32, Const<3>, ..., ...>>`
    |                                |
    |                                arguments to this function are incorrect
    |
    = note: expected reference `&[graphics::mesh::Vertex]`
               found reference `&&Vec<nalgebra::Matrix<f32, Const<3>, Const<1>, ArrayStorage<f32, 3, 1>>>`
note: associated function defined here
   --> src\graphics\mesh.rs:35:12
    |
35  |     pub fn new(gl: &Context, vertices: &[Vertex], indices: &[u32]) -> Result<Self, Box<dyn std::error::Error>> {
    |            ^^^               -------------------

error[E0308]: mismatched types
   --> src\graphics\renderer.rs:591:52
    |
591 |                     let mesh = Mesh::new(&self.gl, &vertices, &indices)?;
    |                                ---------           ^^^^^^^^^ expected `&[Vertex]`, found `&&Vec<Matrix<f32, Const<3>, ..., ...>>`
    |                                |
    |                                arguments to this function are incorrect
    |
    = note: expected reference `&[graphics::mesh::Vertex]`
               found reference `&&Vec<nalgebra::Matrix<f32, Const<3>, Const<1>, ArrayStorage<f32, 3, 1>>>`
note: associated function defined here
   --> src\graphics\mesh.rs:35:12
    |
35  |     pub fn new(gl: &Context, vertices: &[Vertex], indices: &[u32]) -> Result<Self, Box<dyn std::error::Error>> {
    |            ^^^               -------------------

error[E0599]: no method named `disable` found for struct `Rc<glow::Context>` in the current scope
   --> src\graphics\renderer.rs:622:21
    |
622 |             self.gl.disable(glow::DEPTH_TEST);
    |                     ^^^^^^^ method not found in `Rc<Context>`
    |
    = help: items from traits can only be used if the trait is in scope
help: trait `HasContext` which provides `disable` is implemented but not in scope; perhaps you want to import it
    |
1   + use glow::HasContext;
    |

error[E0599]: no method named `enable` found for struct `Rc<glow::Context>` in the current scope
   --> src\graphics\renderer.rs:642:21
    |
642 |             self.gl.enable(glow::DEPTH_TEST);
    |                     ^^^^^^
    |
    = help: items from traits can only be used if the trait is in scope
help: trait `HasContext` which provides `enable` is implemented but not in scope; perhaps you want to import it
    |
1   + use glow::HasContext;
    |
help: there is a method `is_enabled` with a similar name
    |
642 -             self.gl.enable(glow::DEPTH_TEST);
642 +             self.gl.is_enabled(glow::DEPTH_TEST);
    |

error[E0599]: no method named `disable` found for struct `Rc<glow::Context>` in the current scope
   --> src\graphics\renderer.rs:650:21
    |
650 |             self.gl.disable(glow::DEPTH_TEST);
    |                     ^^^^^^^ method not found in `Rc<Context>`
    |
    = help: items from traits can only be used if the trait is in scope
help: trait `HasContext` which provides `disable` is implemented but not in scope; perhaps you want to import it
    |
1   + use glow::HasContext;
    |

error[E0599]: no method named `enable` found for struct `Rc<glow::Context>` in the current scope
   --> src\graphics\renderer.rs:656:25
    |
656 |                 self.gl.enable(glow::DEPTH_TEST);
    |                         ^^^^^^
    |
    = help: items from traits can only be used if the trait is in scope
help: trait `HasContext` which provides `enable` is implemented but not in scope; perhaps you want to import it
    |
1   + use glow::HasContext;
    |
help: there is a method `is_enabled` with a similar name
    |
656 -                 self.gl.enable(glow::DEPTH_TEST);
656 +                 self.gl.is_enabled(glow::DEPTH_TEST);
    |

error[E0599]: no method named `bind_vertex_array` found for struct `Rc<glow::Context>` in the current scope
   --> src\graphics\renderer.rs:661:25
    |
661 |                 self.gl.bind_vertex_array(Some(vao));
    |                         ^^^^^^^^^^^^^^^^^
    |
    = help: items from traits can only be used if the trait is in scope
help: there is a method `create_vertex_array` with a similar name, but with different arguments
   --> C:\Users\mrkri\.cargo\registry\src\index.crates.io-1949cf8c6b5b557f\glow-0.13.1\src\lib.rs:229:5
    |
229 |     unsafe fn create_vertex_array(&self) -> Result<Self::VertexArray, String>;
    |     ^^^^^^^^^^^^^^^^^^^^^^^^^^^^^^^^^^^^^^^^^^^^^^^^^^^^^^^^^^^^^^^^^^^^^^^^^^
help: trait `HasContext` which provides `bind_vertex_array` is implemented but not in scope; perhaps you want to import it
    |
1   + use glow::HasContext;
    |

error[E0599]: no method named `draw_arrays` found for struct `Rc<glow::Context>` in the current scope
   --> src\graphics\renderer.rs:662:25
    |
662 |                 self.gl.draw_arrays(glow::TRIANGLES, 0, 6);
    |                         ^^^^^^^^^^^
    |
    = help: items from traits can only be used if the trait is in scope
help: there is a method `draw_arrays_instanced` with a similar name, but with different arguments
   --> C:\Users\mrkri\.cargo\registry\src\index.crates.io-1949cf8c6b5b557f\glow-0.13.1\src\lib.rs:377:5
    |
377 |     unsafe fn draw_arrays_instanced(&self, mode: u32, first: i32, count: i32, instance_count: i32);
    |     ^^^^^^^^^^^^^^^^^^^^^^^^^^^^^^^^^^^^^^^^^^^^^^^^^^^^^^^^^^^^^^^^^^^^^^^^^^^^^^^^^^^^^^^^^^^^^^^
help: trait `HasContext` which provides `draw_arrays` is implemented but not in scope; perhaps you want to import it
    |
1   + use glow::HasContext;
    |

error[E0599]: no method named `enable` found for struct `Rc<glow::Context>` in the current scope
   --> src\graphics\renderer.rs:668:21
    |
668 |             self.gl.enable(glow::DEPTH_TEST);
    |                     ^^^^^^
    |
    = help: items from traits can only be used if the trait is in scope
help: trait `HasContext` which provides `enable` is implemented but not in scope; perhaps you want to import it
    |
1   + use glow::HasContext;
    |
help: there is a method `is_enabled` with a similar name
    |
668 -             self.gl.enable(glow::DEPTH_TEST);
668 +             self.gl.is_enabled(glow::DEPTH_TEST);
    |

error[E0599]: no method named `disable` found for struct `Rc<glow::Context>` in the current scope
   --> src\graphics\renderer.rs:692:21
    |
692 |             self.gl.disable(glow::DEPTH_TEST);
    |                     ^^^^^^^ method not found in `Rc<Context>`
    |
    = help: items from traits can only be used if the trait is in scope
help: trait `HasContext` which provides `disable` is implemented but not in scope; perhaps you want to import it
    |
1   + use glow::HasContext;
    |

error[E0599]: no method named `use_program` found for struct `Rc<glow::Context>` in the current scope
   --> src\graphics\renderer.rs:695:21
    |
695 |             self.gl.use_program(Some(self.shader.program));
    |                     ^^^^^^^^^^^
    |
    = help: items from traits can only be used if the trait is in scope
help: trait `HasContext` which provides `use_program` is implemented but not in scope; perhaps you want to import it
    |
1   + use glow::HasContext;
    |
help: there is a method `is_program` with a similar name
    |
695 -             self.gl.use_program(Some(self.shader.program));
695 +             self.gl.is_program(Some(self.shader.program));
    |

error[E0616]: field `program` of struct `Shader` is private
   --> src\graphics\renderer.rs:695:50
    |
695 |             self.gl.use_program(Some(self.shader.program));
    |                                                  ^^^^^^^ private field

error[E0599]: no method named `enable` found for struct `Rc<glow::Context>` in the current scope
   --> src\graphics\renderer.rs:731:21
    |
731 |             self.gl.enable(glow::DEPTH_TEST);
    |                     ^^^^^^
    |
    = help: items from traits can only be used if the trait is in scope
help: trait `HasContext` which provides `enable` is implemented but not in scope; perhaps you want to import it
    |
1   + use glow::HasContext;
    |
help: there is a method `is_enabled` with a similar name
    |
731 -             self.gl.enable(glow::DEPTH_TEST);
731 +             self.gl.is_enabled(glow::DEPTH_TEST);
    |

error[E0308]: mismatched types
   --> src\graphics\renderer.rs:747:35
    |
747 |           let vertices: [f32; 16] = [
    |  _______________________---------___^
    | |                       |
    | |                       expected due to this
748 | |             x, y,                    // bottom-left
749 | |             x + width, y,            // bottom-right
750 | |             x + width, y + height,   // top-right
751 | |             x, y + height,           // top-left
752 | |         ];
    | |_________^ expected an array with a size of 16, found one with a size of 8

error[E0599]: no method named `create_vertex_array` found for struct `Rc<glow::Context>` in the current scope
   --> src\graphics\renderer.rs:760:27
    |
760 |         let vao = self.gl.create_vertex_array().unwrap_or(0);
    |                           ^^^^^^^^^^^^^^^^^^^
    |
    = help: items from traits can only be used if the trait is in scope
help: there is a method `delete_vertex_array` with a similar name, but with different arguments
   --> C:\Users\mrkri\.cargo\registry\src\index.crates.io-1949cf8c6b5b557f\glow-0.13.1\src\lib.rs:231:5
    |
231 |     unsafe fn delete_vertex_array(&self, vertex_array: Self::VertexArray);
    |     ^^^^^^^^^^^^^^^^^^^^^^^^^^^^^^^^^^^^^^^^^^^^^^^^^^^^^^^^^^^^^^^^^^^^^^
help: trait `HasContext` which provides `create_vertex_array` is implemented but not in scope; perhaps you want to import it
    |
1   + use glow::HasContext;
    |

error[E0599]: no method named `create_buffer` found for struct `Rc<glow::Context>` in the current scope
   --> src\graphics\renderer.rs:761:27
    |
761 |         let vbo = self.gl.create_buffer().unwrap_or(0);
    |                           ^^^^^^^^^^^^^
    |
    = help: items from traits can only be used if the trait is in scope
help: trait `HasContext` which provides `create_buffer` is implemented but not in scope; perhaps you want to import it
    |
1   + use glow::HasContext;
    |
help: there is a method `create_framebuffer` with a similar name
    |
761 |         let vbo = self.gl.create_framebuffer().unwrap_or(0);
    |                                  +++++

error[E0599]: no method named `create_buffer` found for struct `Rc<glow::Context>` in the current scope
   --> src\graphics\renderer.rs:762:27
    |
762 |         let ebo = self.gl.create_buffer().unwrap_or(0);
    |                           ^^^^^^^^^^^^^
    |
    = help: items from traits can only be used if the trait is in scope
help: trait `HasContext` which provides `create_buffer` is implemented but not in scope; perhaps you want to import it
    |
1   + use glow::HasContext;
    |
help: there is a method `create_framebuffer` with a similar name
    |
762 |         let ebo = self.gl.create_framebuffer().unwrap_or(0);
    |                                  +++++

error[E0599]: no method named `bind_vertex_array` found for struct `Rc<glow::Context>` in the current scope
   --> src\graphics\renderer.rs:768:17
    |
768 |         self.gl.bind_vertex_array(Some(vao));
    |                 ^^^^^^^^^^^^^^^^^
    |
    = help: items from traits can only be used if the trait is in scope
help: there is a method `create_vertex_array` with a similar name, but with different arguments
   --> C:\Users\mrkri\.cargo\registry\src\index.crates.io-1949cf8c6b5b557f\glow-0.13.1\src\lib.rs:229:5
    |
229 |     unsafe fn create_vertex_array(&self) -> Result<Self::VertexArray, String>;
    |     ^^^^^^^^^^^^^^^^^^^^^^^^^^^^^^^^^^^^^^^^^^^^^^^^^^^^^^^^^^^^^^^^^^^^^^^^^^
help: trait `HasContext` which provides `bind_vertex_array` is implemented but not in scope; perhaps you want to import it
    |
1   + use glow::HasContext;
    |

error[E0599]: no method named `bind_buffer` found for struct `Rc<glow::Context>` in the current scope
   --> src\graphics\renderer.rs:770:17
    |
770 |         self.gl.bind_buffer(glow::ARRAY_BUFFER, Some(vbo));
    |                 ^^^^^^^^^^^
    |
    = help: items from traits can only be used if the trait is in scope
help: there is a method `bind_buffer_base` with a similar name, but with different arguments
   --> C:\Users\mrkri\.cargo\registry\src\index.crates.io-1949cf8c6b5b557f\glow-0.13.1\src\lib.rs:192:5
    |
192 |     unsafe fn bind_buffer_base(&self, target: u32, index: u32, buffer: Option<Self::Buffer>);
    |     ^^^^^^^^^^^^^^^^^^^^^^^^^^^^^^^^^^^^^^^^^^^^^^^^^^^^^^^^^^^^^^^^^^^^^^^^^^^^^^^^^^^^^^^^^
help: trait `HasContext` which provides `bind_buffer` is implemented but not in scope; perhaps you want to import it
    |
1   + use glow::HasContext;
    |

error[E0599]: no method named `buffer_data_u8_slice` found for struct `Rc<glow::Context>` in the current scope
   --> src\graphics\renderer.rs:771:17
    |
771 |         self.gl.buffer_data_u8_slice(
    |         --------^^^^^^^^^^^^^^^^^^^^
    |
    = help: items from traits can only be used if the trait is in scope
help: trait `HasContext` which provides `buffer_data_u8_slice` is implemented but not in scope; perhaps you want to import it
    |
1   + use glow::HasContext;
    |
help: there is a method `buffer_sub_data_u8_slice` with a similar name
    |
771 |         self.gl.buffer_sub_data_u8_slice(
    |                        ++++

error[E0599]: no method named `bind_buffer` found for struct `Rc<glow::Context>` in the current scope
   --> src\graphics\renderer.rs:777:17
    |
777 |         self.gl.bind_buffer(glow::ELEMENT_ARRAY_BUFFER, Some(ebo));
    |                 ^^^^^^^^^^^
    |
    = help: items from traits can only be used if the trait is in scope
help: there is a method `bind_buffer_base` with a similar name, but with different arguments
   --> C:\Users\mrkri\.cargo\registry\src\index.crates.io-1949cf8c6b5b557f\glow-0.13.1\src\lib.rs:192:5
    |
192 |     unsafe fn bind_buffer_base(&self, target: u32, index: u32, buffer: Option<Self::Buffer>);
    |     ^^^^^^^^^^^^^^^^^^^^^^^^^^^^^^^^^^^^^^^^^^^^^^^^^^^^^^^^^^^^^^^^^^^^^^^^^^^^^^^^^^^^^^^^^
help: trait `HasContext` which provides `bind_buffer` is implemented but not in scope; perhaps you want to import it
    |
1   + use glow::HasContext;
    |

error[E0599]: no method named `buffer_data_u8_slice` found for struct `Rc<glow::Context>` in the current scope
   --> src\graphics\renderer.rs:778:17
    |
778 |         self.gl.buffer_data_u8_slice(
    |         --------^^^^^^^^^^^^^^^^^^^^
    |
    = help: items from traits can only be used if the trait is in scope
help: trait `HasContext` which provides `buffer_data_u8_slice` is implemented but not in scope; perhaps you want to import it
    |
1   + use glow::HasContext;
    |
help: there is a method `buffer_sub_data_u8_slice` with a similar name
    |
778 |         self.gl.buffer_sub_data_u8_slice(
    |                        ++++

error[E0599]: no method named `enable_vertex_attrib_array` found for struct `Rc<glow::Context>` in the current scope
   --> src\graphics\renderer.rs:785:17
    |
785 |         self.gl.enable_vertex_attrib_array(0);
    |                 ^^^^^^^^^^^^^^^^^^^^^^^^^^
    |
    = help: items from traits can only be used if the trait is in scope
help: trait `HasContext` which provides `enable_vertex_attrib_array` is implemented but not in scope; perhaps you want to import it
    |
1   + use glow::HasContext;
    |
help: there is a method `disable_vertex_attrib_array` with a similar name
    |
785 -         self.gl.enable_vertex_attrib_array(0);
785 +         self.gl.disable_vertex_attrib_array(0);
    |

error[E0599]: no method named `vertex_attrib_pointer_f32` found for struct `Rc<glow::Context>` in the current scope
    --> src\graphics\renderer.rs:786:17
     |
786  |         self.gl.vertex_attrib_pointer_f32(0, 2, glow::FLOAT, false, 8, 0);
     |                 ^^^^^^^^^^^^^^^^^^^^^^^^^
     |
     = help: items from traits can only be used if the trait is in scope
help: there is a method `vertex_attrib_pointer_i32` with a similar name, but with different arguments
    --> C:\Users\mrkri\.cargo\registry\src\index.crates.io-1949cf8c6b5b557f\glow-0.13.1\src\lib.rs:1068:5
     |
1068 | /     unsafe fn vertex_attrib_pointer_i32(
1069 | |         &self,
1070 | |         index: u32,
1071 | |         size: i32,
...    |
1074 | |         offset: i32,
1075 | |     );
     | |______^
help: trait `HasContext` which provides `vertex_attrib_pointer_f32` is implemented but not in scope; perhaps you want to import it
     |
1    + use glow::HasContext;
     |

error[E0599]: no method named `get_uniform_location` found for struct `Rc<glow::Context>` in the current scope
   --> src\graphics\renderer.rs:789:34
    |
789 |         if let Some(u) = self.gl.get_uniform_location(self.shader.program, "u_use_solid_color") {
    |                                  ^^^^^^^^^^^^^^^^^^^^
    |
    = help: items from traits can only be used if the trait is in scope
help: there is a method `get_uniform_i32` with a similar name, but with different arguments
   --> C:\Users\mrkri\.cargo\registry\src\index.crates.io-1949cf8c6b5b557f\glow-0.13.1\src\lib.rs:711:5
    |
711 | /     unsafe fn get_uniform_i32(
712 | |         &self,
713 | |         program: Self::Program,
714 | |         location: &Self::UniformLocation,
715 | |         v: &mut [i32],
716 | |     );
    | |______^
help: trait `HasContext` which provides `get_uniform_location` is implemented but not in scope; perhaps you want to import it
    |
1   + use glow::HasContext;
    |

error[E0616]: field `program` of struct `Shader` is private
   --> src\graphics\renderer.rs:789:67
    |
789 |         if let Some(u) = self.gl.get_uniform_location(self.shader.program, "u_use_solid_color") {
    |                                                                   ^^^^^^^ private field

error[E0599]: no method named `uniform_1_i32` found for struct `Rc<glow::Context>` in the current scope
   --> src\graphics\renderer.rs:790:21
    |
790 |             self.gl.uniform_1_i32(Some(&u), 1); // enable solid color mode
    |                     ^^^^^^^^^^^^^
    |
    = help: items from traits can only be used if the trait is in scope
help: trait `HasContext` which provides `uniform_1_i32` is implemented but not in scope; perhaps you want to import it
    |
1   + use glow::HasContext;
    |
help: there is a method `uniform_1_f32` with a similar name
    |
790 -             self.gl.uniform_1_i32(Some(&u), 1); // enable solid color mode
790 +             self.gl.uniform_1_f32(Some(&u), 1); // enable solid color mode
    |

error[E0599]: no method named `get_uniform_location` found for struct `Rc<glow::Context>` in the current scope
   --> src\graphics\renderer.rs:792:34
    |
792 |         if let Some(u) = self.gl.get_uniform_location(self.shader.program, "u_color") {
    |                                  ^^^^^^^^^^^^^^^^^^^^
    |
    = help: items from traits can only be used if the trait is in scope
help: there is a method `get_uniform_i32` with a similar name, but with different arguments
   --> C:\Users\mrkri\.cargo\registry\src\index.crates.io-1949cf8c6b5b557f\glow-0.13.1\src\lib.rs:711:5
    |
711 | /     unsafe fn get_uniform_i32(
712 | |         &self,
713 | |         program: Self::Program,
714 | |         location: &Self::UniformLocation,
715 | |         v: &mut [i32],
716 | |     );
    | |______^
help: trait `HasContext` which provides `get_uniform_location` is implemented but not in scope; perhaps you want to import it
    |
1   + use glow::HasContext;
    |

error[E0616]: field `program` of struct `Shader` is private
   --> src\graphics\renderer.rs:792:67
    |
792 |         if let Some(u) = self.gl.get_uniform_location(self.shader.program, "u_color") {
    |                                                                   ^^^^^^^ private field

error[E0599]: no method named `uniform_4_f32` found for struct `Rc<glow::Context>` in the current scope
   --> src\graphics\renderer.rs:793:21
    |
793 |             self.gl.uniform_4_f32(Some(&u), color[0], color[1], color[2], color[3]);
    |                     ^^^^^^^^^^^^^
    |
    = help: items from traits can only be used if the trait is in scope
help: there is a method `uniform_1_f32` with a similar name, but with different arguments
   --> C:\Users\mrkri\.cargo\registry\src\index.crates.io-1949cf8c6b5b557f\glow-0.13.1\src\lib.rs:783:5
    |
783 |     unsafe fn uniform_1_f32(&self, location: Option<&Self::UniformLocation>, x: f32);
    |     ^^^^^^^^^^^^^^^^^^^^^^^^^^^^^^^^^^^^^^^^^^^^^^^^^^^^^^^^^^^^^^^^^^^^^^^^^^^^^^^^^
help: trait `HasContext` which provides `uniform_4_f32` is implemented but not in scope; perhaps you want to import it
    |
1   + use glow::HasContext;
    |

error[E0599]: no method named `get_uniform_location` found for struct `Rc<glow::Context>` in the current scope
   --> src\graphics\renderer.rs:795:34
    |
795 |         if let Some(u) = self.gl.get_uniform_location(self.shader.program, "u_projection") {
    |                                  ^^^^^^^^^^^^^^^^^^^^
    |
    = help: items from traits can only be used if the trait is in scope
help: there is a method `get_uniform_i32` with a similar name, but with different arguments
   --> C:\Users\mrkri\.cargo\registry\src\index.crates.io-1949cf8c6b5b557f\glow-0.13.1\src\lib.rs:711:5
    |
711 | /     unsafe fn get_uniform_i32(
712 | |         &self,
713 | |         program: Self::Program,
714 | |         location: &Self::UniformLocation,
715 | |         v: &mut [i32],
716 | |     );
    | |______^
help: trait `HasContext` which provides `get_uniform_location` is implemented but not in scope; perhaps you want to import it
    |
1   + use glow::HasContext;
    |

error[E0616]: field `program` of struct `Shader` is private
   --> src\graphics\renderer.rs:795:67
    |
795 |         if let Some(u) = self.gl.get_uniform_location(self.shader.program, "u_projection") {
    |                                                                   ^^^^^^^ private field

error[E0599]: no method named `uniform_matrix_4_f32_slice` found for struct `Rc<glow::Context>` in the current scope
   --> src\graphics\renderer.rs:796:21
    |
796 |             self.gl.uniform_matrix_4_f32_slice(Some(&u), false, ortho.as_slice());
    |                     ^^^^^^^^^^^^^^^^^^^^^^^^^^
    |
    = help: items from traits can only be used if the trait is in scope
help: trait `HasContext` which provides `uniform_matrix_4_f32_slice` is implemented but not in scope; perhaps you want to import it
    |
1   + use glow::HasContext;
    |
help: there is a method `uniform_matrix_2_f32_slice` with a similar name
    |
796 -             self.gl.uniform_matrix_4_f32_slice(Some(&u), false, ortho.as_slice());
796 +             self.gl.uniform_matrix_2_f32_slice(Some(&u), false, ortho.as_slice());
    |

error[E0599]: no method named `draw_elements` found for struct `Rc<glow::Context>` in the current scope
   --> src\graphics\renderer.rs:800:17
    |
800 |         self.gl.draw_elements(glow::TRIANGLES, 6, glow::UNSIGNED_INT, 0);
    |                 ^^^^^^^^^^^^^
    |
    = help: items from traits can only be used if the trait is in scope
help: there is a method `draw_elements_instanced` with a similar name, but with different arguments
   --> C:\Users\mrkri\.cargo\registry\src\index.crates.io-1949cf8c6b5b557f\glow-0.13.1\src\lib.rs:405:5
    |
405 | /     unsafe fn draw_elements_instanced(
406 | |         &self,
407 | |         mode: u32,
408 | |         count: i32,
...   |
411 | |         instance_count: i32,
412 | |     );
    | |______^
help: trait `HasContext` which provides `draw_elements` is implemented but not in scope; perhaps you want to import it
    |
1   + use glow::HasContext;
    |

error[E0599]: no method named `get_uniform_location` found for struct `Rc<glow::Context>` in the current scope
   --> src\graphics\renderer.rs:803:34
    |
803 |         if let Some(u) = self.gl.get_uniform_location(self.shader.program, "u_use_solid_color") {
    |                                  ^^^^^^^^^^^^^^^^^^^^
    |
    = help: items from traits can only be used if the trait is in scope
help: there is a method `get_uniform_i32` with a similar name, but with different arguments
   --> C:\Users\mrkri\.cargo\registry\src\index.crates.io-1949cf8c6b5b557f\glow-0.13.1\src\lib.rs:711:5
    |
711 | /     unsafe fn get_uniform_i32(
712 | |         &self,
713 | |         program: Self::Program,
714 | |         location: &Self::UniformLocation,
715 | |         v: &mut [i32],
716 | |     );
    | |______^
help: trait `HasContext` which provides `get_uniform_location` is implemented but not in scope; perhaps you want to import it
    |
1   + use glow::HasContext;
    |

error[E0616]: field `program` of struct `Shader` is private
   --> src\graphics\renderer.rs:803:67
    |
803 |         if let Some(u) = self.gl.get_uniform_location(self.shader.program, "u_use_solid_color") {
    |                                                                   ^^^^^^^ private field

error[E0599]: no method named `uniform_1_i32` found for struct `Rc<glow::Context>` in the current scope
   --> src\graphics\renderer.rs:804:21
    |
804 |             self.gl.uniform_1_i32(Some(&u), 0); // back to terrain mode
    |                     ^^^^^^^^^^^^^
    |
    = help: items from traits can only be used if the trait is in scope
help: trait `HasContext` which provides `uniform_1_i32` is implemented but not in scope; perhaps you want to import it
    |
1   + use glow::HasContext;
    |
help: there is a method `uniform_1_f32` with a similar name
    |
804 -             self.gl.uniform_1_i32(Some(&u), 0); // back to terrain mode
804 +             self.gl.uniform_1_f32(Some(&u), 0); // back to terrain mode
    |

error[E0599]: no method named `delete_vertex_array` found for struct `Rc<glow::Context>` in the current scope
   --> src\graphics\renderer.rs:808:17
    |
808 |         self.gl.delete_vertex_array(vao);
    |                 ^^^^^^^^^^^^^^^^^^^
    |
    = help: items from traits can only be used if the trait is in scope
help: there is a method `create_vertex_array` with a similar name, but with different arguments
   --> C:\Users\mrkri\.cargo\registry\src\index.crates.io-1949cf8c6b5b557f\glow-0.13.1\src\lib.rs:229:5
    |
229 |     unsafe fn create_vertex_array(&self) -> Result<Self::VertexArray, String>;
    |     ^^^^^^^^^^^^^^^^^^^^^^^^^^^^^^^^^^^^^^^^^^^^^^^^^^^^^^^^^^^^^^^^^^^^^^^^^^
help: trait `HasContext` which provides `delete_vertex_array` is implemented but not in scope; perhaps you want to import it
    |
1   + use glow::HasContext;
    |

error[E0599]: no method named `delete_buffer` found for struct `Rc<glow::Context>` in the current scope
   --> src\graphics\renderer.rs:809:17
    |
809 |         self.gl.delete_buffer(vbo);
    |                 ^^^^^^^^^^^^^
    |
    = help: items from traits can only be used if the trait is in scope
help: trait `HasContext` which provides `delete_buffer` is implemented but not in scope; perhaps you want to import it
    |
1   + use glow::HasContext;
    |
help: there is a method `delete_framebuffer` with a similar name
    |
809 |         self.gl.delete_framebuffer(vbo);
    |                        +++++

error[E0599]: no method named `delete_buffer` found for struct `Rc<glow::Context>` in the current scope
   --> src\graphics\renderer.rs:810:17
    |
810 |         self.gl.delete_buffer(ebo);
    |                 ^^^^^^^^^^^^^
    |
    = help: items from traits can only be used if the trait is in scope
help: trait `HasContext` which provides `delete_buffer` is implemented but not in scope; perhaps you want to import it
    |
1   + use glow::HasContext;
    |
help: there is a method `delete_framebuffer` with a similar name
    |
810 |         self.gl.delete_framebuffer(ebo);
    |                        +++++

error[E0599]: no method named `create_vertex_array` found for struct `Rc<glow::Context>` in the current scope
   --> src\graphics\renderer.rs:823:27
    |
823 |         let vao = self.gl.create_vertex_array().unwrap_or(0);
    |                           ^^^^^^^^^^^^^^^^^^^
    |
    = help: items from traits can only be used if the trait is in scope
help: there is a method `delete_vertex_array` with a similar name, but with different arguments
   --> C:\Users\mrkri\.cargo\registry\src\index.crates.io-1949cf8c6b5b557f\glow-0.13.1\src\lib.rs:231:5
    |
231 |     unsafe fn delete_vertex_array(&self, vertex_array: Self::VertexArray);
    |     ^^^^^^^^^^^^^^^^^^^^^^^^^^^^^^^^^^^^^^^^^^^^^^^^^^^^^^^^^^^^^^^^^^^^^^
help: trait `HasContext` which provides `create_vertex_array` is implemented but not in scope; perhaps you want to import it
    |
1   + use glow::HasContext;
    |

error[E0599]: no method named `create_buffer` found for struct `Rc<glow::Context>` in the current scope
   --> src\graphics\renderer.rs:824:27
    |
824 |         let vbo = self.gl.create_buffer().unwrap_or(0);
    |                           ^^^^^^^^^^^^^
    |
    = help: items from traits can only be used if the trait is in scope
help: trait `HasContext` which provides `create_buffer` is implemented but not in scope; perhaps you want to import it
    |
1   + use glow::HasContext;
    |
help: there is a method `create_framebuffer` with a similar name
    |
824 |         let vbo = self.gl.create_framebuffer().unwrap_or(0);
    |                                  +++++

error[E0599]: no method named `bind_vertex_array` found for struct `Rc<glow::Context>` in the current scope
   --> src\graphics\renderer.rs:828:17
    |
828 |         self.gl.bind_vertex_array(Some(vao));
    |                 ^^^^^^^^^^^^^^^^^
    |
    = help: items from traits can only be used if the trait is in scope
help: there is a method `create_vertex_array` with a similar name, but with different arguments
   --> C:\Users\mrkri\.cargo\registry\src\index.crates.io-1949cf8c6b5b557f\glow-0.13.1\src\lib.rs:229:5
    |
229 |     unsafe fn create_vertex_array(&self) -> Result<Self::VertexArray, String>;
    |     ^^^^^^^^^^^^^^^^^^^^^^^^^^^^^^^^^^^^^^^^^^^^^^^^^^^^^^^^^^^^^^^^^^^^^^^^^^
help: trait `HasContext` which provides `bind_vertex_array` is implemented but not in scope; perhaps you want to import it
    |
1   + use glow::HasContext;
    |

error[E0599]: no method named `bind_buffer` found for struct `Rc<glow::Context>` in the current scope
   --> src\graphics\renderer.rs:829:17
    |
829 |         self.gl.bind_buffer(glow::ARRAY_BUFFER, Some(vbo));
    |                 ^^^^^^^^^^^
    |
    = help: items from traits can only be used if the trait is in scope
help: there is a method `bind_buffer_base` with a similar name, but with different arguments
   --> C:\Users\mrkri\.cargo\registry\src\index.crates.io-1949cf8c6b5b557f\glow-0.13.1\src\lib.rs:192:5
    |
192 |     unsafe fn bind_buffer_base(&self, target: u32, index: u32, buffer: Option<Self::Buffer>);
    |     ^^^^^^^^^^^^^^^^^^^^^^^^^^^^^^^^^^^^^^^^^^^^^^^^^^^^^^^^^^^^^^^^^^^^^^^^^^^^^^^^^^^^^^^^^
help: trait `HasContext` which provides `bind_buffer` is implemented but not in scope; perhaps you want to import it
    |
1   + use glow::HasContext;
    |

error[E0599]: no method named `buffer_data_u8_slice` found for struct `Rc<glow::Context>` in the current scope
   --> src\graphics\renderer.rs:830:17
    |
830 |         self.gl.buffer_data_u8_slice(glow::ARRAY_BUFFER, bytemuck::cast_slice(&vertices), glow::STREAM_DRAW);
    |                 ^^^^^^^^^^^^^^^^^^^^
    |
    = help: items from traits can only be used if the trait is in scope
help: trait `HasContext` which provides `buffer_data_u8_slice` is implemented but not in scope; perhaps you want to import it
    |
1   + use glow::HasContext;
    |
help: there is a method `buffer_sub_data_u8_slice` with a similar name
    |
830 |         self.gl.buffer_sub_data_u8_slice(glow::ARRAY_BUFFER, bytemuck::cast_slice(&vertices), glow::STREAM_DRAW);
    |                        ++++

error[E0599]: no method named `enable_vertex_attrib_array` found for struct `Rc<glow::Context>` in the current scope
   --> src\graphics\renderer.rs:831:17
    |
831 |         self.gl.enable_vertex_attrib_array(0);
    |                 ^^^^^^^^^^^^^^^^^^^^^^^^^^
    |
    = help: items from traits can only be used if the trait is in scope
help: trait `HasContext` which provides `enable_vertex_attrib_array` is implemented but not in scope; perhaps you want to import it
    |
1   + use glow::HasContext;
    |
help: there is a method `disable_vertex_attrib_array` with a similar name
    |
831 -         self.gl.enable_vertex_attrib_array(0);
831 +         self.gl.disable_vertex_attrib_array(0);
    |

error[E0599]: no method named `vertex_attrib_pointer_f32` found for struct `Rc<glow::Context>` in the current scope
    --> src\graphics\renderer.rs:832:17
     |
832  |         self.gl.vertex_attrib_pointer_f32(0, 2, glow::FLOAT, false, 8, 0);
     |                 ^^^^^^^^^^^^^^^^^^^^^^^^^
     |
     = help: items from traits can only be used if the trait is in scope
help: there is a method `vertex_attrib_pointer_i32` with a similar name, but with different arguments
    --> C:\Users\mrkri\.cargo\registry\src\index.crates.io-1949cf8c6b5b557f\glow-0.13.1\src\lib.rs:1068:5
     |
1068 | /     unsafe fn vertex_attrib_pointer_i32(
1069 | |         &self,
1070 | |         index: u32,
1071 | |         size: i32,
...    |
1074 | |         offset: i32,
1075 | |     );
     | |______^
help: trait `HasContext` which provides `vertex_attrib_pointer_f32` is implemented but not in scope; perhaps you want to import it
     |
1    + use glow::HasContext;
     |

error[E0599]: no method named `get_uniform_location` found for struct `Rc<glow::Context>` in the current scope
   --> src\graphics\renderer.rs:834:34
    |
834 |         if let Some(u) = self.gl.get_uniform_location(self.shader.program, "u_use_solid_color") {
    |                                  ^^^^^^^^^^^^^^^^^^^^
    |
    = help: items from traits can only be used if the trait is in scope
help: there is a method `get_uniform_i32` with a similar name, but with different arguments
   --> C:\Users\mrkri\.cargo\registry\src\index.crates.io-1949cf8c6b5b557f\glow-0.13.1\src\lib.rs:711:5
    |
711 | /     unsafe fn get_uniform_i32(
712 | |         &self,
713 | |         program: Self::Program,
714 | |         location: &Self::UniformLocation,
715 | |         v: &mut [i32],
716 | |     );
    | |______^
help: trait `HasContext` which provides `get_uniform_location` is implemented but not in scope; perhaps you want to import it
    |
1   + use glow::HasContext;
    |

error[E0616]: field `program` of struct `Shader` is private
   --> src\graphics\renderer.rs:834:67
    |
834 |         if let Some(u) = self.gl.get_uniform_location(self.shader.program, "u_use_solid_color") {
    |                                                                   ^^^^^^^ private field

error[E0599]: no method named `uniform_1_i32` found for struct `Rc<glow::Context>` in the current scope
   --> src\graphics\renderer.rs:835:21
    |
835 |             self.gl.uniform_1_i32(Some(&u), 1);
    |                     ^^^^^^^^^^^^^
    |
    = help: items from traits can only be used if the trait is in scope
help: trait `HasContext` which provides `uniform_1_i32` is implemented but not in scope; perhaps you want to import it
    |
1   + use glow::HasContext;
    |
help: there is a method `uniform_1_f32` with a similar name
    |
835 -             self.gl.uniform_1_i32(Some(&u), 1);
835 +             self.gl.uniform_1_f32(Some(&u), 1);
    |

error[E0599]: no method named `get_uniform_location` found for struct `Rc<glow::Context>` in the current scope
   --> src\graphics\renderer.rs:837:34
    |
837 |         if let Some(u) = self.gl.get_uniform_location(self.shader.program, "u_color") {
    |                                  ^^^^^^^^^^^^^^^^^^^^
    |
    = help: items from traits can only be used if the trait is in scope
help: there is a method `get_uniform_i32` with a similar name, but with different arguments
   --> C:\Users\mrkri\.cargo\registry\src\index.crates.io-1949cf8c6b5b557f\glow-0.13.1\src\lib.rs:711:5
    |
711 | /     unsafe fn get_uniform_i32(
712 | |         &self,
713 | |         program: Self::Program,
714 | |         location: &Self::UniformLocation,
715 | |         v: &mut [i32],
716 | |     );
    | |______^
help: trait `HasContext` which provides `get_uniform_location` is implemented but not in scope; perhaps you want to import it
    |
1   + use glow::HasContext;
    |

error[E0616]: field `program` of struct `Shader` is private
   --> src\graphics\renderer.rs:837:67
    |
837 |         if let Some(u) = self.gl.get_uniform_location(self.shader.program, "u_color") {
    |                                                                   ^^^^^^^ private field

error[E0599]: no method named `uniform_4_f32` found for struct `Rc<glow::Context>` in the current scope
   --> src\graphics\renderer.rs:838:21
    |
838 |             self.gl.uniform_4_f32(Some(&u), color[0], color[1], color[2], color[3]);
    |                     ^^^^^^^^^^^^^
    |
    = help: items from traits can only be used if the trait is in scope
help: there is a method `uniform_1_f32` with a similar name, but with different arguments
   --> C:\Users\mrkri\.cargo\registry\src\index.crates.io-1949cf8c6b5b557f\glow-0.13.1\src\lib.rs:783:5
    |
783 |     unsafe fn uniform_1_f32(&self, location: Option<&Self::UniformLocation>, x: f32);
    |     ^^^^^^^^^^^^^^^^^^^^^^^^^^^^^^^^^^^^^^^^^^^^^^^^^^^^^^^^^^^^^^^^^^^^^^^^^^^^^^^^^
help: trait `HasContext` which provides `uniform_4_f32` is implemented but not in scope; perhaps you want to import it
    |
1   + use glow::HasContext;
    |

error[E0599]: no method named `get_uniform_location` found for struct `Rc<glow::Context>` in the current scope
   --> src\graphics\renderer.rs:840:34
    |
840 |         if let Some(u) = self.gl.get_uniform_location(self.shader.program, "u_projection") {
    |                                  ^^^^^^^^^^^^^^^^^^^^
    |
    = help: items from traits can only be used if the trait is in scope
help: there is a method `get_uniform_i32` with a similar name, but with different arguments
   --> C:\Users\mrkri\.cargo\registry\src\index.crates.io-1949cf8c6b5b557f\glow-0.13.1\src\lib.rs:711:5
    |
711 | /     unsafe fn get_uniform_i32(
712 | |         &self,
713 | |         program: Self::Program,
714 | |         location: &Self::UniformLocation,
715 | |         v: &mut [i32],
716 | |     );
    | |______^
help: trait `HasContext` which provides `get_uniform_location` is implemented but not in scope; perhaps you want to import it
    |
1   + use glow::HasContext;
    |

error[E0616]: field `program` of struct `Shader` is private
   --> src\graphics\renderer.rs:840:67
    |
840 |         if let Some(u) = self.gl.get_uniform_location(self.shader.program, "u_projection") {
    |                                                                   ^^^^^^^ private field

error[E0599]: no method named `uniform_matrix_4_f32_slice` found for struct `Rc<glow::Context>` in the current scope
   --> src\graphics\renderer.rs:841:21
    |
841 |             self.gl.uniform_matrix_4_f32_slice(Some(&u), false, ortho.as_slice());
    |                     ^^^^^^^^^^^^^^^^^^^^^^^^^^
    |
    = help: items from traits can only be used if the trait is in scope
help: trait `HasContext` which provides `uniform_matrix_4_f32_slice` is implemented but not in scope; perhaps you want to import it
    |
1   + use glow::HasContext;
    |
help: there is a method `uniform_matrix_2_f32_slice` with a similar name
    |
841 -             self.gl.uniform_matrix_4_f32_slice(Some(&u), false, ortho.as_slice());
841 +             self.gl.uniform_matrix_2_f32_slice(Some(&u), false, ortho.as_slice());
    |

error[E0599]: no method named `draw_arrays` found for struct `Rc<glow::Context>` in the current scope
   --> src\graphics\renderer.rs:844:17
    |
844 |         self.gl.draw_arrays(glow::TRIANGLES, 0, 3);
    |                 ^^^^^^^^^^^
    |
    = help: items from traits can only be used if the trait is in scope
help: there is a method `draw_arrays_instanced` with a similar name, but with different arguments
   --> C:\Users\mrkri\.cargo\registry\src\index.crates.io-1949cf8c6b5b557f\glow-0.13.1\src\lib.rs:377:5
    |
377 |     unsafe fn draw_arrays_instanced(&self, mode: u32, first: i32, count: i32, instance_count: i32);
    |     ^^^^^^^^^^^^^^^^^^^^^^^^^^^^^^^^^^^^^^^^^^^^^^^^^^^^^^^^^^^^^^^^^^^^^^^^^^^^^^^^^^^^^^^^^^^^^^^
help: trait `HasContext` which provides `draw_arrays` is implemented but not in scope; perhaps you want to import it
    |
1   + use glow::HasContext;
    |

error[E0599]: no method named `get_uniform_location` found for struct `Rc<glow::Context>` in the current scope
   --> src\graphics\renderer.rs:846:34
    |
846 |         if let Some(u) = self.gl.get_uniform_location(self.shader.program, "u_use_solid_color") {
    |                                  ^^^^^^^^^^^^^^^^^^^^
    |
    = help: items from traits can only be used if the trait is in scope
help: there is a method `get_uniform_i32` with a similar name, but with different arguments
   --> C:\Users\mrkri\.cargo\registry\src\index.crates.io-1949cf8c6b5b557f\glow-0.13.1\src\lib.rs:711:5
    |
711 | /     unsafe fn get_uniform_i32(
712 | |         &self,
713 | |         program: Self::Program,
714 | |         location: &Self::UniformLocation,
715 | |         v: &mut [i32],
716 | |     );
    | |______^
help: trait `HasContext` which provides `get_uniform_location` is implemented but not in scope; perhaps you want to import it
    |
1   + use glow::HasContext;
    |

error[E0616]: field `program` of struct `Shader` is private
   --> src\graphics\renderer.rs:846:67
    |
846 |         if let Some(u) = self.gl.get_uniform_location(self.shader.program, "u_use_solid_color") {
    |                                                                   ^^^^^^^ private field

error[E0599]: no method named `uniform_1_i32` found for struct `Rc<glow::Context>` in the current scope
   --> src\graphics\renderer.rs:847:21
    |
847 |             self.gl.uniform_1_i32(Some(&u), 0);
    |                     ^^^^^^^^^^^^^
    |
    = help: items from traits can only be used if the trait is in scope
help: trait `HasContext` which provides `uniform_1_i32` is implemented but not in scope; perhaps you want to import it
    |
1   + use glow::HasContext;
    |
help: there is a method `uniform_1_f32` with a similar name
    |
847 -             self.gl.uniform_1_i32(Some(&u), 0);
847 +             self.gl.uniform_1_f32(Some(&u), 0);
    |

error[E0599]: no method named `delete_vertex_array` found for struct `Rc<glow::Context>` in the current scope
   --> src\graphics\renderer.rs:850:17
    |
850 |         self.gl.delete_vertex_array(vao);
    |                 ^^^^^^^^^^^^^^^^^^^
    |
    = help: items from traits can only be used if the trait is in scope
help: there is a method `create_vertex_array` with a similar name, but with different arguments
   --> C:\Users\mrkri\.cargo\registry\src\index.crates.io-1949cf8c6b5b557f\glow-0.13.1\src\lib.rs:229:5
    |
229 |     unsafe fn create_vertex_array(&self) -> Result<Self::VertexArray, String>;
    |     ^^^^^^^^^^^^^^^^^^^^^^^^^^^^^^^^^^^^^^^^^^^^^^^^^^^^^^^^^^^^^^^^^^^^^^^^^^
help: trait `HasContext` which provides `delete_vertex_array` is implemented but not in scope; perhaps you want to import it
    |
1   + use glow::HasContext;
    |

error[E0599]: no method named `delete_buffer` found for struct `Rc<glow::Context>` in the current scope
   --> src\graphics\renderer.rs:851:17
    |
851 |         self.gl.delete_buffer(vbo);
    |                 ^^^^^^^^^^^^^
    |
    = help: items from traits can only be used if the trait is in scope
help: trait `HasContext` which provides `delete_buffer` is implemented but not in scope; perhaps you want to import it
    |
1   + use glow::HasContext;
    |
help: there is a method `delete_framebuffer` with a similar name
    |
851 |         self.gl.delete_framebuffer(vbo);
    |                        +++++

error[E0599]: no method named `get_uniform_location` found for struct `Rc<glow::Context>` in the current scope
   --> src\graphics\renderer.rs:897:34
    |
897 |         if let Some(u) = self.gl.get_uniform_location(self.shader.program, "u_use_solid_color") {
    |                                  ^^^^^^^^^^^^^^^^^^^^
    |
    = help: items from traits can only be used if the trait is in scope
help: there is a method `get_uniform_i32` with a similar name, but with different arguments
   --> C:\Users\mrkri\.cargo\registry\src\index.crates.io-1949cf8c6b5b557f\glow-0.13.1\src\lib.rs:711:5
    |
711 | /     unsafe fn get_uniform_i32(
712 | |         &self,
713 | |         program: Self::Program,
714 | |         location: &Self::UniformLocation,
715 | |         v: &mut [i32],
716 | |     );
    | |______^
help: trait `HasContext` which provides `get_uniform_location` is implemented but not in scope; perhaps you want to import it
    |
1   + use glow::HasContext;
    |

error[E0616]: field `program` of struct `Shader` is private
   --> src\graphics\renderer.rs:897:67
    |
897 |         if let Some(u) = self.gl.get_uniform_location(self.shader.program, "u_use_solid_color") {
    |                                                                   ^^^^^^^ private field

error[E0599]: no method named `uniform_1_i32` found for struct `Rc<glow::Context>` in the current scope
   --> src\graphics\renderer.rs:898:21
    |
898 |             self.gl.uniform_1_i32(Some(&u), 0); // use texture mode
    |                     ^^^^^^^^^^^^^
    |
    = help: items from traits can only be used if the trait is in scope
help: trait `HasContext` which provides `uniform_1_i32` is implemented but not in scope; perhaps you want to import it
    |
1   + use glow::HasContext;
    |
help: there is a method `uniform_1_f32` with a similar name
    |
898 -             self.gl.uniform_1_i32(Some(&u), 0); // use texture mode
898 +             self.gl.uniform_1_f32(Some(&u), 0); // use texture mode
    |

error[E0599]: no method named `get_uniform_location` found for struct `Rc<glow::Context>` in the current scope
   --> src\graphics\renderer.rs:900:34
    |
900 |         if let Some(u) = self.gl.get_uniform_location(self.shader.program, "u_use_texture") {
    |                                  ^^^^^^^^^^^^^^^^^^^^
    |
    = help: items from traits can only be used if the trait is in scope
help: there is a method `get_uniform_i32` with a similar name, but with different arguments
   --> C:\Users\mrkri\.cargo\registry\src\index.crates.io-1949cf8c6b5b557f\glow-0.13.1\src\lib.rs:711:5
    |
711 | /     unsafe fn get_uniform_i32(
712 | |         &self,
713 | |         program: Self::Program,
714 | |         location: &Self::UniformLocation,
715 | |         v: &mut [i32],
716 | |     );
    | |______^
help: trait `HasContext` which provides `get_uniform_location` is implemented but not in scope; perhaps you want to import it
    |
1   + use glow::HasContext;
    |

error[E0616]: field `program` of struct `Shader` is private
   --> src\graphics\renderer.rs:900:67
    |
900 |         if let Some(u) = self.gl.get_uniform_location(self.shader.program, "u_use_texture") {
    |                                                                   ^^^^^^^ private field

error[E0599]: no method named `uniform_1_i32` found for struct `Rc<glow::Context>` in the current scope
   --> src\graphics\renderer.rs:901:21
    |
901 |             self.gl.uniform_1_i32(Some(&u), 1);
    |                     ^^^^^^^^^^^^^
    |
    = help: items from traits can only be used if the trait is in scope
help: trait `HasContext` which provides `uniform_1_i32` is implemented but not in scope; perhaps you want to import it
    |
1   + use glow::HasContext;
    |
help: there is a method `uniform_1_f32` with a similar name
    |
901 -             self.gl.uniform_1_i32(Some(&u), 1);
901 +             self.gl.uniform_1_f32(Some(&u), 1);
    |

error[E0599]: no method named `create_vertex_array` found for struct `Rc<glow::Context>` in the current scope
   --> src\graphics\renderer.rs:919:35
    |
919 |                 let vao = self.gl.create_vertex_array().unwrap_or(0);
    |                                   ^^^^^^^^^^^^^^^^^^^
    |
    = help: items from traits can only be used if the trait is in scope
help: there is a method `delete_vertex_array` with a similar name, but with different arguments
   --> C:\Users\mrkri\.cargo\registry\src\index.crates.io-1949cf8c6b5b557f\glow-0.13.1\src\lib.rs:231:5
    |
231 |     unsafe fn delete_vertex_array(&self, vertex_array: Self::VertexArray);
    |     ^^^^^^^^^^^^^^^^^^^^^^^^^^^^^^^^^^^^^^^^^^^^^^^^^^^^^^^^^^^^^^^^^^^^^^
help: trait `HasContext` which provides `create_vertex_array` is implemented but not in scope; perhaps you want to import it
    |
1   + use glow::HasContext;
    |

error[E0599]: no method named `create_buffer` found for struct `Rc<glow::Context>` in the current scope
   --> src\graphics\renderer.rs:920:35
    |
920 |                 let vbo = self.gl.create_buffer().unwrap_or(0);
    |                                   ^^^^^^^^^^^^^
    |
    = help: items from traits can only be used if the trait is in scope
help: trait `HasContext` which provides `create_buffer` is implemented but not in scope; perhaps you want to import it
    |
1   + use glow::HasContext;
    |
help: there is a method `create_framebuffer` with a similar name
    |
920 |                 let vbo = self.gl.create_framebuffer().unwrap_or(0);
    |                                          +++++

error[E0599]: no method named `create_buffer` found for struct `Rc<glow::Context>` in the current scope
   --> src\graphics\renderer.rs:921:35
    |
921 |                 let ebo = self.gl.create_buffer().unwrap_or(0);
    |                                   ^^^^^^^^^^^^^
    |
    = help: items from traits can only be used if the trait is in scope
help: trait `HasContext` which provides `create_buffer` is implemented but not in scope; perhaps you want to import it
    |
1   + use glow::HasContext;
    |
help: there is a method `create_framebuffer` with a similar name
    |
921 |                 let ebo = self.gl.create_framebuffer().unwrap_or(0);
    |                                          +++++

error[E0599]: no method named `bind_vertex_array` found for struct `Rc<glow::Context>` in the current scope
   --> src\graphics\renderer.rs:924:29
    |
924 |                     self.gl.bind_vertex_array(Some(vao));
    |                             ^^^^^^^^^^^^^^^^^
    |
    = help: items from traits can only be used if the trait is in scope
help: there is a method `create_vertex_array` with a similar name, but with different arguments
   --> C:\Users\mrkri\.cargo\registry\src\index.crates.io-1949cf8c6b5b557f\glow-0.13.1\src\lib.rs:229:5
    |
229 |     unsafe fn create_vertex_array(&self) -> Result<Self::VertexArray, String>;
    |     ^^^^^^^^^^^^^^^^^^^^^^^^^^^^^^^^^^^^^^^^^^^^^^^^^^^^^^^^^^^^^^^^^^^^^^^^^^
help: trait `HasContext` which provides `bind_vertex_array` is implemented but not in scope; perhaps you want to import it
    |
1   + use glow::HasContext;
    |

error[E0599]: no method named `bind_buffer` found for struct `Rc<glow::Context>` in the current scope
   --> src\graphics\renderer.rs:925:29
    |
925 |                     self.gl.bind_buffer(glow::ARRAY_BUFFER, Some(vbo));
    |                             ^^^^^^^^^^^
    |
    = help: items from traits can only be used if the trait is in scope
help: there is a method `bind_buffer_base` with a similar name, but with different arguments
   --> C:\Users\mrkri\.cargo\registry\src\index.crates.io-1949cf8c6b5b557f\glow-0.13.1\src\lib.rs:192:5
    |
192 |     unsafe fn bind_buffer_base(&self, target: u32, index: u32, buffer: Option<Self::Buffer>);
    |     ^^^^^^^^^^^^^^^^^^^^^^^^^^^^^^^^^^^^^^^^^^^^^^^^^^^^^^^^^^^^^^^^^^^^^^^^^^^^^^^^^^^^^^^^^
help: trait `HasContext` which provides `bind_buffer` is implemented but not in scope; perhaps you want to import it
    |
1   + use glow::HasContext;
    |

error[E0599]: no method named `buffer_data_u8_slice` found for struct `Rc<glow::Context>` in the current scope
   --> src\graphics\renderer.rs:926:29
    |
926 |                     self.gl.buffer_data_u8_slice(glow::ARRAY_BUFFER, bytemuck::cast_slice(&vertices), glow::STREAM_DRAW);
    |                             ^^^^^^^^^^^^^^^^^^^^
    |
    = help: items from traits can only be used if the trait is in scope
help: trait `HasContext` which provides `buffer_data_u8_slice` is implemented but not in scope; perhaps you want to import it
    |
1   + use glow::HasContext;
    |
help: there is a method `buffer_sub_data_u8_slice` with a similar name
    |
926 |                     self.gl.buffer_sub_data_u8_slice(glow::ARRAY_BUFFER, bytemuck::cast_slice(&vertices), glow::STREAM_DRAW);
    |                                    ++++

error[E0599]: no method named `bind_buffer` found for struct `Rc<glow::Context>` in the current scope
   --> src\graphics\renderer.rs:927:29
    |
927 |                     self.gl.bind_buffer(glow::ELEMENT_ARRAY_BUFFER, Some(ebo));
    |                             ^^^^^^^^^^^
    |
    = help: items from traits can only be used if the trait is in scope
help: there is a method `bind_buffer_base` with a similar name, but with different arguments
   --> C:\Users\mrkri\.cargo\registry\src\index.crates.io-1949cf8c6b5b557f\glow-0.13.1\src\lib.rs:192:5
    |
192 |     unsafe fn bind_buffer_base(&self, target: u32, index: u32, buffer: Option<Self::Buffer>);
    |     ^^^^^^^^^^^^^^^^^^^^^^^^^^^^^^^^^^^^^^^^^^^^^^^^^^^^^^^^^^^^^^^^^^^^^^^^^^^^^^^^^^^^^^^^^
help: trait `HasContext` which provides `bind_buffer` is implemented but not in scope; perhaps you want to import it
    |
1   + use glow::HasContext;
    |

error[E0599]: no method named `buffer_data_u8_slice` found for struct `Rc<glow::Context>` in the current scope
   --> src\graphics\renderer.rs:928:29
    |
928 |                     self.gl.buffer_data_u8_slice(glow::ELEMENT_ARRAY_BUFFER, bytemuck::cast_slice(&indices), glow::STREAM_DRAW);
    |                             ^^^^^^^^^^^^^^^^^^^^
    |
    = help: items from traits can only be used if the trait is in scope
help: trait `HasContext` which provides `buffer_data_u8_slice` is implemented but not in scope; perhaps you want to import it
    |
1   + use glow::HasContext;
    |
help: there is a method `buffer_sub_data_u8_slice` with a similar name
    |
928 |                     self.gl.buffer_sub_data_u8_slice(glow::ELEMENT_ARRAY_BUFFER, bytemuck::cast_slice(&indices), glow::STREAM_DRAW);
    |                                    ++++

error[E0599]: no method named `enable_vertex_attrib_array` found for struct `Rc<glow::Context>` in the current scope
   --> src\graphics\renderer.rs:931:29
    |
931 |                     self.gl.enable_vertex_attrib_array(0);
    |                             ^^^^^^^^^^^^^^^^^^^^^^^^^^
    |
    = help: items from traits can only be used if the trait is in scope
help: trait `HasContext` which provides `enable_vertex_attrib_array` is implemented but not in scope; perhaps you want to import it
    |
1   + use glow::HasContext;
    |
help: there is a method `disable_vertex_attrib_array` with a similar name
    |
931 -                     self.gl.enable_vertex_attrib_array(0);
931 +                     self.gl.disable_vertex_attrib_array(0);
    |

error[E0599]: no method named `vertex_attrib_pointer_f32` found for struct `Rc<glow::Context>` in the current scope
    --> src\graphics\renderer.rs:932:29
     |
932  |                     self.gl.vertex_attrib_pointer_f32(0, 2, glow::FLOAT, false, 32, 0);
     |                             ^^^^^^^^^^^^^^^^^^^^^^^^^
     |
     = help: items from traits can only be used if the trait is in scope
help: there is a method `vertex_attrib_pointer_i32` with a similar name, but with different arguments
    --> C:\Users\mrkri\.cargo\registry\src\index.crates.io-1949cf8c6b5b557f\glow-0.13.1\src\lib.rs:1068:5
     |
1068 | /     unsafe fn vertex_attrib_pointer_i32(
1069 | |         &self,
1070 | |         index: u32,
1071 | |         size: i32,
...    |
1074 | |         offset: i32,
1075 | |     );
     | |______^
help: trait `HasContext` which provides `vertex_attrib_pointer_f32` is implemented but not in scope; perhaps you want to import it
     |
1    + use glow::HasContext;
     |

error[E0599]: no method named `enable_vertex_attrib_array` found for struct `Rc<glow::Context>` in the current scope
   --> src\graphics\renderer.rs:934:29
    |
934 |                     self.gl.enable_vertex_attrib_array(1);
    |                             ^^^^^^^^^^^^^^^^^^^^^^^^^^
    |
    = help: items from traits can only be used if the trait is in scope
help: trait `HasContext` which provides `enable_vertex_attrib_array` is implemented but not in scope; perhaps you want to import it
    |
1   + use glow::HasContext;
    |
help: there is a method `disable_vertex_attrib_array` with a similar name
    |
934 -                     self.gl.enable_vertex_attrib_array(1);
934 +                     self.gl.disable_vertex_attrib_array(1);
    |

error[E0599]: no method named `vertex_attrib_pointer_f32` found for struct `Rc<glow::Context>` in the current scope
    --> src\graphics\renderer.rs:935:29
     |
935  |                     self.gl.vertex_attrib_pointer_f32(1, 4, glow::FLOAT, false, 32, 8);
     |                             ^^^^^^^^^^^^^^^^^^^^^^^^^
     |
     = help: items from traits can only be used if the trait is in scope
help: there is a method `vertex_attrib_pointer_i32` with a similar name, but with different arguments
    --> C:\Users\mrkri\.cargo\registry\src\index.crates.io-1949cf8c6b5b557f\glow-0.13.1\src\lib.rs:1068:5
     |
1068 | /     unsafe fn vertex_attrib_pointer_i32(
1069 | |         &self,
1070 | |         index: u32,
1071 | |         size: i32,
...    |
1074 | |         offset: i32,
1075 | |     );
     | |______^
help: trait `HasContext` which provides `vertex_attrib_pointer_f32` is implemented but not in scope; perhaps you want to import it
     |
1    + use glow::HasContext;
     |

error[E0599]: no method named `enable_vertex_attrib_array` found for struct `Rc<glow::Context>` in the current scope
   --> src\graphics\renderer.rs:937:29
    |
937 |                     self.gl.enable_vertex_attrib_array(2);
    |                             ^^^^^^^^^^^^^^^^^^^^^^^^^^
    |
    = help: items from traits can only be used if the trait is in scope
help: trait `HasContext` which provides `enable_vertex_attrib_array` is implemented but not in scope; perhaps you want to import it
    |
1   + use glow::HasContext;
    |
help: there is a method `disable_vertex_attrib_array` with a similar name
    |
937 -                     self.gl.enable_vertex_attrib_array(2);
937 +                     self.gl.disable_vertex_attrib_array(2);
    |

error[E0599]: no method named `vertex_attrib_pointer_f32` found for struct `Rc<glow::Context>` in the current scope
    --> src\graphics\renderer.rs:938:29
     |
938  |                     self.gl.vertex_attrib_pointer_f32(2, 2, glow::FLOAT, false, 32, 24);
     |                             ^^^^^^^^^^^^^^^^^^^^^^^^^
     |
     = help: items from traits can only be used if the trait is in scope
help: there is a method `vertex_attrib_pointer_i32` with a similar name, but with different arguments
    --> C:\Users\mrkri\.cargo\registry\src\index.crates.io-1949cf8c6b5b557f\glow-0.13.1\src\lib.rs:1068:5
     |
1068 | /     unsafe fn vertex_attrib_pointer_i32(
1069 | |         &self,
1070 | |         index: u32,
1071 | |         size: i32,
...    |
1074 | |         offset: i32,
1075 | |     );
     | |______^
help: trait `HasContext` which provides `vertex_attrib_pointer_f32` is implemented but not in scope; perhaps you want to import it
     |
1    + use glow::HasContext;
     |

error[E0599]: no method named `draw_elements` found for struct `Rc<glow::Context>` in the current scope
   --> src\graphics\renderer.rs:940:29
    |
940 |                     self.gl.draw_elements(glow::TRIANGLES, 6, glow::UNSIGNED_INT, 0);
    |                             ^^^^^^^^^^^^^
    |
    = help: items from traits can only be used if the trait is in scope
help: there is a method `draw_elements_instanced` with a similar name, but with different arguments
   --> C:\Users\mrkri\.cargo\registry\src\index.crates.io-1949cf8c6b5b557f\glow-0.13.1\src\lib.rs:405:5
    |
405 | /     unsafe fn draw_elements_instanced(
406 | |         &self,
407 | |         mode: u32,
408 | |         count: i32,
...   |
411 | |         instance_count: i32,
412 | |     );
    | |______^
help: trait `HasContext` which provides `draw_elements` is implemented but not in scope; perhaps you want to import it
    |
1   + use glow::HasContext;
    |

error[E0599]: no method named `delete_vertex_array` found for struct `Rc<glow::Context>` in the current scope
   --> src\graphics\renderer.rs:942:29
    |
942 |                     self.gl.delete_vertex_array(vao);
    |                             ^^^^^^^^^^^^^^^^^^^
    |
    = help: items from traits can only be used if the trait is in scope
help: there is a method `create_vertex_array` with a similar name, but with different arguments
   --> C:\Users\mrkri\.cargo\registry\src\index.crates.io-1949cf8c6b5b557f\glow-0.13.1\src\lib.rs:229:5
    |
229 |     unsafe fn create_vertex_array(&self) -> Result<Self::VertexArray, String>;
    |     ^^^^^^^^^^^^^^^^^^^^^^^^^^^^^^^^^^^^^^^^^^^^^^^^^^^^^^^^^^^^^^^^^^^^^^^^^^
help: trait `HasContext` which provides `delete_vertex_array` is implemented but not in scope; perhaps you want to import it
    |
1   + use glow::HasContext;
    |

error[E0599]: no method named `delete_buffer` found for struct `Rc<glow::Context>` in the current scope
   --> src\graphics\renderer.rs:943:29
    |
943 |                     self.gl.delete_buffer(vbo);
    |                             ^^^^^^^^^^^^^
    |
    = help: items from traits can only be used if the trait is in scope
help: trait `HasContext` which provides `delete_buffer` is implemented but not in scope; perhaps you want to import it
    |
1   + use glow::HasContext;
    |
help: there is a method `delete_framebuffer` with a similar name
    |
943 |                     self.gl.delete_framebuffer(vbo);
    |                                    +++++

error[E0599]: no method named `delete_buffer` found for struct `Rc<glow::Context>` in the current scope
   --> src\graphics\renderer.rs:944:29
    |
944 |                     self.gl.delete_buffer(ebo);
    |                             ^^^^^^^^^^^^^
    |
    = help: items from traits can only be used if the trait is in scope
help: trait `HasContext` which provides `delete_buffer` is implemented but not in scope; perhaps you want to import it
    |
1   + use glow::HasContext;
    |
help: there is a method `delete_framebuffer` with a similar name
    |
944 |                     self.gl.delete_framebuffer(ebo);
    |                                    +++++

error[E0599]: no method named `get_uniform_location` found for struct `Rc<glow::Context>` in the current scope
   --> src\graphics\renderer.rs:954:34
    |
954 |         if let Some(u) = self.gl.get_uniform_location(self.shader.program, "u_use_texture") {
    |                                  ^^^^^^^^^^^^^^^^^^^^
    |
    = help: items from traits can only be used if the trait is in scope
help: there is a method `get_uniform_i32` with a similar name, but with different arguments
   --> C:\Users\mrkri\.cargo\registry\src\index.crates.io-1949cf8c6b5b557f\glow-0.13.1\src\lib.rs:711:5
    |
711 | /     unsafe fn get_uniform_i32(
712 | |         &self,
713 | |         program: Self::Program,
714 | |         location: &Self::UniformLocation,
715 | |         v: &mut [i32],
716 | |     );
    | |______^
help: trait `HasContext` which provides `get_uniform_location` is implemented but not in scope; perhaps you want to import it
    |
1   + use glow::HasContext;
    |

error[E0616]: field `program` of struct `Shader` is private
   --> src\graphics\renderer.rs:954:67
    |
954 |         if let Some(u) = self.gl.get_uniform_location(self.shader.program, "u_use_texture") {
    |                                                                   ^^^^^^^ private field

error[E0599]: no method named `uniform_1_i32` found for struct `Rc<glow::Context>` in the current scope
   --> src\graphics\renderer.rs:955:21
    |
955 |             self.gl.uniform_1_i32(Some(&u), 0);
    |                     ^^^^^^^^^^^^^
    |
    = help: items from traits can only be used if the trait is in scope
help: trait `HasContext` which provides `uniform_1_i32` is implemented but not in scope; perhaps you want to import it
    |
1   + use glow::HasContext;
    |
help: there is a method `uniform_1_f32` with a similar name
    |
955 -             self.gl.uniform_1_i32(Some(&u), 0);
955 +             self.gl.uniform_1_f32(Some(&u), 0);
    |

error[E0599]: no method named `disable` found for struct `Rc<glow::Context>` in the current scope
   --> src\graphics\renderer.rs:971:21
    |
971 |             self.gl.disable(glow::DEPTH_TEST);
    |                     ^^^^^^^ method not found in `Rc<Context>`
    |
    = help: items from traits can only be used if the trait is in scope
help: trait `HasContext` which provides `disable` is implemented but not in scope; perhaps you want to import it
    |
1   + use glow::HasContext;
    |

error[E0599]: no method named `clear_color` found for struct `Rc<glow::Context>` in the current scope
   --> src\graphics\renderer.rs:972:21
    |
972 |             self.gl.clear_color(0.05, 0.05, 0.1, 1.0);
    |                     ^^^^^^^^^^^
    |
    = help: items from traits can only be used if the trait is in scope
help: trait `HasContext` which provides `clear_color` is implemented but not in scope; perhaps you want to import it
    |
1   + use glow::HasContext;
    |
help: there is a method `blend_color` with a similar name
    |
972 -             self.gl.clear_color(0.05, 0.05, 0.1, 1.0);
972 +             self.gl.blend_color(0.05, 0.05, 0.1, 1.0);
    |

error[E0599]: no method named `clear` found for struct `Rc<glow::Context>` in the current scope
   --> src\graphics\renderer.rs:973:21
    |
973 |             self.gl.clear(glow::COLOR_BUFFER_BIT);
    |                     ^^^^^ method not found in `Rc<Context>`
    |
    = help: items from traits can only be used if the trait is in scope
help: trait `HasContext` which provides `clear` is implemented but not in scope; perhaps you want to import it
    |
1   + use glow::HasContext;
    |

error[E0599]: no method named `enable` found for struct `Rc<glow::Context>` in the current scope
   --> src\graphics\renderer.rs:978:21
    |
978 |             self.gl.enable(glow::DEPTH_TEST);
    |                     ^^^^^^
    |
    = help: items from traits can only be used if the trait is in scope
help: trait `HasContext` which provides `enable` is implemented but not in scope; perhaps you want to import it
    |
1   + use glow::HasContext;
    |
help: there is a method `is_enabled` with a similar name
    |
978 -             self.gl.enable(glow::DEPTH_TEST);
978 +             self.gl.is_enabled(glow::DEPTH_TEST);
    |

error[E0599]: no method named `disable` found for struct `Rc<glow::Context>` in the current scope
   --> src\graphics\renderer.rs:985:21
    |
985 |             self.gl.disable(glow::DEPTH_TEST);
    |                     ^^^^^^^ method not found in `Rc<Context>`
    |
    = help: items from traits can only be used if the trait is in scope
help: trait `HasContext` which provides `disable` is implemented but not in scope; perhaps you want to import it
    |
1   + use glow::HasContext;
    |

error[E0599]: no method named `clear_color` found for struct `Rc<glow::Context>` in the current scope
   --> src\graphics\renderer.rs:986:21
    |
986 |             self.gl.clear_color(0.05, 0.05, 0.1, 1.0);
    |                     ^^^^^^^^^^^
    |
    = help: items from traits can only be used if the trait is in scope
help: trait `HasContext` which provides `clear_color` is implemented but not in scope; perhaps you want to import it
    |
1   + use glow::HasContext;
    |
help: there is a method `blend_color` with a similar name
    |
986 -             self.gl.clear_color(0.05, 0.05, 0.1, 1.0);
986 +             self.gl.blend_color(0.05, 0.05, 0.1, 1.0);
    |

error[E0599]: no method named `clear` found for struct `Rc<glow::Context>` in the current scope
   --> src\graphics\renderer.rs:987:21
    |
987 |             self.gl.clear(glow::COLOR_BUFFER_BIT);
    |                     ^^^^^ method not found in `Rc<Context>`
    |
    = help: items from traits can only be used if the trait is in scope
help: trait `HasContext` which provides `clear` is implemented but not in scope; perhaps you want to import it
    |
1   + use glow::HasContext;
    |

error[E0599]: no method named `enable` found for struct `Rc<glow::Context>` in the current scope
   --> src\graphics\renderer.rs:992:21
    |
992 |             self.gl.enable(glow::DEPTH_TEST);
    |                     ^^^^^^
    |
    = help: items from traits can only be used if the trait is in scope
help: trait `HasContext` which provides `enable` is implemented but not in scope; perhaps you want to import it
    |
1   + use glow::HasContext;
    |
help: there is a method `is_enabled` with a similar name
    |
992 -             self.gl.enable(glow::DEPTH_TEST);
992 +             self.gl.is_enabled(glow::DEPTH_TEST);
    |

error[E0599]: no method named `get_uniform_location` found for struct `Rc<glow::Context>` in the current scope
    --> src\graphics\renderer.rs:1010:53
     |
1010 |                 if let Some(u_projection) = self.gl.get_uniform_location(self.shader.program, "u_projection") {
     |                                                     ^^^^^^^^^^^^^^^^^^^^
     |
     = help: items from traits can only be used if the trait is in scope
help: there is a method `get_uniform_i32` with a similar name, but with different arguments
    --> C:\Users\mrkri\.cargo\registry\src\index.crates.io-1949cf8c6b5b557f\glow-0.13.1\src\lib.rs:711:5
     |
711  | /     unsafe fn get_uniform_i32(
712  | |         &self,
713  | |         program: Self::Program,
714  | |         location: &Self::UniformLocation,
715  | |         v: &mut [i32],
716  | |     );
     | |______^
help: trait `HasContext` which provides `get_uniform_location` is implemented but not in scope; perhaps you want to import it
     |
1    + use glow::HasContext;
     |

error[E0616]: field `program` of struct `Shader` is private
    --> src\graphics\renderer.rs:1010:86
     |
1010 |                 if let Some(u_projection) = self.gl.get_uniform_location(self.shader.program, "u_projection") {
     |                                                                                      ^^^^^^^ private field

error[E0599]: no method named `uniform_matrix_4_f32_slice` found for struct `Rc<glow::Context>` in the current scope
    --> src\graphics\renderer.rs:1011:29
     |
1011 |                     self.gl.uniform_matrix_4_f32_slice(Some(&u_projection), false, projection.as_slice());
     |                             ^^^^^^^^^^^^^^^^^^^^^^^^^^
     |
     = help: items from traits can only be used if the trait is in scope
help: trait `HasContext` which provides `uniform_matrix_4_f32_slice` is implemented but not in scope; perhaps you want to import it
     |
1    + use glow::HasContext;
     |
help: there is a method `uniform_matrix_2_f32_slice` with a similar name
     |
1011 -                     self.gl.uniform_matrix_4_f32_slice(Some(&u_projection), false, projection.as_slice());
1011 +                     self.gl.uniform_matrix_2_f32_slice(Some(&u_projection), false, projection.as_slice());
     |

error[E0599]: no method named `get_uniform_location` found for struct `Rc<glow::Context>` in the current scope
    --> src\graphics\renderer.rs:1013:47
     |
1013 |                 if let Some(u_view) = self.gl.get_uniform_location(self.shader.program, "u_view") {
     |                                               ^^^^^^^^^^^^^^^^^^^^
     |
     = help: items from traits can only be used if the trait is in scope
help: there is a method `get_uniform_i32` with a similar name, but with different arguments
    --> C:\Users\mrkri\.cargo\registry\src\index.crates.io-1949cf8c6b5b557f\glow-0.13.1\src\lib.rs:711:5
     |
711  | /     unsafe fn get_uniform_i32(
712  | |         &self,
713  | |         program: Self::Program,
714  | |         location: &Self::UniformLocation,
715  | |         v: &mut [i32],
716  | |     );
     | |______^
help: trait `HasContext` which provides `get_uniform_location` is implemented but not in scope; perhaps you want to import it
     |
1    + use glow::HasContext;
     |

error[E0616]: field `program` of struct `Shader` is private
    --> src\graphics\renderer.rs:1013:80
     |
1013 |                 if let Some(u_view) = self.gl.get_uniform_location(self.shader.program, "u_view") {
     |                                                                                ^^^^^^^ private field

error[E0599]: no method named `uniform_matrix_4_f32_slice` found for struct `Rc<glow::Context>` in the current scope
    --> src\graphics\renderer.rs:1014:29
     |
1014 |                     self.gl.uniform_matrix_4_f32_slice(Some(&u_view), false, view.as_slice());
     |                             ^^^^^^^^^^^^^^^^^^^^^^^^^^
     |
     = help: items from traits can only be used if the trait is in scope
help: trait `HasContext` which provides `uniform_matrix_4_f32_slice` is implemented but not in scope; perhaps you want to import it
     |
1    + use glow::HasContext;
     |
help: there is a method `uniform_matrix_2_f32_slice` with a similar name
     |
1014 -                     self.gl.uniform_matrix_4_f32_slice(Some(&u_view), false, view.as_slice());
1014 +                     self.gl.uniform_matrix_2_f32_slice(Some(&u_view), false, view.as_slice());
     |

error[E0061]: this method takes 1 argument but 2 arguments were supplied
   --> src\graphics\renderer_rhi.rs:198:30
    |
198 |         let texture = device.create_texture(&desc, Some(&pixels))?;
    |                              ^^^^^^^^^^^^^^        ------------- unexpected argument #2 of type `std::option::Option<&Vec<u8>>`
    |
note: method defined here
   --> src\graphics\rhi\device.rs:24:8
    |
24  |     fn create_texture(&self, desc: &TextureDescription) -> RhiResult<ResourceHandle>;
    |        ^^^^^^^^^^^^^^
help: remove the extra argument
    |
198 -         let texture = device.create_texture(&desc, Some(&pixels))?;
198 +         let texture = device.create_texture(&desc)?;
    |

error[E0308]: arguments to this function are incorrect
   --> src\graphics\camera.rs:110:9
    |
110 |         Matrix4::look_at_rh(&self.position, &self.target, &self.up)
    |         ^^^^^^^^^^^^^^^^^^^
    |
note: expected `&OPoint<f32, Const<3>>`, found `&Matrix<f32, Const<3>, Const<1>, ...>`
   --> src\graphics\camera.rs:110:29
    |
110 |         Matrix4::look_at_rh(&self.position, &self.target, &self.up)
    |                             ^^^^^^^^^^^^^^
    = note: expected reference `&OPoint<f32, Const<3>>`
               found reference `&nalgebra::Matrix<f32, Const<3>, Const<1>, ArrayStorage<f32, 3, 1>>`
note: expected `&OPoint<f32, Const<3>>`, found `&Matrix<f32, Const<3>, Const<1>, ...>`
   --> src\graphics\camera.rs:110:45
    |
110 |         Matrix4::look_at_rh(&self.position, &self.target, &self.up)
    |                                             ^^^^^^^^^^^^
    = note: expected reference `&OPoint<f32, Const<3>>`
               found reference `&nalgebra::Matrix<f32, Const<3>, Const<1>, ArrayStorage<f32, 3, 1>>`
note: associated function defined here
   --> C:\Users\mrkri\.cargo\registry\src\index.crates.io-1949cf8c6b5b557f\nalgebra-0.32.6\src\base\cg.rs:198:12
    |
198 |     pub fn look_at_rh(eye: &Point3<T>, target: &Point3<T>, up: &Vector3<T>) -> Self {
    |            ^^^^^^^^^^

error[E0599]: no method named `create_program` found for struct `Rc<&glow::Context>` in the current scope
   --> src\graphics\shader.rs:21:30
    |
21  |             let program = gl.create_program()?;
    |                              ^^^^^^^^^^^^^^
    |
    = help: items from traits can only be used if the trait is in scope
help: there is a method `delete_program` with a similar name, but with different arguments
   --> C:\Users\mrkri\.cargo\registry\src\index.crates.io-1949cf8c6b5b557f\glow-0.13.1\src\lib.rs:152:5
    |
152 |     unsafe fn delete_program(&self, program: Self::Program);
    |     ^^^^^^^^^^^^^^^^^^^^^^^^^^^^^^^^^^^^^^^^^^^^^^^^^^^^^^^^
help: trait `HasContext` which provides `create_program` is implemented but not in scope; perhaps you want to import it
    |
1   + use glow::HasContext;
    |

error[E0599]: no method named `attach_shader` found for struct `Rc<&glow::Context>` in the current scope
  --> src\graphics\shader.rs:22:16
   |
22 |             gl.attach_shader(program, vertex_shader);
   |                ^^^^^^^^^^^^^
   |
   = help: items from traits can only be used if the trait is in scope
help: trait `HasContext` which provides `attach_shader` is implemented but not in scope; perhaps you want to import it
   |
1  + use glow::HasContext;
   |
help: there is a method `detach_shader` with a similar name
   |
22 -             gl.attach_shader(program, vertex_shader);
22 +             gl.detach_shader(program, vertex_shader);
   |

error[E0599]: no method named `attach_shader` found for struct `Rc<&glow::Context>` in the current scope
  --> src\graphics\shader.rs:23:16
   |
23 |             gl.attach_shader(program, fragment_shader);
   |                ^^^^^^^^^^^^^
   |
   = help: items from traits can only be used if the trait is in scope
help: trait `HasContext` which provides `attach_shader` is implemented but not in scope; perhaps you want to import it
   |
1  + use glow::HasContext;
   |
help: there is a method `detach_shader` with a similar name
   |
23 -             gl.attach_shader(program, fragment_shader);
23 +             gl.detach_shader(program, fragment_shader);
   |

error[E0599]: no method named `link_program` found for struct `Rc<&glow::Context>` in the current scope
  --> src\graphics\shader.rs:24:16
   |
24 |             gl.link_program(program);
   |                ^^^^^^^^^^^^
   |
   = help: items from traits can only be used if the trait is in scope
help: trait `HasContext` which provides `link_program` is implemented but not in scope; perhaps you want to import it
   |
1  + use glow::HasContext;
   |
help: there is a method `is_program` with a similar name
   |
24 -             gl.link_program(program);
24 +             gl.is_program(program);
   |

error[E0599]: no method named `get_program_link_status` found for struct `Rc<&glow::Context>` in the current scope
  --> src\graphics\shader.rs:26:20
   |
26 |             if !gl.get_program_link_status(program) {
   |                    ^^^^^^^^^^^^^^^^^^^^^^^
   |
   = help: items from traits can only be used if the trait is in scope
help: trait `HasContext` which provides `get_program_link_status` is implemented but not in scope; perhaps you want to import it
   |
1  + use glow::HasContext;
   |
help: there is a method `get_program_completion_status` with a similar name
   |
26 -             if !gl.get_program_link_status(program) {
26 +             if !gl.get_program_completion_status(program) {
   |

error[E0599]: no method named `get_program_info_log` found for struct `Rc<&glow::Context>` in the current scope
  --> src\graphics\shader.rs:28:69
   |
28 |                     format!("Failed to link shader program: {}", gl.get_program_info_log(program)).into()
   |                                                                     ^^^^^^^^^^^^^^^^^^^^ method not found in `Rc<&Context>`
   |
   = help: items from traits can only be used if the trait is in scope
help: trait `HasContext` which provides `get_program_info_log` is implemented but not in scope; perhaps you want to import it
   |
1  + use glow::HasContext;
   |

error[E0599]: no method named `delete_shader` found for struct `Rc<&glow::Context>` in the current scope
  --> src\graphics\shader.rs:32:16
   |
32 |             gl.delete_shader(vertex_shader);
   |                ^^^^^^^^^^^^^
   |
   = help: items from traits can only be used if the trait is in scope
help: trait `HasContext` which provides `delete_shader` is implemented but not in scope; perhaps you want to import it
   |
1  + use glow::HasContext;
   |
help: there is a method `create_shader` with a similar name
   |
32 -             gl.delete_shader(vertex_shader);
32 +             gl.create_shader(vertex_shader);
   |

error[E0599]: no method named `delete_shader` found for struct `Rc<&glow::Context>` in the current scope
  --> src\graphics\shader.rs:33:16
   |
33 |             gl.delete_shader(fragment_shader);
   |                ^^^^^^^^^^^^^
   |
   = help: items from traits can only be used if the trait is in scope
help: trait `HasContext` which provides `delete_shader` is implemented but not in scope; perhaps you want to import it
   |
1  + use glow::HasContext;
   |
help: there is a method `create_shader` with a similar name
   |
33 -             gl.delete_shader(fragment_shader);
33 +             gl.create_shader(fragment_shader);
   |

error[E0308]: mismatched types
  --> src\graphics\shader.rs:35:25
   |
35 |             Ok(Shader { gl, program })
   |                         ^^ expected `Rc<Context>`, found `Rc<&Context>`
   |
   = note: expected struct `Rc<glow::Context>`
              found struct `Rc<&glow::Context>`

error[E0599]: no method named `use_program` found for struct `Rc<glow::Context>` in the current scope
  --> src\graphics\shader.rs:41:21
   |
41 |             self.gl.use_program(Some(self.program));
   |                     ^^^^^^^^^^^
   |
   = help: items from traits can only be used if the trait is in scope
help: trait `HasContext` which provides `use_program` is implemented but not in scope; perhaps you want to import it
   |
1  + use glow::HasContext;
   |
help: there is a method `is_program` with a similar name
   |
41 -             self.gl.use_program(Some(self.program));
41 +             self.gl.is_program(Some(self.program));
   |

error[E0599]: no method named `use_program` found for struct `Rc<glow::Context>` in the current scope
  --> src\graphics\shader.rs:47:21
   |
47 |             self.gl.use_program(None);
   |                     ^^^^^^^^^^^
   |
   = help: items from traits can only be used if the trait is in scope
help: trait `HasContext` which provides `use_program` is implemented but not in scope; perhaps you want to import it
   |
1  + use glow::HasContext;
   |
help: there is a method `is_program` with a similar name
   |
47 -             self.gl.use_program(None);
47 +             self.gl.is_program(None);
   |

error[E0599]: no method named `create_shader` found for reference `&glow::Context` in the current scope
   --> src\graphics\shader.rs:57:21
    |
57  |     let shader = gl.create_shader(shader_type)?;
    |                     ^^^^^^^^^^^^^
    |
    = help: items from traits can only be used if the trait is in scope
help: there is a method `create_buffer` with a similar name, but with different arguments
   --> C:\Users\mrkri\.cargo\registry\src\index.crates.io-1949cf8c6b5b557f\glow-0.13.1\src\lib.rs:184:5
    |
184 |     unsafe fn create_buffer(&self) -> Result<Self::Buffer, String>;
    |     ^^^^^^^^^^^^^^^^^^^^^^^^^^^^^^^^^^^^^^^^^^^^^^^^^^^^^^^^^^^^^^^
help: trait `HasContext` which provides `create_shader` is implemented but not in scope; perhaps you want to import it
    |
1   + use glow::HasContext;
    |

error[E0599]: no method named `shader_source` found for reference `&glow::Context` in the current scope
  --> src\graphics\shader.rs:58:8
   |
58 |     gl.shader_source(shader, source);
   |        ^^^^^^^^^^^^^ method not found in `&Context`
   |
   = help: items from traits can only be used if the trait is in scope
help: trait `HasContext` which provides `shader_source` is implemented but not in scope; perhaps you want to import it
   |
1  + use glow::HasContext;
   |

error[E0599]: no method named `compile_shader` found for reference `&glow::Context` in the current scope
  --> src\graphics\shader.rs:59:8
   |
59 |     gl.compile_shader(shader);
   |        ^^^^^^^^^^^^^^
   |
   = help: items from traits can only be used if the trait is in scope
help: trait `HasContext` which provides `compile_shader` is implemented but not in scope; perhaps you want to import it
   |
1  + use glow::HasContext;
   |
help: there is a method `is_shader` with a similar name
   |
59 -     gl.compile_shader(shader);
59 +     gl.is_shader(shader);
   |

error[E0599]: no method named `get_shader_compile_status` found for reference `&glow::Context` in the current scope
  --> src\graphics\shader.rs:61:12
   |
61 |     if !gl.get_shader_compile_status(shader) {
   |            ^^^^^^^^^^^^^^^^^^^^^^^^^
   |
   = help: items from traits can only be used if the trait is in scope
help: trait `HasContext` which provides `get_shader_compile_status` is implemented but not in scope; perhaps you want to import it
   |
1  + use glow::HasContext;
   |
help: there is a method `get_shader_completion_status` with a similar name
   |
61 -     if !gl.get_shader_compile_status(shader) {
61 +     if !gl.get_shader_completion_status(shader) {
   |

error[E0599]: no method named `get_shader_info_log` found for reference `&glow::Context` in the current scope
  --> src\graphics\shader.rs:62:63
   |
62 |         return Err(format!("Failed to compile shader: {}", gl.get_shader_info_log(shader)).into());
   |                                                               ^^^^^^^^^^^^^^^^^^^ method not found in `&Context`
   |
   = help: items from traits can only be used if the trait is in scope
help: trait `HasContext` which provides `get_shader_info_log` is implemented but not in scope; perhaps you want to import it
   |
1  + use glow::HasContext;
   |

error[E0599]: no method named `delete_program` found for struct `Rc<glow::Context>` in the current scope
   --> src\graphics\shader.rs:71:21
    |
71  |             self.gl.delete_program(self.program);
    |                     ^^^^^^^^^^^^^^
    |
    = help: items from traits can only be used if the trait is in scope
help: there is a method `create_program` with a similar name, but with different arguments
   --> C:\Users\mrkri\.cargo\registry\src\index.crates.io-1949cf8c6b5b557f\glow-0.13.1\src\lib.rs:148:5
    |
148 |     unsafe fn create_program(&self) -> Result<Self::Program, String>;
    |     ^^^^^^^^^^^^^^^^^^^^^^^^^^^^^^^^^^^^^^^^^^^^^^^^^^^^^^^^^^^^^^^^^
help: trait `HasContext` which provides `delete_program` is implemented but not in scope; perhaps you want to import it
    |
1   + use glow::HasContext;
    |

error[E0277]: `graphics::mesh::Mesh` doesn't implement `std::fmt::Debug`
 --> src\graphics\mesh.rs:8:5
  |
6 | #[derive(Debug, Clone)]
  |          ----- in this derive macro expansion
7 | pub struct MeshHandle {
8 |     pub mesh: Arc<Mesh>,
  |     ^^^^^^^^^^^^^^^^^^^ `graphics::mesh::Mesh` cannot be formatted using `{:?}`
  |
  = help: the trait `std::fmt::Debug` is not implemented for `graphics::mesh::Mesh`
  = note: add `#[derive(Debug)]` to `graphics::mesh::Mesh` or manually `impl std::fmt::Debug for graphics::mesh::Mesh`
  = help: the trait `std::fmt::Debug` is implemented for `Arc<T, A>`
help: consider annotating `graphics::mesh::Mesh` with `#[derive(Debug)]`
  |
26+ #[derive(Debug)]
27| pub struct Mesh {
  |

error[E0599]: no method named `create_vertex_array` found for struct `Rc<&glow::Context>` in the current scope
   --> src\graphics\mesh.rs:39:26
    |
39  |             let vao = gl.create_vertex_array()?;
    |                          ^^^^^^^^^^^^^^^^^^^
    |
    = help: items from traits can only be used if the trait is in scope
help: there is a method `delete_vertex_array` with a similar name, but with different arguments
   --> C:\Users\mrkri\.cargo\registry\src\index.crates.io-1949cf8c6b5b557f\glow-0.13.1\src\lib.rs:231:5
    |
231 |     unsafe fn delete_vertex_array(&self, vertex_array: Self::VertexArray);
    |     ^^^^^^^^^^^^^^^^^^^^^^^^^^^^^^^^^^^^^^^^^^^^^^^^^^^^^^^^^^^^^^^^^^^^^^
help: trait `HasContext` which provides `create_vertex_array` is implemented but not in scope; perhaps you want to import it
    |
1   + use glow::HasContext;
    |

error[E0599]: no method named `bind_vertex_array` found for struct `Rc<&glow::Context>` in the current scope
   --> src\graphics\mesh.rs:40:16
    |
40  |             gl.bind_vertex_array(Some(vao));
    |                ^^^^^^^^^^^^^^^^^
    |
    = help: items from traits can only be used if the trait is in scope
help: there is a method `create_vertex_array` with a similar name, but with different arguments
   --> C:\Users\mrkri\.cargo\registry\src\index.crates.io-1949cf8c6b5b557f\glow-0.13.1\src\lib.rs:229:5
    |
229 |     unsafe fn create_vertex_array(&self) -> Result<Self::VertexArray, String>;
    |     ^^^^^^^^^^^^^^^^^^^^^^^^^^^^^^^^^^^^^^^^^^^^^^^^^^^^^^^^^^^^^^^^^^^^^^^^^^
help: trait `HasContext` which provides `bind_vertex_array` is implemented but not in scope; perhaps you want to import it
    |
1   + use glow::HasContext;
    |

error[E0599]: no method named `create_buffer` found for struct `Rc<&glow::Context>` in the current scope
  --> src\graphics\mesh.rs:42:26
   |
42 |             let vbo = gl.create_buffer()?;
   |                          ^^^^^^^^^^^^^
   |
   = help: items from traits can only be used if the trait is in scope
help: trait `HasContext` which provides `create_buffer` is implemented but not in scope; perhaps you want to import it
   |
1  + use glow::HasContext;
   |
help: there is a method `create_framebuffer` with a similar name
   |
42 |             let vbo = gl.create_framebuffer()?;
   |                                 +++++

error[E0599]: no method named `bind_buffer` found for struct `Rc<&glow::Context>` in the current scope
   --> src\graphics\mesh.rs:43:16
    |
43  |             gl.bind_buffer(glow::ARRAY_BUFFER, Some(vbo));
    |                ^^^^^^^^^^^
    |
    = help: items from traits can only be used if the trait is in scope
help: there is a method `bind_buffer_base` with a similar name, but with different arguments
   --> C:\Users\mrkri\.cargo\registry\src\index.crates.io-1949cf8c6b5b557f\glow-0.13.1\src\lib.rs:192:5
    |
192 |     unsafe fn bind_buffer_base(&self, target: u32, index: u32, buffer: Option<Self::Buffer>);
    |     ^^^^^^^^^^^^^^^^^^^^^^^^^^^^^^^^^^^^^^^^^^^^^^^^^^^^^^^^^^^^^^^^^^^^^^^^^^^^^^^^^^^^^^^^^
help: trait `HasContext` which provides `bind_buffer` is implemented but not in scope; perhaps you want to import it
    |
1   + use glow::HasContext;
    |

error[E0599]: no method named `buffer_data_u8_slice` found for struct `Rc<&glow::Context>` in the current scope
  --> src\graphics\mesh.rs:44:16
   |
44 |             gl.buffer_data_u8_slice(
   |             ---^^^^^^^^^^^^^^^^^^^^
   |
   = help: items from traits can only be used if the trait is in scope
help: trait `HasContext` which provides `buffer_data_u8_slice` is implemented but not in scope; perhaps you want to import it
   |
1  + use glow::HasContext;
   |
help: there is a method `buffer_sub_data_u8_slice` with a similar name
   |
44 |             gl.buffer_sub_data_u8_slice(
   |                       ++++

error[E0277]: the trait bound `graphics::mesh::Vertex: NoUninit` is not satisfied
   --> src\graphics\mesh.rs:46:38
    |
46  |                 bytemuck::cast_slice(vertices),
    |                 -------------------- ^^^^^^^^ the trait `Pod` is not implemented for `graphics::mesh::Vertex`
    |                 |
    |                 required by a bound introduced by this call
    |
    = help: the following other types implement trait `Pod`:
              ()
              ManuallyDrop<T>
              PhantomData<T>
              PhantomPinned
              Wrapping<T>
              [T; 0]
              [T; 1024]
              [T; 10]
            and 86 others
    = note: required for `graphics::mesh::Vertex` to implement `NoUninit`
note: required by a bound in `bytemuck::cast_slice`
   --> C:\Users\mrkri\.cargo\registry\src\index.crates.io-1949cf8c6b5b557f\bytemuck-1.25.0\src\lib.rs:408:22
    |
408 | pub fn cast_slice<A: NoUninit, B: AnyBitPattern>(a: &[A]) -> &[B] {
    |                      ^^^^^^^^ required by this bound in `cast_slice`

error[E0599]: no method named `create_buffer` found for struct `Rc<&glow::Context>` in the current scope
  --> src\graphics\mesh.rs:50:26
   |
50 |             let ebo = gl.create_buffer()?;
   |                          ^^^^^^^^^^^^^
   |
   = help: items from traits can only be used if the trait is in scope
help: trait `HasContext` which provides `create_buffer` is implemented but not in scope; perhaps you want to import it
   |
1  + use glow::HasContext;
   |
help: there is a method `create_framebuffer` with a similar name
   |
50 |             let ebo = gl.create_framebuffer()?;
   |                                 +++++

error[E0599]: no method named `bind_buffer` found for struct `Rc<&glow::Context>` in the current scope
   --> src\graphics\mesh.rs:51:16
    |
51  |             gl.bind_buffer(glow::ELEMENT_ARRAY_BUFFER, Some(ebo));
    |                ^^^^^^^^^^^
    |
    = help: items from traits can only be used if the trait is in scope
help: there is a method `bind_buffer_base` with a similar name, but with different arguments
   --> C:\Users\mrkri\.cargo\registry\src\index.crates.io-1949cf8c6b5b557f\glow-0.13.1\src\lib.rs:192:5
    |
192 |     unsafe fn bind_buffer_base(&self, target: u32, index: u32, buffer: Option<Self::Buffer>);
    |     ^^^^^^^^^^^^^^^^^^^^^^^^^^^^^^^^^^^^^^^^^^^^^^^^^^^^^^^^^^^^^^^^^^^^^^^^^^^^^^^^^^^^^^^^^
help: trait `HasContext` which provides `bind_buffer` is implemented but not in scope; perhaps you want to import it
    |
1   + use glow::HasContext;
    |

error[E0599]: no method named `buffer_data_u8_slice` found for struct `Rc<&glow::Context>` in the current scope
  --> src\graphics\mesh.rs:52:16
   |
52 |             gl.buffer_data_u8_slice(
   |             ---^^^^^^^^^^^^^^^^^^^^
   |
   = help: items from traits can only be used if the trait is in scope
help: trait `HasContext` which provides `buffer_data_u8_slice` is implemented but not in scope; perhaps you want to import it
   |
1  + use glow::HasContext;
   |
help: there is a method `buffer_sub_data_u8_slice` with a similar name
   |
52 |             gl.buffer_sub_data_u8_slice(
   |                       ++++

error[E0599]: no method named `enable_vertex_attrib_array` found for struct `Rc<&glow::Context>` in the current scope
  --> src\graphics\mesh.rs:59:16
   |
59 |             gl.enable_vertex_attrib_array(0);
   |                ^^^^^^^^^^^^^^^^^^^^^^^^^^
   |
   = help: items from traits can only be used if the trait is in scope
help: trait `HasContext` which provides `enable_vertex_attrib_array` is implemented but not in scope; perhaps you want to import it
   |
1  + use glow::HasContext;
   |
help: there is a method `disable_vertex_attrib_array` with a similar name
   |
59 -             gl.enable_vertex_attrib_array(0);
59 +             gl.disable_vertex_attrib_array(0);
   |

error[E0599]: no method named `vertex_attrib_pointer_f32` found for struct `Rc<&glow::Context>` in the current scope
    --> src\graphics\mesh.rs:60:16
     |
60   |             gl.vertex_attrib_pointer_f32(0, 3, glow::FLOAT, false, 32, 0);
     |                ^^^^^^^^^^^^^^^^^^^^^^^^^
     |
     = help: items from traits can only be used if the trait is in scope
help: there is a method `vertex_attrib_pointer_i32` with a similar name, but with different arguments
    --> C:\Users\mrkri\.cargo\registry\src\index.crates.io-1949cf8c6b5b557f\glow-0.13.1\src\lib.rs:1068:5
     |
1068 | /     unsafe fn vertex_attrib_pointer_i32(
1069 | |         &self,
1070 | |         index: u32,
1071 | |         size: i32,
...    |
1074 | |         offset: i32,
1075 | |     );
     | |______^
help: trait `HasContext` which provides `vertex_attrib_pointer_f32` is implemented but not in scope; perhaps you want to import it
     |
1    + use glow::HasContext;
     |

error[E0599]: no method named `enable_vertex_attrib_array` found for struct `Rc<&glow::Context>` in the current scope
  --> src\graphics\mesh.rs:63:16
   |
63 |             gl.enable_vertex_attrib_array(1);
   |                ^^^^^^^^^^^^^^^^^^^^^^^^^^
   |
   = help: items from traits can only be used if the trait is in scope
help: trait `HasContext` which provides `enable_vertex_attrib_array` is implemented but not in scope; perhaps you want to import it
   |
1  + use glow::HasContext;
   |
help: there is a method `disable_vertex_attrib_array` with a similar name
   |
63 -             gl.enable_vertex_attrib_array(1);
63 +             gl.disable_vertex_attrib_array(1);
   |

error[E0599]: no method named `vertex_attrib_pointer_f32` found for struct `Rc<&glow::Context>` in the current scope
    --> src\graphics\mesh.rs:64:16
     |
64   |             gl.vertex_attrib_pointer_f32(1, 3, glow::FLOAT, false, 32, 12);
     |                ^^^^^^^^^^^^^^^^^^^^^^^^^
     |
     = help: items from traits can only be used if the trait is in scope
help: there is a method `vertex_attrib_pointer_i32` with a similar name, but with different arguments
    --> C:\Users\mrkri\.cargo\registry\src\index.crates.io-1949cf8c6b5b557f\glow-0.13.1\src\lib.rs:1068:5
     |
1068 | /     unsafe fn vertex_attrib_pointer_i32(
1069 | |         &self,
1070 | |         index: u32,
1071 | |         size: i32,
...    |
1074 | |         offset: i32,
1075 | |     );
     | |______^
help: trait `HasContext` which provides `vertex_attrib_pointer_f32` is implemented but not in scope; perhaps you want to import it
     |
1    + use glow::HasContext;
     |

error[E0599]: no method named `enable_vertex_attrib_array` found for struct `Rc<&glow::Context>` in the current scope
  --> src\graphics\mesh.rs:67:16
   |
67 |             gl.enable_vertex_attrib_array(2);
   |                ^^^^^^^^^^^^^^^^^^^^^^^^^^
   |
   = help: items from traits can only be used if the trait is in scope
help: trait `HasContext` which provides `enable_vertex_attrib_array` is implemented but not in scope; perhaps you want to import it
   |
1  + use glow::HasContext;
   |
help: there is a method `disable_vertex_attrib_array` with a similar name
   |
67 -             gl.enable_vertex_attrib_array(2);
67 +             gl.disable_vertex_attrib_array(2);
   |

error[E0599]: no method named `vertex_attrib_pointer_f32` found for struct `Rc<&glow::Context>` in the current scope
    --> src\graphics\mesh.rs:68:16
     |
68   |             gl.vertex_attrib_pointer_f32(2, 2, glow::FLOAT, false, 32, 24);
     |                ^^^^^^^^^^^^^^^^^^^^^^^^^
     |
     = help: items from traits can only be used if the trait is in scope
help: there is a method `vertex_attrib_pointer_i32` with a similar name, but with different arguments
    --> C:\Users\mrkri\.cargo\registry\src\index.crates.io-1949cf8c6b5b557f\glow-0.13.1\src\lib.rs:1068:5
     |
1068 | /     unsafe fn vertex_attrib_pointer_i32(
1069 | |         &self,
1070 | |         index: u32,
1071 | |         size: i32,
...    |
1074 | |         offset: i32,
1075 | |     );
     | |______^
help: trait `HasContext` which provides `vertex_attrib_pointer_f32` is implemented but not in scope; perhaps you want to import it
     |
1    + use glow::HasContext;
     |

error[E0308]: mismatched types
  --> src\graphics\mesh.rs:71:17
   |
71 |                 gl,
   |                 ^^ expected `Rc<Context>`, found `Rc<&Context>`
   |
   = note: expected struct `Rc<glow::Context>`
              found struct `Rc<&glow::Context>`

error[E0599]: no method named `create_vertex_array` found for struct `Rc<&glow::Context>` in the current scope
   --> src\graphics\mesh.rs:86:26
    |
86  |             let vao = gl.create_vertex_array()?;
    |                          ^^^^^^^^^^^^^^^^^^^
    |
    = help: items from traits can only be used if the trait is in scope
help: there is a method `delete_vertex_array` with a similar name, but with different arguments
   --> C:\Users\mrkri\.cargo\registry\src\index.crates.io-1949cf8c6b5b557f\glow-0.13.1\src\lib.rs:231:5
    |
231 |     unsafe fn delete_vertex_array(&self, vertex_array: Self::VertexArray);
    |     ^^^^^^^^^^^^^^^^^^^^^^^^^^^^^^^^^^^^^^^^^^^^^^^^^^^^^^^^^^^^^^^^^^^^^^
help: trait `HasContext` which provides `create_vertex_array` is implemented but not in scope; perhaps you want to import it
    |
1   + use glow::HasContext;
    |

error[E0599]: no method named `bind_vertex_array` found for struct `Rc<&glow::Context>` in the current scope
   --> src\graphics\mesh.rs:87:16
    |
87  |             gl.bind_vertex_array(Some(vao));
    |                ^^^^^^^^^^^^^^^^^
    |
    = help: items from traits can only be used if the trait is in scope
help: there is a method `create_vertex_array` with a similar name, but with different arguments
   --> C:\Users\mrkri\.cargo\registry\src\index.crates.io-1949cf8c6b5b557f\glow-0.13.1\src\lib.rs:229:5
    |
229 |     unsafe fn create_vertex_array(&self) -> Result<Self::VertexArray, String>;
    |     ^^^^^^^^^^^^^^^^^^^^^^^^^^^^^^^^^^^^^^^^^^^^^^^^^^^^^^^^^^^^^^^^^^^^^^^^^^
help: trait `HasContext` which provides `bind_vertex_array` is implemented but not in scope; perhaps you want to import it
    |
1   + use glow::HasContext;
    |

error[E0599]: no method named `create_buffer` found for struct `Rc<&glow::Context>` in the current scope
  --> src\graphics\mesh.rs:89:26
   |
89 |             let vbo = gl.create_buffer()?;
   |                          ^^^^^^^^^^^^^
   |
   = help: items from traits can only be used if the trait is in scope
help: trait `HasContext` which provides `create_buffer` is implemented but not in scope; perhaps you want to import it
   |
1  + use glow::HasContext;
   |
help: there is a method `create_framebuffer` with a similar name
   |
89 |             let vbo = gl.create_framebuffer()?;
   |                                 +++++

error[E0599]: no method named `bind_buffer` found for struct `Rc<&glow::Context>` in the current scope
   --> src\graphics\mesh.rs:90:16
    |
90  |             gl.bind_buffer(glow::ARRAY_BUFFER, Some(vbo));
    |                ^^^^^^^^^^^
    |
    = help: items from traits can only be used if the trait is in scope
help: there is a method `bind_buffer_base` with a similar name, but with different arguments
   --> C:\Users\mrkri\.cargo\registry\src\index.crates.io-1949cf8c6b5b557f\glow-0.13.1\src\lib.rs:192:5
    |
192 |     unsafe fn bind_buffer_base(&self, target: u32, index: u32, buffer: Option<Self::Buffer>);
    |     ^^^^^^^^^^^^^^^^^^^^^^^^^^^^^^^^^^^^^^^^^^^^^^^^^^^^^^^^^^^^^^^^^^^^^^^^^^^^^^^^^^^^^^^^^
help: trait `HasContext` which provides `bind_buffer` is implemented but not in scope; perhaps you want to import it
    |
1   + use glow::HasContext;
    |

error[E0599]: no method named `buffer_data_u8_slice` found for struct `Rc<&glow::Context>` in the current scope
  --> src\graphics\mesh.rs:91:16
   |
91 |             gl.buffer_data_u8_slice(
   |             ---^^^^^^^^^^^^^^^^^^^^
   |
   = help: items from traits can only be used if the trait is in scope
help: trait `HasContext` which provides `buffer_data_u8_slice` is implemented but not in scope; perhaps you want to import it
   |
1  + use glow::HasContext;
   |
help: there is a method `buffer_sub_data_u8_slice` with a similar name
   |
91 |             gl.buffer_sub_data_u8_slice(
   |                       ++++

error[E0599]: no method named `create_buffer` found for struct `Rc<&glow::Context>` in the current scope
  --> src\graphics\mesh.rs:97:26
   |
97 |             let ebo = gl.create_buffer()?;
   |                          ^^^^^^^^^^^^^
   |
   = help: items from traits can only be used if the trait is in scope
help: trait `HasContext` which provides `create_buffer` is implemented but not in scope; perhaps you want to import it
   |
1  + use glow::HasContext;
   |
help: there is a method `create_framebuffer` with a similar name
   |
97 |             let ebo = gl.create_framebuffer()?;
   |                                 +++++

error[E0599]: no method named `bind_buffer` found for struct `Rc<&glow::Context>` in the current scope
   --> src\graphics\mesh.rs:98:16
    |
98  |             gl.bind_buffer(glow::ELEMENT_ARRAY_BUFFER, Some(ebo));
    |                ^^^^^^^^^^^
    |
    = help: items from traits can only be used if the trait is in scope
help: there is a method `bind_buffer_base` with a similar name, but with different arguments
   --> C:\Users\mrkri\.cargo\registry\src\index.crates.io-1949cf8c6b5b557f\glow-0.13.1\src\lib.rs:192:5
    |
192 |     unsafe fn bind_buffer_base(&self, target: u32, index: u32, buffer: Option<Self::Buffer>);
    |     ^^^^^^^^^^^^^^^^^^^^^^^^^^^^^^^^^^^^^^^^^^^^^^^^^^^^^^^^^^^^^^^^^^^^^^^^^^^^^^^^^^^^^^^^^
help: trait `HasContext` which provides `bind_buffer` is implemented but not in scope; perhaps you want to import it
    |
1   + use glow::HasContext;
    |

error[E0599]: no method named `buffer_data_u8_slice` found for struct `Rc<&glow::Context>` in the current scope
  --> src\graphics\mesh.rs:99:16
   |
99 |             gl.buffer_data_u8_slice(
   |             ---^^^^^^^^^^^^^^^^^^^^
   |
   = help: items from traits can only be used if the trait is in scope
help: trait `HasContext` which provides `buffer_data_u8_slice` is implemented but not in scope; perhaps you want to import it
   |
1  + use glow::HasContext;
   |
help: there is a method `buffer_sub_data_u8_slice` with a similar name
   |
99 |             gl.buffer_sub_data_u8_slice(
   |                       ++++

error[E0599]: no method named `enable_vertex_attrib_array` found for struct `Rc<&glow::Context>` in the current scope
   --> src\graphics\mesh.rs:106:16
    |
106 |             gl.enable_vertex_attrib_array(0);
    |                ^^^^^^^^^^^^^^^^^^^^^^^^^^
    |
    = help: items from traits can only be used if the trait is in scope
help: trait `HasContext` which provides `enable_vertex_attrib_array` is implemented but not in scope; perhaps you want to import it
    |
1   + use glow::HasContext;
    |
help: there is a method `disable_vertex_attrib_array` with a similar name
    |
106 -             gl.enable_vertex_attrib_array(0);
106 +             gl.disable_vertex_attrib_array(0);
    |

error[E0599]: no method named `vertex_attrib_pointer_f32` found for struct `Rc<&glow::Context>` in the current scope
    --> src\graphics\mesh.rs:107:16
     |
107  |             gl.vertex_attrib_pointer_f32(0, 3, glow::FLOAT, false, 32, 0);
     |                ^^^^^^^^^^^^^^^^^^^^^^^^^
     |
     = help: items from traits can only be used if the trait is in scope
help: there is a method `vertex_attrib_pointer_i32` with a similar name, but with different arguments
    --> C:\Users\mrkri\.cargo\registry\src\index.crates.io-1949cf8c6b5b557f\glow-0.13.1\src\lib.rs:1068:5
     |
1068 | /     unsafe fn vertex_attrib_pointer_i32(
1069 | |         &self,
1070 | |         index: u32,
1071 | |         size: i32,
...    |
1074 | |         offset: i32,
1075 | |     );
     | |______^
help: trait `HasContext` which provides `vertex_attrib_pointer_f32` is implemented but not in scope; perhaps you want to import it
     |
1    + use glow::HasContext;
     |

error[E0599]: no method named `enable_vertex_attrib_array` found for struct `Rc<&glow::Context>` in the current scope
   --> src\graphics\mesh.rs:110:16
    |
110 |             gl.enable_vertex_attrib_array(1);
    |                ^^^^^^^^^^^^^^^^^^^^^^^^^^
    |
    = help: items from traits can only be used if the trait is in scope
help: trait `HasContext` which provides `enable_vertex_attrib_array` is implemented but not in scope; perhaps you want to import it
    |
1   + use glow::HasContext;
    |
help: there is a method `disable_vertex_attrib_array` with a similar name
    |
110 -             gl.enable_vertex_attrib_array(1);
110 +             gl.disable_vertex_attrib_array(1);
    |

error[E0599]: no method named `vertex_attrib_pointer_f32` found for struct `Rc<&glow::Context>` in the current scope
    --> src\graphics\mesh.rs:111:16
     |
111  |             gl.vertex_attrib_pointer_f32(1, 3, glow::FLOAT, false, 32, 12);
     |                ^^^^^^^^^^^^^^^^^^^^^^^^^
     |
     = help: items from traits can only be used if the trait is in scope
help: there is a method `vertex_attrib_pointer_i32` with a similar name, but with different arguments
    --> C:\Users\mrkri\.cargo\registry\src\index.crates.io-1949cf8c6b5b557f\glow-0.13.1\src\lib.rs:1068:5
     |
1068 | /     unsafe fn vertex_attrib_pointer_i32(
1069 | |         &self,
1070 | |         index: u32,
1071 | |         size: i32,
...    |
1074 | |         offset: i32,
1075 | |     );
     | |______^
help: trait `HasContext` which provides `vertex_attrib_pointer_f32` is implemented but not in scope; perhaps you want to import it
     |
1    + use glow::HasContext;
     |

error[E0599]: no method named `enable_vertex_attrib_array` found for struct `Rc<&glow::Context>` in the current scope
   --> src\graphics\mesh.rs:114:16
    |
114 |             gl.enable_vertex_attrib_array(2);
    |                ^^^^^^^^^^^^^^^^^^^^^^^^^^
    |
    = help: items from traits can only be used if the trait is in scope
help: trait `HasContext` which provides `enable_vertex_attrib_array` is implemented but not in scope; perhaps you want to import it
    |
1   + use glow::HasContext;
    |
help: there is a method `disable_vertex_attrib_array` with a similar name
    |
114 -             gl.enable_vertex_attrib_array(2);
114 +             gl.disable_vertex_attrib_array(2);
    |

error[E0599]: no method named `vertex_attrib_pointer_f32` found for struct `Rc<&glow::Context>` in the current scope
    --> src\graphics\mesh.rs:115:16
     |
115  |             gl.vertex_attrib_pointer_f32(2, 2, glow::FLOAT, false, 32, 24);
     |                ^^^^^^^^^^^^^^^^^^^^^^^^^
     |
     = help: items from traits can only be used if the trait is in scope
help: there is a method `vertex_attrib_pointer_i32` with a similar name, but with different arguments
    --> C:\Users\mrkri\.cargo\registry\src\index.crates.io-1949cf8c6b5b557f\glow-0.13.1\src\lib.rs:1068:5
     |
1068 | /     unsafe fn vertex_attrib_pointer_i32(
1069 | |         &self,
1070 | |         index: u32,
1071 | |         size: i32,
...    |
1074 | |         offset: i32,
1075 | |     );
     | |______^
help: trait `HasContext` which provides `vertex_attrib_pointer_f32` is implemented but not in scope; perhaps you want to import it
     |
1    + use glow::HasContext;
     |

error[E0308]: mismatched types
   --> src\graphics\mesh.rs:118:17
    |
118 |                 gl,
    |                 ^^ expected `Rc<Context>`, found `Rc<&Context>`
    |
    = note: expected struct `Rc<glow::Context>`
               found struct `Rc<&glow::Context>`

error[E0599]: no method named `create_vertex_array` found for struct `Rc<&glow::Context>` in the current scope
   --> src\graphics\mesh.rs:133:26
    |
133 |             let vao = gl.create_vertex_array()?;
    |                          ^^^^^^^^^^^^^^^^^^^
    |
    = help: items from traits can only be used if the trait is in scope
help: there is a method `delete_vertex_array` with a similar name, but with different arguments
   --> C:\Users\mrkri\.cargo\registry\src\index.crates.io-1949cf8c6b5b557f\glow-0.13.1\src\lib.rs:231:5
    |
231 |     unsafe fn delete_vertex_array(&self, vertex_array: Self::VertexArray);
    |     ^^^^^^^^^^^^^^^^^^^^^^^^^^^^^^^^^^^^^^^^^^^^^^^^^^^^^^^^^^^^^^^^^^^^^^
help: trait `HasContext` which provides `create_vertex_array` is implemented but not in scope; perhaps you want to import it
    |
1   + use glow::HasContext;
    |

error[E0599]: no method named `bind_vertex_array` found for struct `Rc<&glow::Context>` in the current scope
   --> src\graphics\mesh.rs:134:16
    |
134 |             gl.bind_vertex_array(Some(vao));
    |                ^^^^^^^^^^^^^^^^^
    |
    = help: items from traits can only be used if the trait is in scope
help: there is a method `create_vertex_array` with a similar name, but with different arguments
   --> C:\Users\mrkri\.cargo\registry\src\index.crates.io-1949cf8c6b5b557f\glow-0.13.1\src\lib.rs:229:5
    |
229 |     unsafe fn create_vertex_array(&self) -> Result<Self::VertexArray, String>;
    |     ^^^^^^^^^^^^^^^^^^^^^^^^^^^^^^^^^^^^^^^^^^^^^^^^^^^^^^^^^^^^^^^^^^^^^^^^^^
help: trait `HasContext` which provides `bind_vertex_array` is implemented but not in scope; perhaps you want to import it
    |
1   + use glow::HasContext;
    |

error[E0599]: no method named `create_buffer` found for struct `Rc<&glow::Context>` in the current scope
   --> src\graphics\mesh.rs:136:26
    |
136 |             let vbo = gl.create_buffer()?;
    |                          ^^^^^^^^^^^^^
    |
    = help: items from traits can only be used if the trait is in scope
help: trait `HasContext` which provides `create_buffer` is implemented but not in scope; perhaps you want to import it
    |
1   + use glow::HasContext;
    |
help: there is a method `create_framebuffer` with a similar name
    |
136 |             let vbo = gl.create_framebuffer()?;
    |                                 +++++

error[E0599]: no method named `bind_buffer` found for struct `Rc<&glow::Context>` in the current scope
   --> src\graphics\mesh.rs:137:16
    |
137 |             gl.bind_buffer(glow::ARRAY_BUFFER, Some(vbo));
    |                ^^^^^^^^^^^
    |
    = help: items from traits can only be used if the trait is in scope
help: there is a method `bind_buffer_base` with a similar name, but with different arguments
   --> C:\Users\mrkri\.cargo\registry\src\index.crates.io-1949cf8c6b5b557f\glow-0.13.1\src\lib.rs:192:5
    |
192 |     unsafe fn bind_buffer_base(&self, target: u32, index: u32, buffer: Option<Self::Buffer>);
    |     ^^^^^^^^^^^^^^^^^^^^^^^^^^^^^^^^^^^^^^^^^^^^^^^^^^^^^^^^^^^^^^^^^^^^^^^^^^^^^^^^^^^^^^^^^
help: trait `HasContext` which provides `bind_buffer` is implemented but not in scope; perhaps you want to import it
    |
1   + use glow::HasContext;
    |

error[E0599]: no method named `buffer_data_u8_slice` found for struct `Rc<&glow::Context>` in the current scope
   --> src\graphics\mesh.rs:138:16
    |
138 |             gl.buffer_data_u8_slice(
    |             ---^^^^^^^^^^^^^^^^^^^^
    |
    = help: items from traits can only be used if the trait is in scope
help: trait `HasContext` which provides `buffer_data_u8_slice` is implemented but not in scope; perhaps you want to import it
    |
1   + use glow::HasContext;
    |
help: there is a method `buffer_sub_data_u8_slice` with a similar name
    |
138 |             gl.buffer_sub_data_u8_slice(
    |                       ++++

error[E0599]: no method named `create_buffer` found for struct `Rc<&glow::Context>` in the current scope
   --> src\graphics\mesh.rs:144:26
    |
144 |             let ebo = gl.create_buffer()?;
    |                          ^^^^^^^^^^^^^
    |
    = help: items from traits can only be used if the trait is in scope
help: trait `HasContext` which provides `create_buffer` is implemented but not in scope; perhaps you want to import it
    |
1   + use glow::HasContext;
    |
help: there is a method `create_framebuffer` with a similar name
    |
144 |             let ebo = gl.create_framebuffer()?;
    |                                 +++++

error[E0599]: no method named `bind_buffer` found for struct `Rc<&glow::Context>` in the current scope
   --> src\graphics\mesh.rs:145:16
    |
145 |             gl.bind_buffer(glow::ELEMENT_ARRAY_BUFFER, Some(ebo));
    |                ^^^^^^^^^^^
    |
    = help: items from traits can only be used if the trait is in scope
help: there is a method `bind_buffer_base` with a similar name, but with different arguments
   --> C:\Users\mrkri\.cargo\registry\src\index.crates.io-1949cf8c6b5b557f\glow-0.13.1\src\lib.rs:192:5
    |
192 |     unsafe fn bind_buffer_base(&self, target: u32, index: u32, buffer: Option<Self::Buffer>);
    |     ^^^^^^^^^^^^^^^^^^^^^^^^^^^^^^^^^^^^^^^^^^^^^^^^^^^^^^^^^^^^^^^^^^^^^^^^^^^^^^^^^^^^^^^^^
help: trait `HasContext` which provides `bind_buffer` is implemented but not in scope; perhaps you want to import it
    |
1   + use glow::HasContext;
    |

error[E0599]: no method named `buffer_data_u8_slice` found for struct `Rc<&glow::Context>` in the current scope
   --> src\graphics\mesh.rs:146:16
    |
146 |             gl.buffer_data_u8_slice(
    |             ---^^^^^^^^^^^^^^^^^^^^
    |
    = help: items from traits can only be used if the trait is in scope
help: trait `HasContext` which provides `buffer_data_u8_slice` is implemented but not in scope; perhaps you want to import it
    |
1   + use glow::HasContext;
    |
help: there is a method `buffer_sub_data_u8_slice` with a similar name
    |
146 |             gl.buffer_sub_data_u8_slice(
    |                       ++++

error[E0599]: no method named `enable_vertex_attrib_array` found for struct `Rc<&glow::Context>` in the current scope
   --> src\graphics\mesh.rs:153:16
    |
153 |             gl.enable_vertex_attrib_array(0);
    |                ^^^^^^^^^^^^^^^^^^^^^^^^^^
    |
    = help: items from traits can only be used if the trait is in scope
help: trait `HasContext` which provides `enable_vertex_attrib_array` is implemented but not in scope; perhaps you want to import it
    |
1   + use glow::HasContext;
    |
help: there is a method `disable_vertex_attrib_array` with a similar name
    |
153 -             gl.enable_vertex_attrib_array(0);
153 +             gl.disable_vertex_attrib_array(0);
    |

error[E0599]: no method named `vertex_attrib_pointer_f32` found for struct `Rc<&glow::Context>` in the current scope
    --> src\graphics\mesh.rs:154:16
     |
154  |             gl.vertex_attrib_pointer_f32(0, 3, glow::FLOAT, false, 40, 0);
     |                ^^^^^^^^^^^^^^^^^^^^^^^^^
     |
     = help: items from traits can only be used if the trait is in scope
help: there is a method `vertex_attrib_pointer_i32` with a similar name, but with different arguments
    --> C:\Users\mrkri\.cargo\registry\src\index.crates.io-1949cf8c6b5b557f\glow-0.13.1\src\lib.rs:1068:5
     |
1068 | /     unsafe fn vertex_attrib_pointer_i32(
1069 | |         &self,
1070 | |         index: u32,
1071 | |         size: i32,
...    |
1074 | |         offset: i32,
1075 | |     );
     | |______^
help: trait `HasContext` which provides `vertex_attrib_pointer_f32` is implemented but not in scope; perhaps you want to import it
     |
1    + use glow::HasContext;
     |

error[E0599]: no method named `enable_vertex_attrib_array` found for struct `Rc<&glow::Context>` in the current scope
   --> src\graphics\mesh.rs:157:16
    |
157 |             gl.enable_vertex_attrib_array(1);
    |                ^^^^^^^^^^^^^^^^^^^^^^^^^^
    |
    = help: items from traits can only be used if the trait is in scope
help: trait `HasContext` which provides `enable_vertex_attrib_array` is implemented but not in scope; perhaps you want to import it
    |
1   + use glow::HasContext;
    |
help: there is a method `disable_vertex_attrib_array` with a similar name
    |
157 -             gl.enable_vertex_attrib_array(1);
157 +             gl.disable_vertex_attrib_array(1);
    |

error[E0599]: no method named `vertex_attrib_pointer_f32` found for struct `Rc<&glow::Context>` in the current scope
    --> src\graphics\mesh.rs:158:16
     |
158  |             gl.vertex_attrib_pointer_f32(1, 3, glow::FLOAT, false, 40, 12);
     |                ^^^^^^^^^^^^^^^^^^^^^^^^^
     |
     = help: items from traits can only be used if the trait is in scope
help: there is a method `vertex_attrib_pointer_i32` with a similar name, but with different arguments
    --> C:\Users\mrkri\.cargo\registry\src\index.crates.io-1949cf8c6b5b557f\glow-0.13.1\src\lib.rs:1068:5
     |
1068 | /     unsafe fn vertex_attrib_pointer_i32(
1069 | |         &self,
1070 | |         index: u32,
1071 | |         size: i32,
...    |
1074 | |         offset: i32,
1075 | |     );
     | |______^
help: trait `HasContext` which provides `vertex_attrib_pointer_f32` is implemented but not in scope; perhaps you want to import it
     |
1    + use glow::HasContext;
     |

error[E0599]: no method named `enable_vertex_attrib_array` found for struct `Rc<&glow::Context>` in the current scope
   --> src\graphics\mesh.rs:161:16
    |
161 |             gl.enable_vertex_attrib_array(2);
    |                ^^^^^^^^^^^^^^^^^^^^^^^^^^
    |
    = help: items from traits can only be used if the trait is in scope
help: trait `HasContext` which provides `enable_vertex_attrib_array` is implemented but not in scope; perhaps you want to import it
    |
1   + use glow::HasContext;
    |
help: there is a method `disable_vertex_attrib_array` with a similar name
    |
161 -             gl.enable_vertex_attrib_array(2);
161 +             gl.disable_vertex_attrib_array(2);
    |

error[E0599]: no method named `vertex_attrib_pointer_f32` found for struct `Rc<&glow::Context>` in the current scope
    --> src\graphics\mesh.rs:162:16
     |
162  |             gl.vertex_attrib_pointer_f32(2, 1, glow::FLOAT, false, 40, 24);
     |                ^^^^^^^^^^^^^^^^^^^^^^^^^
     |
     = help: items from traits can only be used if the trait is in scope
help: there is a method `vertex_attrib_pointer_i32` with a similar name, but with different arguments
    --> C:\Users\mrkri\.cargo\registry\src\index.crates.io-1949cf8c6b5b557f\glow-0.13.1\src\lib.rs:1068:5
     |
1068 | /     unsafe fn vertex_attrib_pointer_i32(
1069 | |         &self,
1070 | |         index: u32,
1071 | |         size: i32,
...    |
1074 | |         offset: i32,
1075 | |     );
     | |______^
help: trait `HasContext` which provides `vertex_attrib_pointer_f32` is implemented but not in scope; perhaps you want to import it
     |
1    + use glow::HasContext;
     |

error[E0599]: no method named `enable_vertex_attrib_array` found for struct `Rc<&glow::Context>` in the current scope
   --> src\graphics\mesh.rs:165:16
    |
165 |             gl.enable_vertex_attrib_array(3);
    |                ^^^^^^^^^^^^^^^^^^^^^^^^^^
    |
    = help: items from traits can only be used if the trait is in scope
help: trait `HasContext` which provides `enable_vertex_attrib_array` is implemented but not in scope; perhaps you want to import it
    |
1   + use glow::HasContext;
    |
help: there is a method `disable_vertex_attrib_array` with a similar name
    |
165 -             gl.enable_vertex_attrib_array(3);
165 +             gl.disable_vertex_attrib_array(3);
    |

error[E0599]: no method named `vertex_attrib_pointer_f32` found for struct `Rc<&glow::Context>` in the current scope
    --> src\graphics\mesh.rs:166:16
     |
166  |             gl.vertex_attrib_pointer_f32(3, 1, glow::FLOAT, false, 40, 28);
     |                ^^^^^^^^^^^^^^^^^^^^^^^^^
     |
     = help: items from traits can only be used if the trait is in scope
help: there is a method `vertex_attrib_pointer_i32` with a similar name, but with different arguments
    --> C:\Users\mrkri\.cargo\registry\src\index.crates.io-1949cf8c6b5b557f\glow-0.13.1\src\lib.rs:1068:5
     |
1068 | /     unsafe fn vertex_attrib_pointer_i32(
1069 | |         &self,
1070 | |         index: u32,
1071 | |         size: i32,
...    |
1074 | |         offset: i32,
1075 | |     );
     | |______^
help: trait `HasContext` which provides `vertex_attrib_pointer_f32` is implemented but not in scope; perhaps you want to import it
     |
1    + use glow::HasContext;
     |

error[E0599]: no method named `enable_vertex_attrib_array` found for struct `Rc<&glow::Context>` in the current scope
   --> src\graphics\mesh.rs:169:16
    |
169 |             gl.enable_vertex_attrib_array(4);
    |                ^^^^^^^^^^^^^^^^^^^^^^^^^^
    |
    = help: items from traits can only be used if the trait is in scope
help: trait `HasContext` which provides `enable_vertex_attrib_array` is implemented but not in scope; perhaps you want to import it
    |
1   + use glow::HasContext;
    |
help: there is a method `disable_vertex_attrib_array` with a similar name
    |
169 -             gl.enable_vertex_attrib_array(4);
169 +             gl.disable_vertex_attrib_array(4);
    |

error[E0599]: no method named `vertex_attrib_pointer_f32` found for struct `Rc<&glow::Context>` in the current scope
    --> src\graphics\mesh.rs:170:16
     |
170  |             gl.vertex_attrib_pointer_f32(4, 2, glow::FLOAT, false, 40, 32);
     |                ^^^^^^^^^^^^^^^^^^^^^^^^^
     |
     = help: items from traits can only be used if the trait is in scope
help: there is a method `vertex_attrib_pointer_i32` with a similar name, but with different arguments
    --> C:\Users\mrkri\.cargo\registry\src\index.crates.io-1949cf8c6b5b557f\glow-0.13.1\src\lib.rs:1068:5
     |
1068 | /     unsafe fn vertex_attrib_pointer_i32(
1069 | |         &self,
1070 | |         index: u32,
1071 | |         size: i32,
...    |
1074 | |         offset: i32,
1075 | |     );
     | |______^
help: trait `HasContext` which provides `vertex_attrib_pointer_f32` is implemented but not in scope; perhaps you want to import it
     |
1    + use glow::HasContext;
     |

error[E0308]: mismatched types
   --> src\graphics\mesh.rs:173:17
    |
173 |                 gl,
    |                 ^^ expected `Rc<Context>`, found `Rc<&Context>`
    |
    = note: expected struct `Rc<glow::Context>`
               found struct `Rc<&glow::Context>`

error[E0599]: no method named `bind_vertex_array` found for struct `Rc<glow::Context>` in the current scope
   --> src\graphics\mesh.rs:184:21
    |
184 |             self.gl.bind_vertex_array(Some(self.vao));
    |                     ^^^^^^^^^^^^^^^^^
    |
    = help: items from traits can only be used if the trait is in scope
help: there is a method `create_vertex_array` with a similar name, but with different arguments
   --> C:\Users\mrkri\.cargo\registry\src\index.crates.io-1949cf8c6b5b557f\glow-0.13.1\src\lib.rs:229:5
    |
229 |     unsafe fn create_vertex_array(&self) -> Result<Self::VertexArray, String>;
    |     ^^^^^^^^^^^^^^^^^^^^^^^^^^^^^^^^^^^^^^^^^^^^^^^^^^^^^^^^^^^^^^^^^^^^^^^^^^
help: trait `HasContext` which provides `bind_vertex_array` is implemented but not in scope; perhaps you want to import it
    |
1   + use glow::HasContext;
    |

error[E0599]: no method named `draw_elements` found for struct `Rc<glow::Context>` in the current scope
   --> src\graphics\mesh.rs:185:21
    |
185 |             self.gl.draw_elements(
    |             --------^^^^^^^^^^^^^
    |
    = help: items from traits can only be used if the trait is in scope
help: there is a method `draw_elements_instanced` with a similar name, but with different arguments
   --> C:\Users\mrkri\.cargo\registry\src\index.crates.io-1949cf8c6b5b557f\glow-0.13.1\src\lib.rs:405:5
    |
405 | /     unsafe fn draw_elements_instanced(
406 | |         &self,
407 | |         mode: u32,
408 | |         count: i32,
...   |
411 | |         instance_count: i32,
412 | |     );
    | |______^
help: trait `HasContext` which provides `draw_elements` is implemented but not in scope; perhaps you want to import it
    |
1   + use glow::HasContext;
    |

error[E0599]: no method named `delete_vertex_array` found for struct `Rc<glow::Context>` in the current scope
   --> src\graphics\mesh.rs:198:21
    |
198 |             self.gl.delete_vertex_array(self.vao);
    |                     ^^^^^^^^^^^^^^^^^^^
    |
    = help: items from traits can only be used if the trait is in scope
help: there is a method `create_vertex_array` with a similar name, but with different arguments
   --> C:\Users\mrkri\.cargo\registry\src\index.crates.io-1949cf8c6b5b557f\glow-0.13.1\src\lib.rs:229:5
    |
229 |     unsafe fn create_vertex_array(&self) -> Result<Self::VertexArray, String>;
    |     ^^^^^^^^^^^^^^^^^^^^^^^^^^^^^^^^^^^^^^^^^^^^^^^^^^^^^^^^^^^^^^^^^^^^^^^^^^
help: trait `HasContext` which provides `delete_vertex_array` is implemented but not in scope; perhaps you want to import it
    |
1   + use glow::HasContext;
    |

error[E0599]: no method named `delete_buffer` found for struct `Rc<glow::Context>` in the current scope
   --> src\graphics\mesh.rs:199:21
    |
199 |             self.gl.delete_buffer(self.vbo);
    |                     ^^^^^^^^^^^^^
    |
    = help: items from traits can only be used if the trait is in scope
help: trait `HasContext` which provides `delete_buffer` is implemented but not in scope; perhaps you want to import it
    |
1   + use glow::HasContext;
    |
help: there is a method `delete_framebuffer` with a similar name
    |
199 |             self.gl.delete_framebuffer(self.vbo);
    |                            +++++

error[E0599]: no method named `delete_buffer` found for struct `Rc<glow::Context>` in the current scope
   --> src\graphics\mesh.rs:200:21
    |
200 |             self.gl.delete_buffer(self.ebo);
    |                     ^^^^^^^^^^^^^
    |
    = help: items from traits can only be used if the trait is in scope
help: trait `HasContext` which provides `delete_buffer` is implemented but not in scope; perhaps you want to import it
    |
1   + use glow::HasContext;
    |
help: there is a method `delete_framebuffer` with a similar name
    |
200 |             self.gl.delete_framebuffer(self.ebo);
    |                            +++++

error[E0599]: no method named `create_texture` found for struct `Rc<&glow::Context>` in the current scope
   --> src\graphics\texture.rs:14:30
    |
14  |             let texture = gl.create_texture()?;
    |                              ^^^^^^^^^^^^^^
    |
    = help: items from traits can only be used if the trait is in scope
help: there is a method `create_named_texture` with a similar name, but with different arguments
   --> C:\Users\mrkri\.cargo\registry\src\index.crates.io-1949cf8c6b5b557f\glow-0.13.1\src\lib.rs:123:5
    |
123 |     unsafe fn create_named_texture(&self, target: u32) -> Result<Self::Texture, String>;
    |     ^^^^^^^^^^^^^^^^^^^^^^^^^^^^^^^^^^^^^^^^^^^^^^^^^^^^^^^^^^^^^^^^^^^^^^^^^^^^^^^^^^^^
help: trait `HasContext` which provides `create_texture` is implemented but not in scope; perhaps you want to import it
    |
1   + use glow::HasContext;
    |

error[E0599]: no method named `bind_texture` found for struct `Rc<&glow::Context>` in the current scope
    --> src\graphics\texture.rs:15:16
     |
15   |             gl.bind_texture(glow::TEXTURE_2D, Some(texture));
     |                ^^^^^^^^^^^^
     |
     = help: items from traits can only be used if the trait is in scope
help: there is a method `bind_image_texture` with a similar name, but with different arguments
    --> C:\Users\mrkri\.cargo\registry\src\index.crates.io-1949cf8c6b5b557f\glow-0.13.1\src\lib.rs:1291:5
     |
1291 | /     unsafe fn bind_image_texture(
1292 | |         &self,
1293 | |         unit: u32,
1294 | |         texture: Self::Texture,
...    |
1299 | |         format: u32,
1300 | |     );
     | |______^
help: trait `HasContext` which provides `bind_texture` is implemented but not in scope; perhaps you want to import it
     |
1    + use glow::HasContext;
     |

error[E0599]: no method named `tex_image_2d` found for struct `Rc<&glow::Context>` in the current scope
   --> src\graphics\texture.rs:17:16
    |
17  |             gl.tex_image_2d(
    |             ---^^^^^^^^^^^^
    |
    = help: items from traits can only be used if the trait is in scope
help: there is a method `tex_image_1d` with a similar name, but with different arguments
   --> C:\Users\mrkri\.cargo\registry\src\index.crates.io-1949cf8c6b5b557f\glow-0.13.1\src\lib.rs:585:5
    |
585 | /     unsafe fn tex_image_1d(
586 | |         &self,
587 | |         target: u32,
588 | |         level: i32,
...   |
594 | |         pixels: Option<&[u8]>,
595 | |     );
    | |______^
help: trait `HasContext` which provides `tex_image_2d` is implemented but not in scope; perhaps you want to import it
    |
1   + use glow::HasContext;
    |

error[E0599]: no method named `generate_mipmap` found for struct `Rc<&glow::Context>` in the current scope
  --> src\graphics\texture.rs:29:16
   |
29 |             gl.generate_mipmap(glow::TEXTURE_2D);
   |                ^^^^^^^^^^^^^^^
   |
   = help: items from traits can only be used if the trait is in scope
help: trait `HasContext` which provides `generate_mipmap` is implemented but not in scope; perhaps you want to import it
   |
1  + use glow::HasContext;
   |
help: there is a method `generate_texture_mipmap` with a similar name
   |
29 |             gl.generate_texture_mipmap(glow::TEXTURE_2D);
   |                         ++++++++

error[E0599]: no method named `tex_parameter_i32` found for struct `Rc<&glow::Context>` in the current scope
  --> src\graphics\texture.rs:31:16
   |
31 |             gl.tex_parameter_i32(glow::TEXTURE_2D, glow::TEXTURE_MIN_FILTER, glow::LINEAR as i32);
   |                ^^^^^^^^^^^^^^^^^
   |
   = help: items from traits can only be used if the trait is in scope
help: trait `HasContext` which provides `tex_parameter_i32` is implemented but not in scope; perhaps you want to import it
   |
1  + use glow::HasContext;
   |
help: there is a method `tex_parameter_f32` with a similar name
   |
31 -             gl.tex_parameter_i32(glow::TEXTURE_2D, glow::TEXTURE_MIN_FILTER, glow::LINEAR as i32);
31 +             gl.tex_parameter_f32(glow::TEXTURE_2D, glow::TEXTURE_MIN_FILTER, glow::LINEAR as i32);
   |

error[E0599]: no method named `tex_parameter_i32` found for struct `Rc<&glow::Context>` in the current scope
  --> src\graphics\texture.rs:32:16
   |
32 |             gl.tex_parameter_i32(glow::TEXTURE_2D, glow::TEXTURE_MAG_FILTER, glow::LINEAR as i32);
   |                ^^^^^^^^^^^^^^^^^
   |
   = help: items from traits can only be used if the trait is in scope
help: trait `HasContext` which provides `tex_parameter_i32` is implemented but not in scope; perhaps you want to import it
   |
1  + use glow::HasContext;
   |
help: there is a method `tex_parameter_f32` with a similar name
   |
32 -             gl.tex_parameter_i32(glow::TEXTURE_2D, glow::TEXTURE_MAG_FILTER, glow::LINEAR as i32);
32 +             gl.tex_parameter_f32(glow::TEXTURE_2D, glow::TEXTURE_MAG_FILTER, glow::LINEAR as i32);
   |

error[E0308]: mismatched types
  --> src\graphics\texture.rs:34:26
   |
34 |             Ok(Texture { gl, texture })
   |                          ^^ expected `Rc<Context>`, found `Rc<&Context>`
   |
   = note: expected struct `Rc<glow::Context>`
              found struct `Rc<&glow::Context>`

error[E0599]: no method named `bind_texture` found for struct `Rc<glow::Context>` in the current scope
    --> src\graphics\texture.rs:40:21
     |
40   |             self.gl.bind_texture(glow::TEXTURE_2D, Some(self.texture));
     |                     ^^^^^^^^^^^^
     |
     = help: items from traits can only be used if the trait is in scope
help: there is a method `bind_image_texture` with a similar name, but with different arguments
    --> C:\Users\mrkri\.cargo\registry\src\index.crates.io-1949cf8c6b5b557f\glow-0.13.1\src\lib.rs:1291:5
     |
1291 | /     unsafe fn bind_image_texture(
1292 | |         &self,
1293 | |         unit: u32,
1294 | |         texture: Self::Texture,
...    |
1299 | |         format: u32,
1300 | |     );
     | |______^
help: trait `HasContext` which provides `bind_texture` is implemented but not in scope; perhaps you want to import it
     |
1    + use glow::HasContext;
     |

error[E0599]: no method named `bind_texture` found for struct `Rc<glow::Context>` in the current scope
    --> src\graphics\texture.rs:46:21
     |
46   |             self.gl.bind_texture(glow::TEXTURE_2D, None);
     |                     ^^^^^^^^^^^^
     |
     = help: items from traits can only be used if the trait is in scope
help: there is a method `bind_image_texture` with a similar name, but with different arguments
    --> C:\Users\mrkri\.cargo\registry\src\index.crates.io-1949cf8c6b5b557f\glow-0.13.1\src\lib.rs:1291:5
     |
1291 | /     unsafe fn bind_image_texture(
1292 | |         &self,
1293 | |         unit: u32,
1294 | |         texture: Self::Texture,
...    |
1299 | |         format: u32,
1300 | |     );
     | |______^
help: trait `HasContext` which provides `bind_texture` is implemented but not in scope; perhaps you want to import it
     |
1    + use glow::HasContext;
     |

error[E0599]: no method named `delete_texture` found for struct `Rc<glow::Context>` in the current scope
   --> src\graphics\texture.rs:54:21
    |
54  |             self.gl.delete_texture(self.texture);
    |                     ^^^^^^^^^^^^^^
    |
    = help: items from traits can only be used if the trait is in scope
help: there is a method `create_texture` with a similar name, but with different arguments
   --> C:\Users\mrkri\.cargo\registry\src\index.crates.io-1949cf8c6b5b557f\glow-0.13.1\src\lib.rs:121:5
    |
121 |     unsafe fn create_texture(&self) -> Result<Self::Texture, String>;
    |     ^^^^^^^^^^^^^^^^^^^^^^^^^^^^^^^^^^^^^^^^^^^^^^^^^^^^^^^^^^^^^^^^^
help: trait `HasContext` which provides `delete_texture` is implemented but not in scope; perhaps you want to import it
    |
1   + use glow::HasContext;
    |

error[E0600]: cannot apply unary operator `-` to type `u32`
   --> src\graphics\texture_streaming.rs:125:19
    |
125 |         for dx in -self.load_radius as i32..=self.load_radius as i32 {
    |                   ^^^^^^^^^^^^^^^^^ cannot apply unary operator `-`
    |
    = note: unsigned values cannot be negated

error[E0600]: cannot apply unary operator `-` to type `u32`
   --> src\graphics\texture_streaming.rs:126:23
    |
126 |             for dy in -self.load_radius as i32..=self.load_radius as i32 {
    |                       ^^^^^^^^^^^^^^^^^ cannot apply unary operator `-`
    |
    = note: unsigned values cannot be negated

error[E0369]: binary operation `==` cannot be applied to type `lighting::LightType`
   --> src\graphics\lighting.rs:148:52
    |
148 |         let spot_attenuation = if light.light_type == LightType::Spot {
    |                                   ---------------- ^^ --------------- lighting::LightType
    |                                   |
    |                                   lighting::LightType
    |
note: an implementation of `PartialEq` might be missing for `lighting::LightType`
   --> src\graphics\lighting.rs:8:1
    |
8   | pub enum LightType {
    | ^^^^^^^^^^^^^^^^^^ must implement `PartialEq`
help: consider annotating `lighting::LightType` with `#[derive(PartialEq)]`
    |
8   + #[derive(PartialEq)]
9   | pub enum LightType {
    |

error[E0308]: mismatched types
   --> src\graphics\lighting.rs:149:31
    |
149 |             let theta = l.dot(light.direction);
    |                           --- ^^^^^^^^^^^^^^^ expected `&Matrix<f32, _, _, _>`, found `Matrix<f32, Const<3>, Const<1>, ...>`
    |                           |
    |                           arguments to this method are incorrect
    |
    = note: expected reference `&nalgebra::Matrix<_, _, _, _>`
                  found struct `nalgebra::Matrix<_, Const<3>, Const<1>, ArrayStorage<f32, 3, 1>>`
note: method defined here
   --> C:\Users\mrkri\.cargo\registry\src\index.crates.io-1949cf8c6b5b557f\nalgebra-0.32.6\src\base\blas.rs:194:12
    |
194 |     pub fn dot<R2: Dim, C2: Dim, SB>(&self, rhs: &Matrix<T, R2, C2, SB>) -> T
    |            ^^^
help: consider borrowing here
    |
149 |             let theta = l.dot(&light.direction);
    |                               +

error[E0277]: the trait bound `ShapeConstraint: DimEq<Const<1>, Const<3>>` is not satisfied
   --> src\graphics\lighting.rs:163:38
    |
163 |         final_color += (diff + spec) * radiance;
    |                                      ^ the trait `DimEq<Const<1>, Const<3>>` is not implemented for `ShapeConstraint`
    |
    = help: the following other types implement trait `DimEq<D1, D2>`:
              `ShapeConstraint` implements `DimEq<D, D>`
              `ShapeConstraint` implements `DimEq<D, Dyn>`
              `ShapeConstraint` implements `DimEq<Dyn, D>`
    = note: required for `ShapeConstraint` to implement `AreMultipliable<Const<3>, Const<1>, Const<3>, Const<1>>`
    = note: required for `nalgebra::Matrix<f32, Const<3>, Const<1>, ArrayStorage<f32, 3, 1>>` to implement `Mul`

error[E0277]: the trait bound `ShapeConstraint: DimEq<Const<1>, Const<3>>` is not satisfied
   --> src\graphics\lighting.rs:167:36
    |
167 |     final_color += material.albedo * Vector3::new(0.03, 0.03, 0.03) * material.ao;
    |                                    ^ the trait `DimEq<Const<1>, Const<3>>` is not implemented for `ShapeConstraint`
    |
    = help: the following other types implement trait `DimEq<D1, D2>`:
              `ShapeConstraint` implements `DimEq<D, D>`
              `ShapeConstraint` implements `DimEq<D, Dyn>`
              `ShapeConstraint` implements `DimEq<Dyn, D>`
    = note: required for `ShapeConstraint` to implement `AreMultipliable<Const<3>, Const<1>, Const<3>, Const<1>>`
    = note: required for `nalgebra::Matrix<f32, Const<3>, Const<1>, ArrayStorage<f32, 3, 1>>` to implement `Mul`

error[E0599]: no variant or associated item named `Linear` found for enum `types::FilterMode` in the current scope
   --> src\graphics\rhi\types.rs:487:37
    |
448 | pub enum FilterMode {
    | ------------------- variant or associated item `Linear` not found for this enum
...
487 |             mip_filter: FilterMode::Linear,
    |                                     ^^^^^^ variant or associated item not found in `FilterMode`

error[E0599]: no associated item named `WHITE` found for struct `types::Color4f` in the current scope
   --> src\graphics\rhi\types.rs:664:15
    |
641 | pub struct Color4f {
    | ------------------ associated item `WHITE` not found for this struct
...
664 |         Self::WHITE
    |               ^^^^^ associated item not found in `Color4f`

error[E0369]: binary operation `==` cannot be applied to type `StencilFaceState`
   --> src\graphics\rhi\types.rs:700:5
    |
694 | #[derive(Debug, Clone, PartialEq, Eq)]
    |                        --------- in this derive macro expansion
...
700 |     pub stencil_front: StencilFaceState,
    |     ^^^^^^^^^^^^^^^^^^^^^^^^^^^^^^^^^^^
    |
note: an implementation of `PartialEq` might be missing for `StencilFaceState`
   --> src\graphics\rhi\types.rs:190:1
    |
190 | pub struct StencilFaceState {
    | ^^^^^^^^^^^^^^^^^^^^^^^^^^^ must implement `PartialEq`
help: consider annotating `StencilFaceState` with `#[derive(PartialEq)]`
    |
190 + #[derive(PartialEq)]
191 | pub struct StencilFaceState {
    |

error[E0369]: binary operation `==` cannot be applied to type `StencilFaceState`
   --> src\graphics\rhi\types.rs:701:5
    |
694 | #[derive(Debug, Clone, PartialEq, Eq)]
    |                        --------- in this derive macro expansion
...
701 |     pub stencil_back: StencilFaceState,
    |     ^^^^^^^^^^^^^^^^^^^^^^^^^^^^^^^^^^
    |
note: an implementation of `PartialEq` might be missing for `StencilFaceState`
   --> src\graphics\rhi\types.rs:190:1
    |
190 | pub struct StencilFaceState {
    | ^^^^^^^^^^^^^^^^^^^^^^^^^^^ must implement `PartialEq`
help: consider annotating `StencilFaceState` with `#[derive(PartialEq)]`
    |
190 + #[derive(PartialEq)]
191 | pub struct StencilFaceState {
    |

error[E0277]: the trait bound `StencilFaceState: std::cmp::Eq` is not satisfied
   --> src\graphics\rhi\types.rs:700:5
    |
694 | #[derive(Debug, Clone, PartialEq, Eq)]
    |                                   -- in this derive macro expansion
...
700 |     pub stencil_front: StencilFaceState,
    |     ^^^^^^^^^^^^^^^^^^^^^^^^^^^^^^^^^^^ the trait `std::cmp::Eq` is not implemented for `StencilFaceState`
    |
note: required by a bound in `AssertParamIsEq`
   --> /rustc/6b00bc3880198600130e1cf62b8f8a93494488cc\library\core\src\cmp.rs:364:1
help: consider annotating `StencilFaceState` with `#[derive(Eq)]`
    |
190 + #[derive(Eq)]
191 | pub struct StencilFaceState {
    |

error[E0599]: no function or associated item named `default` found for struct `StencilFaceState` in the current scope
   --> src\graphics\rhi\types.rs:713:46
    |
190 | pub struct StencilFaceState {
    | --------------------------- function or associated item `default` not found for this struct
...
713 |             stencil_front: StencilFaceState::default(),
    |                                              ^^^^^^^ function or associated item not found in `StencilFaceState`
    |
    = help: items from traits can only be used if the trait is implemented and in scope
    = note: the following trait defines an item `default`, perhaps you need to implement it:
            candidate #1: `std::default::Default`

error[E0599]: no function or associated item named `default` found for struct `StencilFaceState` in the current scope
   --> src\graphics\rhi\types.rs:714:45
    |
190 | pub struct StencilFaceState {
    | --------------------------- function or associated item `default` not found for this struct
...
714 |             stencil_back: StencilFaceState::default(),
    |                                             ^^^^^^^ function or associated item not found in `StencilFaceState`
    |
    = help: items from traits can only be used if the trait is implemented and in scope
    = note: the following trait defines an item `default`, perhaps you need to implement it:
            candidate #1: `std::default::Default`

error[E0599]: no variant or associated item named `RG8Unorm` found for enum `types::TextureFormat` in the current scope
   --> src\graphics\rhi\gl.rs:102:28
    |
102 |             TextureFormat::RG8Unorm => (glow::RG, glow::UNSIGNED_BYTE, glow::RG8),
    |                            ^^^^^^^^ variant or associated item not found in `TextureFormat`
    |
   ::: src\graphics\rhi\types.rs:312:1
    |
312 | pub enum TextureFormat {
    | ---------------------- variant or associated item `RG8Unorm` not found for this enum
    |
help: there is a variant with a similar name
    |
102 -             TextureFormat::RG8Unorm => (glow::RG, glow::UNSIGNED_BYTE, glow::RG8),
102 +             TextureFormat::R8Unorm => (glow::RG, glow::UNSIGNED_BYTE, glow::RG8),
    |

error[E0599]: no variant or associated item named `RGBA8Unorm` found for enum `types::TextureFormat` in the current scope
   --> src\graphics\rhi\gl.rs:103:28
    |
103 |             TextureFormat::RGBA8Unorm => (glow::RGBA, glow::UNSIGNED_BYTE, glow::RGBA8),
    |                            ^^^^^^^^^^ variant or associated item not found in `TextureFormat`
    |
   ::: src\graphics\rhi\types.rs:312:1
    |
312 | pub enum TextureFormat {
    | ---------------------- variant or associated item `RGBA8Unorm` not found for this enum
    |
help: there is a variant with a similar name
    |
103 -             TextureFormat::RGBA8Unorm => (glow::RGBA, glow::UNSIGNED_BYTE, glow::RGBA8),
103 +             TextureFormat::R8Unorm => (glow::RGBA, glow::UNSIGNED_BYTE, glow::RGBA8),
    |

error[E0599]: no variant or associated item named `RGBA8Srgb` found for enum `types::TextureFormat` in the current scope
   --> src\graphics\rhi\gl.rs:104:28
    |
104 |             TextureFormat::RGBA8Srgb => (glow::RGBA, glow::UNSIGNED_BYTE, glow::SRGB8_ALPHA8),
    |                            ^^^^^^^^^ variant or associated item not found in `TextureFormat`
    |
   ::: src\graphics\rhi\types.rs:312:1
    |
312 | pub enum TextureFormat {
    | ---------------------- variant or associated item `RGBA8Srgb` not found for this enum
    |
help: there is a variant with a similar name
    |
104 -             TextureFormat::RGBA8Srgb => (glow::RGBA, glow::UNSIGNED_BYTE, glow::SRGB8_ALPHA8),
104 +             TextureFormat::R8G8B8A8Srgb => (glow::RGBA, glow::UNSIGNED_BYTE, glow::SRGB8_ALPHA8),
    |

error[E0599]: no variant or associated item named `RGBA16Float` found for enum `types::TextureFormat` in the current scope
   --> src\graphics\rhi\gl.rs:105:28
    |
105 |             TextureFormat::RGBA16Float => (glow::RGBA, glow::HALF_FLOAT, glow::RGBA16F),
    |                            ^^^^^^^^^^^ variant or associated item not found in `TextureFormat`
    |
   ::: src\graphics\rhi\types.rs:312:1
    |
312 | pub enum TextureFormat {
    | ---------------------- variant or associated item `RGBA16Float` not found for this enum
    |
help: there is a variant with a similar name
    |
105 -             TextureFormat::RGBA16Float => (glow::RGBA, glow::HALF_FLOAT, glow::RGBA16F),
105 +             TextureFormat::R16Float => (glow::RGBA, glow::HALF_FLOAT, glow::RGBA16F),
    |

error[E0599]: no variant or associated item named `RGBA32Float` found for enum `types::TextureFormat` in the current scope
   --> src\graphics\rhi\gl.rs:106:28
    |
106 |             TextureFormat::RGBA32Float => (glow::RGBA, glow::FLOAT, glow::RGBA32F),
    |                            ^^^^^^^^^^^ variant or associated item not found in `TextureFormat`
    |
   ::: src\graphics\rhi\types.rs:312:1
    |
312 | pub enum TextureFormat {
    | ---------------------- variant or associated item `RGBA32Float` not found for this enum
    |
help: there is a variant with a similar name
    |
106 -             TextureFormat::RGBA32Float => (glow::RGBA, glow::FLOAT, glow::RGBA32F),
106 +             TextureFormat::R32Float => (glow::RGBA, glow::FLOAT, glow::RGBA32F),
    |

error[E0599]: no variant or associated item named `Depth32Float` found for enum `types::TextureFormat` in the current scope
   --> src\graphics\rhi\gl.rs:107:28
    |
107 |             TextureFormat::Depth32Float => (glow::DEPTH_COMPONENT, glow::FLOAT, glow::DEPTH_COMPONENT32F),
    |                            ^^^^^^^^^^^^ variant or associated item not found in `TextureFormat`
    |
   ::: src\graphics\rhi\types.rs:312:1
    |
312 | pub enum TextureFormat {
    | ---------------------- variant or associated item `Depth32Float` not found for this enum
    |
help: there is a variant with a similar name
    |
107 -             TextureFormat::Depth32Float => (glow::DEPTH_COMPONENT, glow::FLOAT, glow::DEPTH_COMPONENT32F),
107 +             TextureFormat::D32Float => (glow::DEPTH_COMPONENT, glow::FLOAT, glow::DEPTH_COMPONENT32F),
    |

error[E0599]: no variant or associated item named `Depth24UnormStencil8` found for enum `types::TextureFormat` in the current scope
   --> src\graphics\rhi\gl.rs:108:28
    |
108 |             TextureFormat::Depth24UnormStencil8 => (glow::DEPTH_STENCIL, glow::UNSIGNED_INT_24_8, glow::DEPTH24_STENCIL8),
    |                            ^^^^^^^^^^^^^^^^^^^^ variant or associated item not found in `TextureFormat`
    |
   ::: src\graphics\rhi\types.rs:312:1
    |
312 | pub enum TextureFormat {
    | ---------------------- variant or associated item `Depth24UnormStencil8` not found for this enum

error[E0599]: no variant or associated item named `CreationFailed` found for enum `types::RhiError` in the current scope
   --> src\graphics\rhi\gl.rs:124:36
    |
124 |             .map_err(|e| RhiError::CreationFailed(format!("Failed to create buffer: {:?}", e)))?;
    |                                    ^^^^^^^^^^^^^^ variant or associated item not found in `RhiError`
    |
   ::: src\graphics\rhi\types.rs:601:1
    |
601 | pub enum RhiError {
    | ----------------- variant or associated item `CreationFailed` not found for this enum

error[E0599]: no associated item named `INDEX` found for struct `types::BufferUsage` in the current scope
   --> src\graphics\rhi\gl.rs:126:58
    |
126 |           let target = if desc.usage.contains(BufferUsage::INDEX) {
    |                                                            ^^^^^ associated item not found in `BufferUsage`
    |
   ::: src\graphics\rhi\types.rs:431:1
    |
431 | / bitflags::bitflags! {
432 | |     #[derive(Clone, Copy, Debug, PartialEq, Eq, Hash)]
433 | |     pub struct BufferUsage: u32 {
434 | |         const VERTEX_BUFFER = 1 << 0;
...   |
444 | | }
    | |_- associated item `INDEX` not found for this struct

error[E0599]: no associated item named `DYNAMIC` found for struct `types::BufferUsage` in the current scope
   --> src\graphics\rhi\gl.rs:139:59
    |
139 |                       _ if desc.usage.contains(BufferUsage::DYNAMIC) => glow::DYNAMIC_DRAW,
    |                                                             ^^^^^^^ associated item not found in `BufferUsage`
    |
   ::: src\graphics\rhi\types.rs:431:1
    |
431 | / bitflags::bitflags! {
432 | |     #[derive(Clone, Copy, Debug, PartialEq, Eq, Hash)]
433 | |     pub struct BufferUsage: u32 {
434 | |         const VERTEX_BUFFER = 1 << 0;
...   |
444 | | }
    | |_- associated item `DYNAMIC` not found for this struct

error[E0599]: no associated item named `CPU_READ` found for struct `types::BufferUsage` in the current scope
   --> src\graphics\rhi\gl.rs:140:59
    |
140 |                       _ if desc.usage.contains(BufferUsage::CPU_READ) => glow::STREAM_READ,
    |                                                             ^^^^^^^^ associated item not found in `BufferUsage`
    |
   ::: src\graphics\rhi\types.rs:431:1
    |
431 | / bitflags::bitflags! {
432 | |     #[derive(Clone, Copy, Debug, PartialEq, Eq, Hash)]
433 | |     pub struct BufferUsage: u32 {
434 | |         const VERTEX_BUFFER = 1 << 0;
...   |
444 | | }
    | |_- associated item `CPU_READ` not found for this struct

error[E0308]: mismatched types
   --> src\graphics\rhi\gl.rs:153:13
    |
153 |             size,
    |             ^^^^ expected `usize`, found `u64`
    |
help: you can convert a `u64` to a `usize` and panic if the converted value doesn't fit
    |
153 |             size: size.try_into().unwrap(),
    |             +++++     ++++++++++++++++++++

error[E0599]: no variant or associated item named `CreationFailed` found for enum `types::RhiError` in the current scope
   --> src\graphics\rhi\gl.rs:164:36
    |
164 |             .map_err(|e| RhiError::CreationFailed(format!("Failed to create texture: {:?}", e)))?;
    |                                    ^^^^^^^^^^^^^^ variant or associated item not found in `RhiError`
    |
   ::: src\graphics\rhi\types.rs:601:1
    |
601 | pub enum RhiError {
    | ----------------- variant or associated item `CreationFailed` not found for this enum

error[E0599]: no variant or associated item named `CreationFailed` found for enum `types::RhiError` in the current scope
   --> src\graphics\rhi\gl.rs:204:36
    |
204 |             .map_err(|e| RhiError::CreationFailed(format!("Failed to create sampler: {:?}", e)))?;
    |                                    ^^^^^^^^^^^^^^ variant or associated item not found in `RhiError`
    |
   ::: src\graphics\rhi\types.rs:601:1
    |
601 | pub enum RhiError {
    | ----------------- variant or associated item `CreationFailed` not found for this enum

error[E0609]: no field `wrap_u` on type `&types::SamplerDescription`
   --> src\graphics\rhi\gl.rs:209:77
    |
209 |             gl.sampler_parameter_i32(sampler_id, glow::TEXTURE_WRAP_S, desc.wrap_u as i32);
    |                                                                             ^^^^^^ unknown field
    |
    = note: available fields are: `min_filter`, `mag_filter`, `mip_filter`, `address_u`, `address_v` ... and 7 others

error[E0609]: no field `wrap_v` on type `&types::SamplerDescription`
   --> src\graphics\rhi\gl.rs:210:77
    |
210 |             gl.sampler_parameter_i32(sampler_id, glow::TEXTURE_WRAP_T, desc.wrap_v as i32);
    |                                                                             ^^^^^^ unknown field
    |
    = note: available fields are: `min_filter`, `mag_filter`, `mip_filter`, `address_u`, `address_v` ... and 7 others

error[E0599]: no method named `ok_or_else` found for enum `std::result::Result` in the current scope
   --> src\graphics\rhi\gl.rs:228:14
    |
227 |           let program = unsafe { gl.create_program() }
    |  _______________________-
228 | |             .ok_or_else(|| RhiError::CreationFailed("Failed to create program".to_string()))?;
    | |_____________-^^^^^^^^^^
    |
help: there is a method `or_else` with a similar name
    |
228 -             .ok_or_else(|| RhiError::CreationFailed("Failed to create program".to_string()))?;
228 +             .or_else(|| RhiError::CreationFailed("Failed to create program".to_string()))?;
    |

error[E0599]: no variant or associated item named `CreationFailed` found for enum `types::RhiError` in the current scope
   --> src\graphics\rhi\gl.rs:228:38
    |
228 |             .ok_or_else(|| RhiError::CreationFailed("Failed to create program".to_string()))?;
    |                                      ^^^^^^^^^^^^^^ variant or associated item not found in `RhiError`
    |
   ::: src\graphics\rhi\types.rs:601:1
    |
601 | pub enum RhiError {
    | ----------------- variant or associated item `CreationFailed` not found for this enum

error[E0599]: no variant or associated item named `CreationFailed` found for enum `types::RhiError` in the current scope
   --> src\graphics\rhi\gl.rs:231:36
    |
231 |             .map_err(|e| RhiError::CreationFailed(format!("Failed to create VAO: {:?}", e)))?;
    |                                    ^^^^^^^^^^^^^^ variant or associated item not found in `RhiError`
    |
   ::: src\graphics\rhi\types.rs:601:1
    |
601 | pub enum RhiError {
    | ----------------- variant or associated item `CreationFailed` not found for this enum

error[E0560]: struct `rhi::device::MemoryStats` has no field named `used_buffer_memory`
   --> src\graphics\rhi\gl.rs:261:13
    |
261 |             used_buffer_memory: 0,
    |             ^^^^^^^^^^^^^^^^^^ unknown field
    |
help: a field with a similar name exists
    |
261 -             used_buffer_memory: 0,
261 +             used_gpu_memory: 0,
    |

error[E0560]: struct `rhi::device::MemoryStats` has no field named `used_texture_memory`
   --> src\graphics\rhi\gl.rs:262:13
    |
262 |             used_texture_memory: 0,
    |             ^^^^^^^^^^^^^^^^^^^ unknown field
    |
help: a field with a similar name exists
    |
262 -             used_texture_memory: 0,
262 +             used_gpu_memory: 0,
    |

error[E0560]: struct `rhi::device::MemoryStats` has no field named `total_buffer_memory`
   --> src\graphics\rhi\gl.rs:263:13
    |
263 |             total_buffer_memory: 0,
    |             ^^^^^^^^^^^^^^^^^^^ unknown field
    |
help: a field with a similar name exists
    |
263 -             total_buffer_memory: 0,
263 +             total_gpu_memory: 0,
    |

error[E0560]: struct `rhi::device::MemoryStats` has no field named `total_texture_memory`
   --> src\graphics\rhi\gl.rs:264:13
    |
264 |             total_texture_memory: 0,
    |             ^^^^^^^^^^^^^^^^^^^^ unknown field
    |
help: a field with a similar name exists
    |
264 -             total_texture_memory: 0,
264 +             total_gpu_memory: 0,
    |

error[E0609]: no field `x` on type `&types::ScissorRect`
   --> src\graphics\rhi\gl.rs:303:32
    |
303 |             gl.scissor(scissor.x as i32, scissor.y as i32, scissor.width as i32, scissor.height as i32);
    |                                ^ unknown field
    |
    = note: available fields are: `left`, `top`, `right`, `bottom`

error[E0609]: no field `y` on type `&types::ScissorRect`
   --> src\graphics\rhi\gl.rs:303:50
    |
303 |             gl.scissor(scissor.x as i32, scissor.y as i32, scissor.width as i32, scissor.height as i32);
    |                                                  ^ unknown field
    |
    = note: available fields are: `left`, `top`, `right`, `bottom`

error[E0609]: no field `width` on type `&types::ScissorRect`
   --> src\graphics\rhi\gl.rs:303:68
    |
303 |             gl.scissor(scissor.x as i32, scissor.y as i32, scissor.width as i32, scissor.height as i32);
    |                                                                    ^^^^^ unknown field
    |
    = note: available fields are: `left`, `top`, `right`, `bottom`

error[E0609]: no field `height` on type `&types::ScissorRect`
   --> src\graphics\rhi\gl.rs:303:90
    |
303 |             gl.scissor(scissor.x as i32, scissor.y as i32, scissor.width as i32, scissor.height as i32);
    |                                                                                          ^^^^^^ unknown field
    |
help: a field with a similar name exists
    |
303 -             gl.scissor(scissor.x as i32, scissor.y as i32, scissor.width as i32, scissor.height as i32);
303 +             gl.scissor(scissor.x as i32, scissor.y as i32, scissor.width as i32, scissor.right as i32);
    |

error[E0599]: no variant or associated item named `U16` found for enum `types::IndexType` in the current scope
   --> src\graphics\rhi\gl.rs:413:33
    |
413 |             Some((_, IndexType::U16)) => glow::UNSIGNED_SHORT,
    |                                 ^^^ variant or associated item not found in `IndexType`
    |
   ::: src\graphics\rhi\types.rs:685:1
    |
685 | pub enum IndexType {
    | ------------------ variant or associated item `U16` not found for this enum
    |
    = help: items from traits can only be used if the trait is implemented and in scope
    = note: the following trait defines an item `U16`, perhaps you need to implement it:
            candidate #1: `typenum::marker_traits::Unsigned`

error[E0599]: no variant or associated item named `U32` found for enum `types::IndexType` in the current scope
   --> src\graphics\rhi\gl.rs:414:33
    |
414 |             Some((_, IndexType::U32)) => glow::UNSIGNED_INT,
    |                                 ^^^ variant or associated item not found in `IndexType`
    |
   ::: src\graphics\rhi\types.rs:685:1
    |
685 | pub enum IndexType {
    | ------------------ variant or associated item `U32` not found for this enum
    |
    = help: items from traits can only be used if the trait is implemented and in scope
    = note: the following trait defines an item `U32`, perhaps you need to implement it:
            candidate #1: `typenum::marker_traits::Unsigned`

error[E0624]: method `load_texture` is private
   --> src\graphics\material.rs:118:50
    |
118 |             material.layers.albedo = Some(loader.load_texture(&albedo_path)?);
    |                                                  ^^^^^^^^^^^^ private method
    |
   ::: src\assets\loader.rs:266:5
    |
266 |     fn load_texture(&self, path: &Path) -> Result<AssetData, AssetLoadError> {
    |     ------------------------------------------------------------------------ private method defined here

error[E0624]: method `load_texture` is private
   --> src\graphics\material.rs:125:54
    |
125 |                 material.layers.normal = Some(loader.load_texture(&normal_path)?);
    |                                                      ^^^^^^^^^^^^ private method
    |
   ::: src\assets\loader.rs:266:5
    |
266 |     fn load_texture(&self, path: &Path) -> Result<AssetData, AssetLoadError> {
    |     ------------------------------------------------------------------------ private method defined here

error[E0624]: method `load_texture` is private
   --> src\graphics\material.rs:133:51
    |
133 |                 material.layers.orm = Some(loader.load_texture(&orm_path)?);
    |                                                   ^^^^^^^^^^^^ private method
    |
   ::: src\assets\loader.rs:266:5
    |
266 |     fn load_texture(&self, path: &Path) -> Result<AssetData, AssetLoadError> {
    |     ------------------------------------------------------------------------ private method defined here

error[E0624]: method `load_texture` is private
   --> src\graphics\material.rs:141:56
    |
141 |                 material.layers.emissive = Some(loader.load_texture(&emissive_path)?);
    |                                                        ^^^^^^^^^^^^ private method
    |
   ::: src\assets\loader.rs:266:5
    |
266 |     fn load_texture(&self, path: &Path) -> Result<AssetData, AssetLoadError> {
    |     ------------------------------------------------------------------------ private method defined here

error[E0624]: method `load_texture` is private
   --> src\graphics\material.rs:149:54
    |
149 |                 material.layers.detail = Some(loader.load_texture(&detail_path)?);
    |                                                      ^^^^^^^^^^^^ private method
    |
   ::: src\assets\loader.rs:266:5
    |
266 |     fn load_texture(&self, path: &Path) -> Result<AssetData, AssetLoadError> {
    |     ------------------------------------------------------------------------ private method defined here

error[E0369]: binary operation `<=` cannot be applied to type `TextureQuality`
   --> src\graphics\material.rs:158:24
    |
158 |         if new_quality <= self.loaded_quality {
    |            ----------- ^^ ------------------- TextureQuality
    |            |
    |            TextureQuality
    |
note: an implementation of `PartialOrd` might be missing for `TextureQuality`
   --> src\graphics\material.rs:8:1
    |
8   | pub enum TextureQuality {
    | ^^^^^^^^^^^^^^^^^^^^^^^ must implement `PartialOrd`
help: consider annotating `TextureQuality` with `#[derive(PartialEq, PartialOrd)]`
    |
8   + #[derive(PartialEq, PartialOrd)]
9   | pub enum TextureQuality {
    |

error[E0369]: binary operation `>=` cannot be applied to type `TextureQuality`
   --> src\graphics\material.rs:186:24
    |
186 |         if new_quality >= self.loaded_quality {
    |            ----------- ^^ ------------------- TextureQuality
    |            |
    |            TextureQuality
    |
note: an implementation of `PartialOrd` might be missing for `TextureQuality`
   --> src\graphics\material.rs:8:1
    |
8   | pub enum TextureQuality {
    | ^^^^^^^^^^^^^^^^^^^^^^^ must implement `PartialOrd`
help: consider annotating `TextureQuality` with `#[derive(PartialEq, PartialOrd)]`
    |
8   + #[derive(PartialEq, PartialOrd)]
9   | pub enum TextureQuality {
    |

error[E0369]: binary operation `<` cannot be applied to type `TextureQuality`
   --> src\graphics\material.rs:282:24
    |
282 |             if quality < material.loaded_quality {
    |                ------- ^ ----------------------- TextureQuality
    |                |
    |                TextureQuality
    |
note: an implementation of `PartialOrd` might be missing for `TextureQuality`
   --> src\graphics\material.rs:8:1
    |
8   | pub enum TextureQuality {
    | ^^^^^^^^^^^^^^^^^^^^^^^ must implement `PartialOrd`
help: consider annotating `TextureQuality` with `#[derive(PartialEq, PartialOrd)]`
    |
8   + #[derive(PartialEq, PartialOrd)]
9   | pub enum TextureQuality {
    |

error[E0369]: binary operation `<` cannot be applied to type `TextureQuality`
   --> src\graphics\material.rs:297:35
    |
297 |             if mat.loaded_quality < min_quality {
    |                ------------------ ^ ----------- TextureQuality
    |                |
    |                TextureQuality
    |
note: an implementation of `PartialOrd` might be missing for `TextureQuality`
   --> src\graphics\material.rs:8:1
    |
8   | pub enum TextureQuality {
    | ^^^^^^^^^^^^^^^^^^^^^^^ must implement `PartialOrd`
help: consider annotating `TextureQuality` with `#[derive(PartialEq, PartialOrd)]`
    |
8   + #[derive(PartialEq, PartialOrd)]
9   | pub enum TextureQuality {
    |

error[E0369]: binary operation `>` cannot be applied to type `TextureQuality`
   --> src\graphics\material.rs:300:35
    |
300 |             if mat.loaded_quality > max_quality {
    |                ------------------ ^ ----------- TextureQuality
    |                |
    |                TextureQuality
    |
note: an implementation of `PartialOrd` might be missing for `TextureQuality`
   --> src\graphics\material.rs:8:1
    |
8   | pub enum TextureQuality {
    | ^^^^^^^^^^^^^^^^^^^^^^^ must implement `PartialOrd`
help: consider annotating `TextureQuality` with `#[derive(PartialEq, PartialOrd)]`
    |
8   + #[derive(PartialEq, PartialOrd)]
9   | pub enum TextureQuality {
    |

error[E0599]: no method named `create_vertex_array` found for reference `&glow::Context` in the current scope
   --> src\graphics\particles.rs:72:26
    |
72  |             let vao = gl.create_vertex_array().ok();
    |                          ^^^^^^^^^^^^^^^^^^^
    |
    = help: items from traits can only be used if the trait is in scope
help: there is a method `delete_vertex_array` with a similar name, but with different arguments
   --> C:\Users\mrkri\.cargo\registry\src\index.crates.io-1949cf8c6b5b557f\glow-0.13.1\src\lib.rs:231:5
    |
231 |     unsafe fn delete_vertex_array(&self, vertex_array: Self::VertexArray);
    |     ^^^^^^^^^^^^^^^^^^^^^^^^^^^^^^^^^^^^^^^^^^^^^^^^^^^^^^^^^^^^^^^^^^^^^^
help: trait `HasContext` which provides `create_vertex_array` is implemented but not in scope; perhaps you want to import it
    |
1   + use glow::HasContext;
    |

error[E0599]: no method named `create_buffer` found for reference `&glow::Context` in the current scope
  --> src\graphics\particles.rs:73:26
   |
73 |             let vbo = gl.create_buffer().ok();
   |                          ^^^^^^^^^^^^^
   |
   = help: items from traits can only be used if the trait is in scope
help: trait `HasContext` which provides `create_buffer` is implemented but not in scope; perhaps you want to import it
   |
1  + use glow::HasContext;
   |
help: there is a method `create_framebuffer` with a similar name
   |
73 |             let vbo = gl.create_framebuffer().ok();
   |                                 +++++

error[E0599]: no method named `bind_vertex_array` found for reference `&glow::Context` in the current scope
   --> src\graphics\particles.rs:85:20
    |
85  |                 gl.bind_vertex_array(Some(vao));
    |                    ^^^^^^^^^^^^^^^^^
    |
    = help: items from traits can only be used if the trait is in scope
help: there is a method `create_vertex_array` with a similar name, but with different arguments
   --> C:\Users\mrkri\.cargo\registry\src\index.crates.io-1949cf8c6b5b557f\glow-0.13.1\src\lib.rs:229:5
    |
229 |     unsafe fn create_vertex_array(&self) -> Result<Self::VertexArray, String>;
    |     ^^^^^^^^^^^^^^^^^^^^^^^^^^^^^^^^^^^^^^^^^^^^^^^^^^^^^^^^^^^^^^^^^^^^^^^^^^
help: trait `HasContext` which provides `bind_vertex_array` is implemented but not in scope; perhaps you want to import it
    |
1   + use glow::HasContext;
    |

error[E0599]: no method named `bind_buffer` found for reference `&glow::Context` in the current scope
   --> src\graphics\particles.rs:86:20
    |
86  |                 gl.bind_buffer(glow::ARRAY_BUFFER, Some(vbo));
    |                    ^^^^^^^^^^^
    |
    = help: items from traits can only be used if the trait is in scope
help: there is a method `bind_buffer_base` with a similar name, but with different arguments
   --> C:\Users\mrkri\.cargo\registry\src\index.crates.io-1949cf8c6b5b557f\glow-0.13.1\src\lib.rs:192:5
    |
192 |     unsafe fn bind_buffer_base(&self, target: u32, index: u32, buffer: Option<Self::Buffer>);
    |     ^^^^^^^^^^^^^^^^^^^^^^^^^^^^^^^^^^^^^^^^^^^^^^^^^^^^^^^^^^^^^^^^^^^^^^^^^^^^^^^^^^^^^^^^^
help: trait `HasContext` which provides `bind_buffer` is implemented but not in scope; perhaps you want to import it
    |
1   + use glow::HasContext;
    |

error[E0599]: no method named `buffer_data_u8_slice` found for reference `&glow::Context` in the current scope
  --> src\graphics\particles.rs:87:20
   |
87 |                 gl.buffer_data_u8_slice(
   |                 ---^^^^^^^^^^^^^^^^^^^^
   |
   = help: items from traits can only be used if the trait is in scope
help: trait `HasContext` which provides `buffer_data_u8_slice` is implemented but not in scope; perhaps you want to import it
   |
1  + use glow::HasContext;
   |
help: there is a method `buffer_sub_data_u8_slice` with a similar name
   |
87 |                 gl.buffer_sub_data_u8_slice(
   |                           ++++

error[E0599]: no method named `enable_vertex_attrib_array` found for reference `&glow::Context` in the current scope
  --> src\graphics\particles.rs:94:20
   |
94 |                 gl.enable_vertex_attrib_array(0);
   |                    ^^^^^^^^^^^^^^^^^^^^^^^^^^
   |
   = help: items from traits can only be used if the trait is in scope
help: trait `HasContext` which provides `enable_vertex_attrib_array` is implemented but not in scope; perhaps you want to import it
   |
1  + use glow::HasContext;
   |
help: there is a method `disable_vertex_attrib_array` with a similar name
   |
94 -                 gl.enable_vertex_attrib_array(0);
94 +                 gl.disable_vertex_attrib_array(0);
   |

error[E0599]: no method named `vertex_attrib_pointer_f32` found for reference `&glow::Context` in the current scope
    --> src\graphics\particles.rs:95:20
     |
95   |                 gl.vertex_attrib_pointer_f32(0, 3, glow::FLOAT, false, 28, 0);
     |                    ^^^^^^^^^^^^^^^^^^^^^^^^^
     |
     = help: items from traits can only be used if the trait is in scope
help: there is a method `vertex_attrib_pointer_i32` with a similar name, but with different arguments
    --> C:\Users\mrkri\.cargo\registry\src\index.crates.io-1949cf8c6b5b557f\glow-0.13.1\src\lib.rs:1068:5
     |
1068 | /     unsafe fn vertex_attrib_pointer_i32(
1069 | |         &self,
1070 | |         index: u32,
1071 | |         size: i32,
...    |
1074 | |         offset: i32,
1075 | |     );
     | |______^
help: trait `HasContext` which provides `vertex_attrib_pointer_f32` is implemented but not in scope; perhaps you want to import it
     |
1    + use glow::HasContext;
     |

error[E0599]: no method named `enable_vertex_attrib_array` found for reference `&glow::Context` in the current scope
  --> src\graphics\particles.rs:97:20
   |
97 |                 gl.enable_vertex_attrib_array(1);
   |                    ^^^^^^^^^^^^^^^^^^^^^^^^^^
   |
   = help: items from traits can only be used if the trait is in scope
help: trait `HasContext` which provides `enable_vertex_attrib_array` is implemented but not in scope; perhaps you want to import it
   |
1  + use glow::HasContext;
   |
help: there is a method `disable_vertex_attrib_array` with a similar name
   |
97 -                 gl.enable_vertex_attrib_array(1);
97 +                 gl.disable_vertex_attrib_array(1);
   |

error[E0599]: no method named `vertex_attrib_pointer_f32` found for reference `&glow::Context` in the current scope
    --> src\graphics\particles.rs:98:20
     |
98   |                 gl.vertex_attrib_pointer_f32(1, 3, glow::FLOAT, false, 28, 12);
     |                    ^^^^^^^^^^^^^^^^^^^^^^^^^
     |
     = help: items from traits can only be used if the trait is in scope
help: there is a method `vertex_attrib_pointer_i32` with a similar name, but with different arguments
    --> C:\Users\mrkri\.cargo\registry\src\index.crates.io-1949cf8c6b5b557f\glow-0.13.1\src\lib.rs:1068:5
     |
1068 | /     unsafe fn vertex_attrib_pointer_i32(
1069 | |         &self,
1070 | |         index: u32,
1071 | |         size: i32,
...    |
1074 | |         offset: i32,
1075 | |     );
     | |______^
help: trait `HasContext` which provides `vertex_attrib_pointer_f32` is implemented but not in scope; perhaps you want to import it
     |
1    + use glow::HasContext;
     |

error[E0599]: no method named `enable_vertex_attrib_array` found for reference `&glow::Context` in the current scope
   --> src\graphics\particles.rs:100:20
    |
100 |                 gl.enable_vertex_attrib_array(2);
    |                    ^^^^^^^^^^^^^^^^^^^^^^^^^^
    |
    = help: items from traits can only be used if the trait is in scope
help: trait `HasContext` which provides `enable_vertex_attrib_array` is implemented but not in scope; perhaps you want to import it
    |
1   + use glow::HasContext;
    |
help: there is a method `disable_vertex_attrib_array` with a similar name
    |
100 -                 gl.enable_vertex_attrib_array(2);
100 +                 gl.disable_vertex_attrib_array(2);
    |

error[E0599]: no method named `vertex_attrib_pointer_f32` found for reference `&glow::Context` in the current scope
    --> src\graphics\particles.rs:101:20
     |
101  |                 gl.vertex_attrib_pointer_f32(2, 1, glow::FLOAT, false, 28, 24);
     |                    ^^^^^^^^^^^^^^^^^^^^^^^^^
     |
     = help: items from traits can only be used if the trait is in scope
help: there is a method `vertex_attrib_pointer_i32` with a similar name, but with different arguments
    --> C:\Users\mrkri\.cargo\registry\src\index.crates.io-1949cf8c6b5b557f\glow-0.13.1\src\lib.rs:1068:5
     |
1068 | /     unsafe fn vertex_attrib_pointer_i32(
1069 | |         &self,
1070 | |         index: u32,
1071 | |         size: i32,
...    |
1074 | |         offset: i32,
1075 | |     );
     | |______^
help: trait `HasContext` which provides `vertex_attrib_pointer_f32` is implemented but not in scope; perhaps you want to import it
     |
1    + use glow::HasContext;
     |

error[E0599]: no method named `draw_arrays` found for reference `&glow::Context` in the current scope
   --> src\graphics\particles.rs:103:20
    |
103 |                 gl.draw_arrays(glow::POINTS, 0, active.len() as i32);
    |                    ^^^^^^^^^^^
    |
    = help: items from traits can only be used if the trait is in scope
help: there is a method `draw_arrays_instanced` with a similar name, but with different arguments
   --> C:\Users\mrkri\.cargo\registry\src\index.crates.io-1949cf8c6b5b557f\glow-0.13.1\src\lib.rs:377:5
    |
377 |     unsafe fn draw_arrays_instanced(&self, mode: u32, first: i32, count: i32, instance_count: i32);
    |     ^^^^^^^^^^^^^^^^^^^^^^^^^^^^^^^^^^^^^^^^^^^^^^^^^^^^^^^^^^^^^^^^^^^^^^^^^^^^^^^^^^^^^^^^^^^^^^^
help: trait `HasContext` which provides `draw_arrays` is implemented but not in scope; perhaps you want to import it
    |
1   + use glow::HasContext;
    |

error[E0599]: no method named `delete_vertex_array` found for reference `&glow::Context` in the current scope
   --> src\graphics\particles.rs:105:20
    |
105 |                 gl.delete_vertex_array(vao);
    |                    ^^^^^^^^^^^^^^^^^^^
    |
    = help: items from traits can only be used if the trait is in scope
help: there is a method `create_vertex_array` with a similar name, but with different arguments
   --> C:\Users\mrkri\.cargo\registry\src\index.crates.io-1949cf8c6b5b557f\glow-0.13.1\src\lib.rs:229:5
    |
229 |     unsafe fn create_vertex_array(&self) -> Result<Self::VertexArray, String>;
    |     ^^^^^^^^^^^^^^^^^^^^^^^^^^^^^^^^^^^^^^^^^^^^^^^^^^^^^^^^^^^^^^^^^^^^^^^^^^
help: trait `HasContext` which provides `delete_vertex_array` is implemented but not in scope; perhaps you want to import it
    |
1   + use glow::HasContext;
    |

error[E0599]: no method named `delete_buffer` found for reference `&glow::Context` in the current scope
   --> src\graphics\particles.rs:106:20
    |
106 |                 gl.delete_buffer(vbo);
    |                    ^^^^^^^^^^^^^
    |
    = help: items from traits can only be used if the trait is in scope
help: trait `HasContext` which provides `delete_buffer` is implemented but not in scope; perhaps you want to import it
    |
1   + use glow::HasContext;
    |
help: there is a method `delete_framebuffer` with a similar name
    |
106 |                 gl.delete_framebuffer(vbo);
    |                           +++++

error[E0369]: binary operation `==` cannot be applied to type `ParticleType`
   --> src\graphics\particles.rs:242:32
    |
242 |             if p.particle_type == ParticleType::Dust || p.particle_type == ParticleType::Exhaust {
    |                --------------- ^^ ------------------ ParticleType
    |                |
    |                ParticleType
    |
note: an implementation of `PartialEq` might be missing for `ParticleType`
   --> src\graphics\particles.rs:6:1
    |
6   | pub enum ParticleType {
    | ^^^^^^^^^^^^^^^^^^^^^ must implement `PartialEq`
help: consider annotating `ParticleType` with `#[derive(PartialEq)]`
    |
6   + #[derive(PartialEq)]
7   | pub enum ParticleType {
    |

error[E0369]: binary operation `==` cannot be applied to type `ParticleType`
   --> src\graphics\particles.rs:242:73
    |
242 |             if p.particle_type == ParticleType::Dust || p.particle_type == ParticleType::Exhaust {
    |                                                         --------------- ^^ --------------------- ParticleType
    |                                                         |
    |                                                         ParticleType
    |
note: an implementation of `PartialEq` might be missing for `ParticleType`
   --> src\graphics\particles.rs:6:1
    |
6   | pub enum ParticleType {
    | ^^^^^^^^^^^^^^^^^^^^^ must implement `PartialEq`
help: consider annotating `ParticleType` with `#[derive(PartialEq)]`
    |
6   + #[derive(PartialEq)]
7   | pub enum ParticleType {
    |

error[E0599]: no method named `create_vertex_array` found for reference `&glow::Context` in the current scope
   --> src\graphics\debug_renderer.rs:39:26
    |
39  |             let vao = gl.create_vertex_array().ok();
    |                          ^^^^^^^^^^^^^^^^^^^
    |
    = help: items from traits can only be used if the trait is in scope
help: there is a method `delete_vertex_array` with a similar name, but with different arguments
   --> C:\Users\mrkri\.cargo\registry\src\index.crates.io-1949cf8c6b5b557f\glow-0.13.1\src\lib.rs:231:5
    |
231 |     unsafe fn delete_vertex_array(&self, vertex_array: Self::VertexArray);
    |     ^^^^^^^^^^^^^^^^^^^^^^^^^^^^^^^^^^^^^^^^^^^^^^^^^^^^^^^^^^^^^^^^^^^^^^
help: trait `HasContext` which provides `create_vertex_array` is implemented but not in scope; perhaps you want to import it
    |
1   + use glow::HasContext;
    |

error[E0599]: no method named `create_buffer` found for reference `&glow::Context` in the current scope
  --> src\graphics\debug_renderer.rs:40:26
   |
40 |             let vbo = gl.create_buffer().ok();
   |                          ^^^^^^^^^^^^^
   |
   = help: items from traits can only be used if the trait is in scope
help: trait `HasContext` which provides `create_buffer` is implemented but not in scope; perhaps you want to import it
   |
1  + use glow::HasContext;
   |
help: there is a method `create_framebuffer` with a similar name
   |
40 |             let vbo = gl.create_framebuffer().ok();
   |                                 +++++

error[E0599]: no method named `bind_vertex_array` found for reference `&glow::Context` in the current scope
   --> src\graphics\debug_renderer.rs:43:20
    |
43  |                 gl.bind_vertex_array(Some(vao));
    |                    ^^^^^^^^^^^^^^^^^
    |
    = help: items from traits can only be used if the trait is in scope
help: there is a method `create_vertex_array` with a similar name, but with different arguments
   --> C:\Users\mrkri\.cargo\registry\src\index.crates.io-1949cf8c6b5b557f\glow-0.13.1\src\lib.rs:229:5
    |
229 |     unsafe fn create_vertex_array(&self) -> Result<Self::VertexArray, String>;
    |     ^^^^^^^^^^^^^^^^^^^^^^^^^^^^^^^^^^^^^^^^^^^^^^^^^^^^^^^^^^^^^^^^^^^^^^^^^^
help: trait `HasContext` which provides `bind_vertex_array` is implemented but not in scope; perhaps you want to import it
    |
1   + use glow::HasContext;
    |

error[E0599]: no method named `bind_buffer` found for reference `&glow::Context` in the current scope
   --> src\graphics\debug_renderer.rs:44:20
    |
44  |                 gl.bind_buffer(glow::ARRAY_BUFFER, Some(vbo));
    |                    ^^^^^^^^^^^
    |
    = help: items from traits can only be used if the trait is in scope
help: there is a method `bind_buffer_base` with a similar name, but with different arguments
   --> C:\Users\mrkri\.cargo\registry\src\index.crates.io-1949cf8c6b5b557f\glow-0.13.1\src\lib.rs:192:5
    |
192 |     unsafe fn bind_buffer_base(&self, target: u32, index: u32, buffer: Option<Self::Buffer>);
    |     ^^^^^^^^^^^^^^^^^^^^^^^^^^^^^^^^^^^^^^^^^^^^^^^^^^^^^^^^^^^^^^^^^^^^^^^^^^^^^^^^^^^^^^^^^
help: trait `HasContext` which provides `bind_buffer` is implemented but not in scope; perhaps you want to import it
    |
1   + use glow::HasContext;
    |

error[E0599]: no method named `buffer_data_u8_slice` found for reference `&glow::Context` in the current scope
  --> src\graphics\debug_renderer.rs:45:20
   |
45 |                 gl.buffer_data_u8_slice(
   |                 ---^^^^^^^^^^^^^^^^^^^^
   |
   = help: items from traits can only be used if the trait is in scope
help: trait `HasContext` which provides `buffer_data_u8_slice` is implemented but not in scope; perhaps you want to import it
   |
1  + use glow::HasContext;
   |
help: there is a method `buffer_sub_data_u8_slice` with a similar name
   |
45 |                 gl.buffer_sub_data_u8_slice(
   |                           ++++

error[E0599]: no method named `enable_vertex_attrib_array` found for reference `&glow::Context` in the current scope
  --> src\graphics\debug_renderer.rs:52:20
   |
52 |                 gl.enable_vertex_attrib_array(0);
   |                    ^^^^^^^^^^^^^^^^^^^^^^^^^^
   |
   = help: items from traits can only be used if the trait is in scope
help: trait `HasContext` which provides `enable_vertex_attrib_array` is implemented but not in scope; perhaps you want to import it
   |
1  + use glow::HasContext;
   |
help: there is a method `disable_vertex_attrib_array` with a similar name
   |
52 -                 gl.enable_vertex_attrib_array(0);
52 +                 gl.disable_vertex_attrib_array(0);
   |

error[E0599]: no method named `vertex_attrib_pointer_f32` found for reference `&glow::Context` in the current scope
    --> src\graphics\debug_renderer.rs:53:20
     |
53   |                 gl.vertex_attrib_pointer_f32(0, 3, glow::FLOAT, false, 24, 0);
     |                    ^^^^^^^^^^^^^^^^^^^^^^^^^
     |
     = help: items from traits can only be used if the trait is in scope
help: there is a method `vertex_attrib_pointer_i32` with a similar name, but with different arguments
    --> C:\Users\mrkri\.cargo\registry\src\index.crates.io-1949cf8c6b5b557f\glow-0.13.1\src\lib.rs:1068:5
     |
1068 | /     unsafe fn vertex_attrib_pointer_i32(
1069 | |         &self,
1070 | |         index: u32,
1071 | |         size: i32,
...    |
1074 | |         offset: i32,
1075 | |     );
     | |______^
help: trait `HasContext` which provides `vertex_attrib_pointer_f32` is implemented but not in scope; perhaps you want to import it
     |
1    + use glow::HasContext;
     |

error[E0599]: no method named `enable_vertex_attrib_array` found for reference `&glow::Context` in the current scope
  --> src\graphics\debug_renderer.rs:55:20
   |
55 |                 gl.enable_vertex_attrib_array(1);
   |                    ^^^^^^^^^^^^^^^^^^^^^^^^^^
   |
   = help: items from traits can only be used if the trait is in scope
help: trait `HasContext` which provides `enable_vertex_attrib_array` is implemented but not in scope; perhaps you want to import it
   |
1  + use glow::HasContext;
   |
help: there is a method `disable_vertex_attrib_array` with a similar name
   |
55 -                 gl.enable_vertex_attrib_array(1);
55 +                 gl.disable_vertex_attrib_array(1);
   |

error[E0599]: no method named `vertex_attrib_pointer_f32` found for reference `&glow::Context` in the current scope
    --> src\graphics\debug_renderer.rs:56:20
     |
56   |                 gl.vertex_attrib_pointer_f32(1, 3, glow::FLOAT, false, 24, 12);
     |                    ^^^^^^^^^^^^^^^^^^^^^^^^^
     |
     = help: items from traits can only be used if the trait is in scope
help: there is a method `vertex_attrib_pointer_i32` with a similar name, but with different arguments
    --> C:\Users\mrkri\.cargo\registry\src\index.crates.io-1949cf8c6b5b557f\glow-0.13.1\src\lib.rs:1068:5
     |
1068 | /     unsafe fn vertex_attrib_pointer_i32(
1069 | |         &self,
1070 | |         index: u32,
1071 | |         size: i32,
...    |
1074 | |         offset: i32,
1075 | |     );
     | |______^
help: trait `HasContext` which provides `vertex_attrib_pointer_f32` is implemented but not in scope; perhaps you want to import it
     |
1    + use glow::HasContext;
     |

error[E0599]: no method named `draw_arrays` found for reference `&glow::Context` in the current scope
   --> src\graphics\debug_renderer.rs:58:20
    |
58  |                 gl.draw_arrays(glow::LINES, 0, (self.line_vertices.len() / 6) as i32);
    |                    ^^^^^^^^^^^
    |
    = help: items from traits can only be used if the trait is in scope
help: there is a method `draw_arrays_instanced` with a similar name, but with different arguments
   --> C:\Users\mrkri\.cargo\registry\src\index.crates.io-1949cf8c6b5b557f\glow-0.13.1\src\lib.rs:377:5
    |
377 |     unsafe fn draw_arrays_instanced(&self, mode: u32, first: i32, count: i32, instance_count: i32);
    |     ^^^^^^^^^^^^^^^^^^^^^^^^^^^^^^^^^^^^^^^^^^^^^^^^^^^^^^^^^^^^^^^^^^^^^^^^^^^^^^^^^^^^^^^^^^^^^^^
help: trait `HasContext` which provides `draw_arrays` is implemented but not in scope; perhaps you want to import it
    |
1   + use glow::HasContext;
    |

error[E0599]: no method named `delete_vertex_array` found for reference `&glow::Context` in the current scope
   --> src\graphics\debug_renderer.rs:60:20
    |
60  |                 gl.delete_vertex_array(vao);
    |                    ^^^^^^^^^^^^^^^^^^^
    |
    = help: items from traits can only be used if the trait is in scope
help: there is a method `create_vertex_array` with a similar name, but with different arguments
   --> C:\Users\mrkri\.cargo\registry\src\index.crates.io-1949cf8c6b5b557f\glow-0.13.1\src\lib.rs:229:5
    |
229 |     unsafe fn create_vertex_array(&self) -> Result<Self::VertexArray, String>;
    |     ^^^^^^^^^^^^^^^^^^^^^^^^^^^^^^^^^^^^^^^^^^^^^^^^^^^^^^^^^^^^^^^^^^^^^^^^^^
help: trait `HasContext` which provides `delete_vertex_array` is implemented but not in scope; perhaps you want to import it
    |
1   + use glow::HasContext;
    |

error[E0599]: no method named `delete_buffer` found for reference `&glow::Context` in the current scope
  --> src\graphics\debug_renderer.rs:61:20
   |
61 |                 gl.delete_buffer(vbo);
   |                    ^^^^^^^^^^^^^
   |
   = help: items from traits can only be used if the trait is in scope
help: trait `HasContext` which provides `delete_buffer` is implemented but not in scope; perhaps you want to import it
   |
1  + use glow::HasContext;
   |
help: there is a method `delete_framebuffer` with a similar name
   |
61 |                 gl.delete_framebuffer(vbo);
   |                           +++++

error[E0061]: this method takes 3 arguments but 1 argument was supplied
  --> src\graphics\gl_context.rs:37:52
   |
37 |         let (window, gl_display) = display_builder.build(event_loop)?;
   |                                                    ^^^^^------------ two arguments of type `&winit::event_loop::EventLoopWindowTarget<_>` and `ConfigTemplateBuilder` are missing
   |
note: method defined here
  --> C:\Users\mrkri\.cargo\registry\src\index.crates.io-1949cf8c6b5b557f\glutin-winit-0.4.2\src\lib.rs:89:12
   |
89 |     pub fn build<T, Picker>(
   |            ^^^^^
help: provide the arguments
   |
37 |         let (window, gl_display) = display_builder.build(/* window_target */, /* ConfigTemplateBuilder */, event_loop)?;
   |                                                          +++++++++++++++++++++++++++++++++++++++++++++++++

error[E0599]: no method named `raw_window_handle` found for struct `winit::window::Window` in the current scope
  --> src\graphics\gl_context.rs:44:51
   |
44 |             .compatible_with_native_window(window.raw_window_handle())
   |                                                   ^^^^^^^^^^^^^^^^^ method not found in `Window`
   |
  ::: C:\Users\mrkri\.cargo\registry\src\index.crates.io-1949cf8c6b5b557f\raw-window-handle-0.5.2\src\lib.rs:78:8
   |
78 |     fn raw_window_handle(&self) -> RawWindowHandle;
   |        ----------------- the method is available for `winit::window::Window` here
   |
   = help: items from traits can only be used if the trait is in scope
help: trait `HasRawWindowHandle` which provides `raw_window_handle` is implemented but not in scope; perhaps you want to import it
   |
3  + use raw_window_handle::HasRawWindowHandle;
   |

error[E0599]: no method named `find_configs` found for enum `glutin::config::Config` in the current scope
  --> src\graphics\gl_context.rs:49:18
   |
48 | /             gl_display
49 | |                 .find_configs(template)?
   | |_________________-^^^^^^^^^^^^
   |
help: there is a method `raw_config` with a similar name, but with different arguments
  --> C:\Users\mrkri\.cargo\registry\src\index.crates.io-1949cf8c6b5b557f\glutin-0.31.3\src\config.rs:86:5
   |
86 |     fn raw_config(&self) -> RawConfig;
   |     ^^^^^^^^^^^^^^^^^^^^^^^^^^^^^^^^^^

error[E0599]: no method named `raw_window_handle` found for struct `winit::window::Window` in the current scope
  --> src\graphics\gl_context.rs:66:32
   |
66 |             .build(Some(window.raw_window_handle()));
   |                                ^^^^^^^^^^^^^^^^^ method not found in `Window`
   |
  ::: C:\Users\mrkri\.cargo\registry\src\index.crates.io-1949cf8c6b5b557f\raw-window-handle-0.5.2\src\lib.rs:78:8
   |
78 |     fn raw_window_handle(&self) -> RawWindowHandle;
   |        ----------------- the method is available for `winit::window::Window` here
   |
   = help: items from traits can only be used if the trait is in scope
help: trait `HasRawWindowHandle` which provides `raw_window_handle` is implemented but not in scope; perhaps you want to import it
   |
3  + use raw_window_handle::HasRawWindowHandle;
   |

error[E0599]: no method named `create_context` found for enum `glutin::config::Config` in the current scope
  --> src\graphics\gl_context.rs:70:18
   |
69 | /             gl_display
70 | |                 .create_context(&config, &context_attributes)?
   | |                 -^^^^^^^^^^^^^^ method not found in `Config`
   | |_________________|
   |

error[E0599]: no method named `raw_window_handle` found for struct `winit::window::Window` in the current scope
  --> src\graphics\gl_context.rs:78:24
   |
78 |                 window.raw_window_handle(),
   |                        ^^^^^^^^^^^^^^^^^ method not found in `Window`
   |
  ::: C:\Users\mrkri\.cargo\registry\src\index.crates.io-1949cf8c6b5b557f\raw-window-handle-0.5.2\src\lib.rs:78:8
   |
78 |     fn raw_window_handle(&self) -> RawWindowHandle;
   |        ----------------- the method is available for `winit::window::Window` here
   |
   = help: items from traits can only be used if the trait is in scope
help: trait `HasRawWindowHandle` which provides `raw_window_handle` is implemented but not in scope; perhaps you want to import it
   |
3  + use raw_window_handle::HasRawWindowHandle;
   |

error[E0599]: no method named `create_window_surface` found for enum `glutin::config::Config` in the current scope
  --> src\graphics\gl_context.rs:85:18
   |
84 | /             gl_display
85 | |                 .create_window_surface(&config, &attrs)?
   | |                 -^^^^^^^^^^^^^^^^^^^^^ method not found in `Config`
   | |_________________|
   |

error[E0599]: no method named `get_proc_address` found for enum `glutin::config::Config` in the current scope
  --> src\graphics\gl_context.rs:94:28
   |
94 |                 gl_display.get_proc_address(s)
   |                            ^^^^^^^^^^^^^^^^ method not found in `Config`

error[E0308]: mismatched types
   --> src\graphics\gl_context.rs:100:13
    |
100 |             window,
    |             ^^^^^^ expected `winit::window::Window`, found a different `winit::window::Window`
    |
note: two different versions of crate `winit` are being used; two types coming from two different versions of the same crate are different types even if they look the same
   --> C:\Users\mrkri\.cargo\registry\src\index.crates.io-1949cf8c6b5b557f\winit-0.30.13\src\window.rs:35:1
    |
35  | pub struct Window {
    | ^^^^^^^^^^^^^^^^^ this is the expected type `winit::window::Window`
    |
   ::: C:\Users\mrkri\.cargo\registry\src\index.crates.io-1949cf8c6b5b557f\winit-0.29.15\src\window.rs:54:1
    |
54  | pub struct Window {
    | ^^^^^^^^^^^^^^^^^ this is the found type `winit::window::Window`
    |
   ::: src\graphics\gl_context.rs:12:5
    |
12  | use glutin_winit::DisplayBuilder;
    |     ------------ one version of crate `winit` used here, as a dependency of crate `glutin_winit`
13  | use std::num::NonZeroU32;
14  | use winit::{
    |     ----- one version of crate `winit` used here, as a direct dependency of the current crate
    = help: you can use `cargo tree` to explore your dependency tree

error[E0599]: no variant or associated item named `MouseLeft` found for enum `KeyCode` in the current scope
  --> src\input\mapping.rs:82:55
   |
82 |             InputAction::FirePrimary => Some(KeyCode::MouseLeft),
   |                                                       ^^^^^^^^^ variant or associated item not found in `KeyCode`

error[E0599]: no variant or associated item named `MouseRight` found for enum `KeyCode` in the current scope
  --> src\input\mapping.rs:83:57
   |
83 |             InputAction::FireSecondary => Some(KeyCode::MouseRight),
   |                                                         ^^^^^^^^^^ variant or associated item not found in `KeyCode`

error[E0599]: no variant or associated item named `MouseLeft` found for enum `KeyCode` in the current scope
   --> src\input\mapping.rs:344:40
    |
344 |             "MouseLeft" => Ok(KeyCode::MouseLeft),
    |                                        ^^^^^^^^^ variant or associated item not found in `KeyCode`

error[E0599]: no variant or associated item named `MouseRight` found for enum `KeyCode` in the current scope
   --> src\input\mapping.rs:345:41
    |
345 |             "MouseRight" => Ok(KeyCode::MouseRight),
    |                                         ^^^^^^^^^^ variant or associated item not found in `KeyCode`

error[E0308]: mismatched types
  --> src\input\input_module.rs:25:40
   |
25 |                 self.key_states.insert(input.physical_key, KeyState::Pressed);
   |                                 ------ ^^^^^^^^^^^^^^^^^^ expected `KeyCode`, found `PhysicalKey`
   |                                 |
   |                                 arguments to this method are incorrect
   |
note: method defined here
  --> /rustc/6b00bc3880198600130e1cf62b8f8a93494488cc\library\std\src\collections\hash\map.rs:1203:12

error[E0308]: mismatched types
  --> src\input\input_module.rs:28:40
   |
28 |                 self.key_states.insert(input.physical_key, KeyState::Released);
   |                                 ------ ^^^^^^^^^^^^^^^^^^ expected `KeyCode`, found `PhysicalKey`
   |                                 |
   |                                 arguments to this method are incorrect
   |
note: method defined here
  --> /rustc/6b00bc3880198600130e1cf62b8f8a93494488cc\library\std\src\collections\hash\map.rs:1203:12

error[E0061]: this method takes 2 arguments but 1 argument was supplied
   --> src\physics\physics_module.rs:706:42
    |
706 |             let body = self.rigid_bodies.get(index).cloned()?;
    |                                          ^^^------- argument #2 of type `u64` is missing
    |
note: method defined here
   --> src\physics\arena_allocator.rs:64:12
    |
64  |     pub fn get(&self, index: usize, generation: u64) -> Option<&T> {
    |            ^^^                      ---------------
help: provide the argument
    |
706 |             let body = self.rigid_bodies.get(index, /* u64 */).cloned()?;
    |                                                   +++++++++++

error[E0061]: this method takes 2 arguments but 1 argument was supplied
   --> src\physics\physics_module.rs:715:27
    |
715 |         self.rigid_bodies.get(index)
    |                           ^^^------- argument #2 of type `u64` is missing
    |
note: method defined here
   --> src\physics\arena_allocator.rs:64:12
    |
64  |     pub fn get(&self, index: usize, generation: u64) -> Option<&T> {
    |            ^^^                      ---------------
help: provide the argument
    |
715 |         self.rigid_bodies.get(index, /* u64 */)
    |                                    +++++++++++

error[E0061]: this method takes 2 arguments but 1 argument was supplied
   --> src\physics\physics_module.rs:719:27
    |
719 |         self.rigid_bodies.get_mut(index)
    |                           ^^^^^^^------- argument #2 of type `u64` is missing
    |
note: method defined here
   --> src\physics\arena_allocator.rs:73:12
    |
73  |     pub fn get_mut(&mut self, index: usize, generation: u64) -> Option<&mut T> {
    |            ^^^^^^^                          ---------------
help: provide the argument
    |
719 |         self.rigid_bodies.get_mut(index, /* u64 */)
    |                                        +++++++++++

error[E0061]: this method takes 2 arguments but 1 argument was supplied
   --> src\physics\physics_module.rs:898:52
    |
898 |                 let body_a_vel = self.rigid_bodies.get(*i).map(|b| b.velocity.magnitude()).unwrap_or(0.0);
    |                                                    ^^^---- argument #2 of type `u64` is missing
    |
note: method defined here
   --> src\physics\arena_allocator.rs:64:12
    |
64  |     pub fn get(&self, index: usize, generation: u64) -> Option<&T> {
    |            ^^^                      ---------------
help: provide the argument
    |
898 |                 let body_a_vel = self.rigid_bodies.get(*i, /* u64 */).map(|b| b.velocity.magnitude()).unwrap_or(0.0);
    |                                                          +++++++++++

error[E0061]: this method takes 2 arguments but 1 argument was supplied
   --> src\physics\physics_module.rs:899:52
    |
899 |                 let body_b_vel = self.rigid_bodies.get(*j).map(|b| b.velocity.magnitude()).unwrap_or(0.0);
    |                                                    ^^^---- argument #2 of type `u64` is missing
    |
note: method defined here
   --> src\physics\arena_allocator.rs:64:12
    |
64  |     pub fn get(&self, index: usize, generation: u64) -> Option<&T> {
    |            ^^^                      ---------------
help: provide the argument
    |
899 |                 let body_b_vel = self.rigid_bodies.get(*j, /* u64 */).map(|b| b.velocity.magnitude()).unwrap_or(0.0);
    |                                                          +++++++++++

error[E0308]: `if` and `else` have incompatible types
    --> src\physics\physics_module.rs:1061:80
     |
1061 |                     let normal = if distance > 0.0 { diff.normalize() } else { Vector3::y_axis() };
     |                                                      ----------------          ^^^^^^^^^^^^^^^^^ expected `Matrix<f32, Const<3>, Const<1>, ...>`, found `Unit<Matrix<_, Const<3>, Const<1>, ...>>`
     |                                                      |
     |                                                      expected because of this
     |
     = note: expected struct `nalgebra::Matrix<f32, _, _, ArrayStorage<f32, _, _>>`
                found struct `nalgebra::Unit<nalgebra::Matrix<_, _, _, ArrayStorage<_, _, _>>>`
help: consider dereferencing the type
     |
1061 |                     let normal = if distance > 0.0 { diff.normalize() } else { *Vector3::y_axis() };
     |                                                                                +

error[E0308]: mismatched types
    --> src\physics\physics_module.rs:1493:36
     |
1467 |         let mut collision_normal = Vector3::y_axis();
     |                                    ----------------- expected due to this value
...
1493 |                 collision_normal = *axis;
     |                                    ^^^^^ expected `Unit<Matrix<_, Const<3>, Const<1>, ...>>`, found `Matrix<f32, Const<3>, Const<1>, ...>`
     |
     = note: expected struct `nalgebra::Unit<nalgebra::Matrix<_, _, _, ArrayStorage<_, _, _>>>`
                found struct `nalgebra::Matrix<f32, _, _, ArrayStorage<f32, _, _>>`

error[E0308]: `if` and `else` have incompatible types
    --> src\physics\physics_module.rs:1536:17
     |
1533 |               let normal = if distance > 0.0 {
     |  __________________________-
1534 | |                 diff.normalize()
     | |                 ---------------- expected because of this
1535 | |             } else {
1536 | |                 Vector3::y_axis() // Default normal if sphere center is inside box
     | |                 ^^^^^^^^^^^^^^^^^ expected `Matrix<f32, Const<3>, Const<1>, ...>`, found `Unit<Matrix<_, Const<3>, Const<1>, ...>>`
1537 | |             };
     | |_____________- `if` and `else` have incompatible types
     |
     = note: expected struct `nalgebra::Matrix<f32, _, _, ArrayStorage<f32, _, _>>`
                found struct `nalgebra::Unit<nalgebra::Matrix<_, _, _, ArrayStorage<_, _, _>>>`
help: consider dereferencing the type
     |
1536 |                 *Vector3::y_axis() // Default normal if sphere center is inside box
     |                 +

error[E0609]: no field `position` on type `&mut std::option::Option<RigidBody>`
    --> src\physics\physics_module.rs:1817:50
     |
1817 |         let r_a = contact.contact_point - body_a.position;
     |                                                  ^^^^^^^^ unknown field

error[E0609]: no field `position` on type `&mut std::option::Option<RigidBody>`
    --> src\physics\physics_module.rs:1818:50
     |
1818 |         let r_b = contact.contact_point - body_b.position;
     |                                                  ^^^^^^^^ unknown field

error[E0609]: no field `velocity` on type `&mut std::option::Option<RigidBody>`
    --> src\physics\physics_module.rs:1820:28
     |
1820 |         let vel_a = body_a.velocity + body_a.angular_velocity.cross(&r_a);
     |                            ^^^^^^^^ unknown field

error[E0609]: no field `angular_velocity` on type `&mut std::option::Option<RigidBody>`
    --> src\physics\physics_module.rs:1820:46
     |
1820 |         let vel_a = body_a.velocity + body_a.angular_velocity.cross(&r_a);
     |                                              ^^^^^^^^^^^^^^^^ unknown field

error[E0609]: no field `velocity` on type `&mut std::option::Option<RigidBody>`
    --> src\physics\physics_module.rs:1821:28
     |
1821 |         let vel_b = body_b.velocity + body_b.angular_velocity.cross(&r_b);
     |                            ^^^^^^^^ unknown field

error[E0609]: no field `angular_velocity` on type `&mut std::option::Option<RigidBody>`
    --> src\physics\physics_module.rs:1821:46
     |
1821 |         let vel_b = body_b.velocity + body_b.angular_velocity.cross(&r_b);
     |                                              ^^^^^^^^^^^^^^^^ unknown field

error[E0609]: no field `inverse_mass` on type `&mut std::option::Option<RigidBody>`
    --> src\physics\physics_module.rs:1836:32
     |
1836 |         let mut denom = body_a.inverse_mass + body_b.inverse_mass;
     |                                ^^^^^^^^^^^^ unknown field

error[E0609]: no field `inverse_mass` on type `&mut std::option::Option<RigidBody>`
    --> src\physics\physics_module.rs:1836:54
     |
1836 |         let mut denom = body_a.inverse_mass + body_b.inverse_mass;
     |                                                      ^^^^^^^^^^^^ unknown field

error[E0609]: no field `inverse_inertia_tensor` on type `&mut std::option::Option<RigidBody>`
    --> src\physics\physics_module.rs:1842:29
     |
1842 |         let ang_a = (body_a.inverse_inertia_tensor * r_a_cross_n).cross(&r_a);
     |                             ^^^^^^^^^^^^^^^^^^^^^^ unknown field

error[E0609]: no field `inverse_inertia_tensor` on type `&mut std::option::Option<RigidBody>`
    --> src\physics\physics_module.rs:1843:29
     |
1843 |         let ang_b = (body_b.inverse_inertia_tensor * r_b_cross_n).cross(&r_b);
     |                             ^^^^^^^^^^^^^^^^^^^^^^ unknown field

error[E0599]: no method named `apply_impulse` found for mutable reference `&mut std::option::Option<RigidBody>` in the current scope
    --> src\physics\physics_module.rs:1855:16
     |
1855 |         body_a.apply_impulse(impulse);
     |                ^^^^^^^^^^^^^ method not found in `&mut Option<RigidBody>`

error[E0599]: no method named `apply_impulse` found for mutable reference `&mut std::option::Option<RigidBody>` in the current scope
    --> src\physics\physics_module.rs:1856:16
     |
1856 |         body_b.apply_impulse(-impulse);
     |                ^^^^^^^^^^^^^ method not found in `&mut Option<RigidBody>`

error[E0277]: `&mut ArenaAllocator<RigidBody>` is not an iterator
    --> src\physics\physics_module.rs:1933:21
     |
1933 |         for body in &mut self.rigid_bodies {
     |                     ^^^^^^^^^^^^^^^^^^^^^^ `&mut ArenaAllocator<RigidBody>` is not an iterator
     |
     = help: the trait `Iterator` is not implemented for `ArenaAllocator<RigidBody>`
     = note: required for `&mut ArenaAllocator<RigidBody>` to implement `Iterator`
     = note: required for `&mut ArenaAllocator<RigidBody>` to implement `IntoIterator`

error[E0308]: mismatched types
    --> src\physics\physics_module.rs:2086:32
     |
2086 |         let t_min = t1.zip_map(t2, |a, b| a.min(b)).max();
     |                        ------- ^^ expected `&Matrix<f32, Const<3>, Const<1>, _>`, found `Matrix<f32, Const<3>, Const<1>, ...>`
     |                        |
     |                        arguments to this method are incorrect
     |
     = note: expected reference `&nalgebra::Matrix<_, _, _, _>`
                   found struct `nalgebra::Matrix<_, _, _, ArrayStorage<f32, 3, 1>>`
note: method defined here
    --> C:\Users\mrkri\.cargo\registry\src\index.crates.io-1949cf8c6b5b557f\nalgebra-0.32.6\src\base\matrix.rs:829:12
     |
829  |     pub fn zip_map<T2, N3, S2, F>(&self, rhs: &Matrix<T2, R, C, S2>, mut f: F) -> OMatrix<N3, R, C>
     |            ^^^^^^^
help: consider borrowing here
     |
2086 |         let t_min = t1.zip_map(&t2, |a, b| a.min(b)).max();
     |                                +

error[E0308]: mismatched types
    --> src\physics\physics_module.rs:2087:32
     |
2087 |         let t_max = t1.zip_map(t2, |a, b| a.max(b)).min();
     |                        ------- ^^ expected `&Matrix<f32, Const<3>, Const<1>, _>`, found `Matrix<f32, Const<3>, Const<1>, ...>`
     |                        |
     |                        arguments to this method are incorrect
     |
     = note: expected reference `&nalgebra::Matrix<_, _, _, _>`
                   found struct `nalgebra::Matrix<_, _, _, ArrayStorage<f32, 3, 1>>`
note: method defined here
    --> C:\Users\mrkri\.cargo\registry\src\index.crates.io-1949cf8c6b5b557f\nalgebra-0.32.6\src\base\matrix.rs:829:12
     |
829  |     pub fn zip_map<T2, N3, S2, F>(&self, rhs: &Matrix<T2, R, C, S2>, mut f: F) -> OMatrix<N3, R, C>
     |            ^^^^^^^
help: consider borrowing here
     |
2087 |         let t_max = t1.zip_map(&t2, |a, b| a.max(b)).min();
     |                                +

error[E0308]: mismatched types
  --> src\physics\async_physics.rs:92:57
   |
92 | ...                   PhysicsResponse::Helicopter(heli.clone())
   |                       --------------------------- ^^^^^^^^^^^^ expected `Helicopter`, found `&Helicopter`
   |                       |
   |                       arguments to this enum variant are incorrect
   |
note: `Helicopter` does not implement `Clone`, so `&Helicopter` was cloned instead
  --> src\physics\async_physics.rs:92:57
   |
92 | ...                   PhysicsResponse::Helicopter(heli.clone())
   |                                                   ^^^^
note: tuple variant defined here
  --> src\physics\async_physics.rs:20:5
   |
20 |     Helicopter(Helicopter),
   |     ^^^^^^^^^^
help: consider annotating `Helicopter` with `#[derive(Clone)]`
  --> src\physics\helicopter.rs:596:1
   |
596+ #[derive(Clone)]
597| pub struct Helicopter {
   |

error[E0599]: no method named `clone` found for struct `Helicopter` in the current scope
   --> src\physics\async_physics.rs:148:50
    |
148 |             self.local_helicopter = Some(pending.clone());
    |                                                  ^^^^^ method not found in `Helicopter`
    |
   ::: src\physics\helicopter.rs:596:1
    |
596 | pub struct Helicopter {
    | --------------------- method `clone` not found for this struct
    |
    = help: items from traits can only be used if the trait is implemented and in scope
    = note: the following trait defines an item `clone`, perhaps you need to implement it:
            candidate #1: `Clone`

error[E0277]: the trait bound `crossbeam_channel::Sender<Box<(dyn FnOnce() + Send + 'static)>>: std::default::Default` is not satisfied
   --> src\physics\thread_pool.rs:105:29
    |
105 |         drop(std::mem::take(&mut self.sender));
    |              -------------- ^^^^^^^^^^^^^^^^ the trait `std::default::Default` is not implemented for `crossbeam_channel::Sender<Box<(dyn FnOnce() + Send + 'static)>>`
    |              |
    |              required by a bound introduced by this call
    |
note: required by a bound in `std::mem::take`
   --> /rustc/6b00bc3880198600130e1cf62b8f8a93494488cc\library\core\src\mem\mod.rs:783:1

error[E0063]: missing fields `center_of_mass`, `collision_layer`, `collision_mask` and 7 other fields in initializer of `RigidBody`
  --> src\physics\fracture_component.rs:61:37
   |
61 |             let mut fragment_body = RigidBody {
   |                                     ^^^^^^^^^ missing `center_of_mass`, `collision_layer`, `collision_mask` and 7 other fields

error[E0308]: mismatched types
    --> src\physics\helicopter.rs:809:51
     |
809  |             ground_torque += world_skid_pos.cross(&ground_force / 4.0);
     |                                             ----- ^^^^^^^^^^^^^^^^^^^ expected `&Matrix<f32, _, _, _>`, found `Matrix<f32, Const<3>, Const<1>, ...>`
     |                                             |
     |                                             arguments to this method are incorrect
     |
     = note: expected reference `&nalgebra::Matrix<_, _, _, _>`
                   found struct `nalgebra::Matrix<_, Const<3>, Const<1>, ArrayStorage<f32, 3, 1>>`
note: method defined here
    --> C:\Users\mrkri\.cargo\registry\src\index.crates.io-1949cf8c6b5b557f\nalgebra-0.32.6\src\base\matrix.rs:2039:12
     |
2039 |     pub fn cross<R2, C2, SB>(&self, b: &Matrix<T, R2, C2, SB>) -> MatrixCross<T, R, C, R2, C2>
     |            ^^^^^
help: consider borrowing here
     |
809  |             ground_torque += world_skid_pos.cross(&(&ground_force / 4.0));
     |                                                   ++                   +

error[E0063]: missing field `current_length` in initializer of `AdvancedSuspension`
  --> src\physics\advanced_vehicle.rs:68:9
   |
68 |         Self {
   |         ^^^^ missing `current_length`

error[E0063]: missing field `current_length` in initializer of `AdvancedSuspension`
  --> src\physics\advanced_vehicle.rs:94:9
   |
94 |         Self {
   |         ^^^^ missing `current_length`

error[E0061]: this method takes 2 arguments but 1 argument was supplied
  --> src\physics\constraints.rs:45:32
   |
45 |             world.rigid_bodies.get(self.body_a),
   |                                ^^^------------- argument #2 of type `u64` is missing
   |
note: method defined here
  --> src\physics\arena_allocator.rs:64:12
   |
64 |     pub fn get(&self, index: usize, generation: u64) -> Option<&T> {
   |            ^^^                      ---------------
help: provide the argument
   |
45 |             world.rigid_bodies.get(self.body_a, /* u64 */),
   |                                               +++++++++++

error[E0061]: this method takes 2 arguments but 1 argument was supplied
  --> src\physics\constraints.rs:46:32
   |
46 |             world.rigid_bodies.get(self.body_b),
   |                                ^^^------------- argument #2 of type `u64` is missing
   |
note: method defined here
  --> src\physics\arena_allocator.rs:64:12
   |
64 |     pub fn get(&self, index: usize, generation: u64) -> Option<&T> {
   |            ^^^                      ---------------
help: provide the argument
   |
46 |             world.rigid_bodies.get(self.body_b, /* u64 */),
   |                                               +++++++++++

error[E0061]: this method takes 2 arguments but 1 argument was supplied
  --> src\physics\constraints.rs:61:32
   |
61 |             world.rigid_bodies.get(self.body_a),
   |                                ^^^------------- argument #2 of type `u64` is missing
   |
note: method defined here
  --> src\physics\arena_allocator.rs:64:12
   |
64 |     pub fn get(&self, index: usize, generation: u64) -> Option<&T> {
   |            ^^^                      ---------------
help: provide the argument
   |
61 |             world.rigid_bodies.get(self.body_a, /* u64 */),
   |                                               +++++++++++

error[E0061]: this method takes 2 arguments but 1 argument was supplied
  --> src\physics\constraints.rs:62:32
   |
62 |             world.rigid_bodies.get(self.body_b),
   |                                ^^^------------- argument #2 of type `u64` is missing
   |
note: method defined here
  --> src\physics\arena_allocator.rs:64:12
   |
64 |     pub fn get(&self, index: usize, generation: u64) -> Option<&T> {
   |            ^^^                      ---------------
help: provide the argument
   |
62 |             world.rigid_bodies.get(self.body_b, /* u64 */),
   |                                               +++++++++++

error[E0061]: this method takes 2 arguments but 1 argument was supplied
   --> src\physics\constraints.rs:116:28
    |
116 |         world.rigid_bodies.get(self.chassis_body).map(|body| {
    |                            ^^^------------------- argument #2 of type `u64` is missing
    |
note: method defined here
   --> src\physics\arena_allocator.rs:64:12
    |
64  |     pub fn get(&self, index: usize, generation: u64) -> Option<&T> {
    |            ^^^                      ---------------
help: provide the argument
    |
116 |         world.rigid_bodies.get(self.chassis_body, /* u64 */).map(|body| {
    |                                                 +++++++++++

error[E0061]: this method takes 2 arguments but 1 argument was supplied
   --> src\physics\constraints.rs:153:35
    |
153 |                 self.rigid_bodies.get(constraint.body_a),
    |                                   ^^^------------------- argument #2 of type `u64` is missing
    |
note: method defined here
   --> src\physics\arena_allocator.rs:64:12
    |
64  |     pub fn get(&self, index: usize, generation: u64) -> Option<&T> {
    |            ^^^                      ---------------
help: provide the argument
    |
153 |                 self.rigid_bodies.get(constraint.body_a, /* u64 */),
    |                                                        +++++++++++

error[E0061]: this method takes 2 arguments but 1 argument was supplied
   --> src\physics\constraints.rs:154:35
    |
154 |                 self.rigid_bodies.get(constraint.body_b),
    |                                   ^^^------------------- argument #2 of type `u64` is missing
    |
note: method defined here
   --> src\physics\arena_allocator.rs:64:12
    |
64  |     pub fn get(&self, index: usize, generation: u64) -> Option<&T> {
    |            ^^^                      ---------------
help: provide the argument
    |
154 |                 self.rigid_bodies.get(constraint.body_b, /* u64 */),
    |                                                        +++++++++++

error[E0061]: this method takes 2 arguments but 1 argument was supplied
   --> src\physics\constraints.rs:201:51
    |
201 |             if let Some(body) = self.rigid_bodies.get_mut(body_idx) {
    |                                                   ^^^^^^^---------- argument #2 of type `u64` is missing
    |
note: method defined here
   --> src\physics\arena_allocator.rs:73:12
    |
73  |     pub fn get_mut(&mut self, index: usize, generation: u64) -> Option<&mut T> {
    |            ^^^^^^^                          ---------------
help: provide the argument
    |
201 |             if let Some(body) = self.rigid_bodies.get_mut(body_idx, /* u64 */) {
    |                                                                   +++++++++++

error[E0369]: binary operation `==` cannot be applied to type `&HudFlashElement`
   --> src\ui\hud.rs:195:22
    |
195 |             if flash == element {
    |                ----- ^^ ------- &HudFlashElement
    |                |
    |                &HudFlashElement
    |
note: an implementation of `PartialEq` might be missing for `HudFlashElement`
   --> src\ui\hud.rs:106:1
    |
106 | pub enum HudFlashElement {
    | ^^^^^^^^^^^^^^^^^^^^^^^^ must implement `PartialEq`
help: consider annotating `HudFlashElement` with `#[derive(PartialEq)]`
    |
106 + #[derive(PartialEq)]
107 | pub enum HudFlashElement {
    |

error[E0624]: method `draw_text` is private
   --> src\ui\hud.rs:253:18
    |
253 |         renderer.draw_text("F", start_x, start_y, diff_font_size, f_color);
    |                  ^^^^^^^^^ private method
    |
   ::: src\graphics\renderer.rs:887:5
    |
887 |     unsafe fn draw_text(&mut self, text: &str, x: f32, y: f32, size: f32, color: [f32; 4]) {
    |     -------------------------------------------------------------------------------------- private method defined here

error[E0624]: method `draw_text` is private
   --> src\ui\hud.rs:257:18
    |
257 |         renderer.draw_text("C", start_x + gap, start_y, diff_font_size, c_color);
    |                  ^^^^^^^^^ private method
    |
   ::: src\graphics\renderer.rs:887:5
    |
887 |     unsafe fn draw_text(&mut self, text: &str, x: f32, y: f32, size: f32, color: [f32; 4]) {
    |     -------------------------------------------------------------------------------------- private method defined here

error[E0624]: method `draw_text` is private
   --> src\ui\hud.rs:261:18
    |
261 |         renderer.draw_text("R", start_x + gap * 2.0, start_y, diff_font_size, r_color);
    |                  ^^^^^^^^^ private method
    |
   ::: src\graphics\renderer.rs:887:5
    |
887 |     unsafe fn draw_text(&mut self, text: &str, x: f32, y: f32, size: f32, color: [f32; 4]) {
    |     -------------------------------------------------------------------------------------- private method defined here

error[E0624]: method `draw_text` is private
   --> src\ui\hud.rs:266:22
    |
266 |             renderer.draw_text("LOW", start_x + gap * 0.5, start_y + 35.0, 18.0, low_color);
    |                      ^^^^^^^^^ private method
    |
   ::: src\graphics\renderer.rs:887:5
    |
887 |     unsafe fn draw_text(&mut self, text: &str, x: f32, y: f32, size: f32, color: [f32; 4]) {
    |     -------------------------------------------------------------------------------------- private method defined here

error[E0624]: method `draw_text` is private
   --> src\ui\hud.rs:276:22
    |
276 |             renderer.draw_text(&rope_len, winch_x, winch_y, 22.0, [1.0, 0.9, 0.5, 1.0]);
    |                      ^^^^^^^^^ private method
    |
   ::: src\graphics\renderer.rs:887:5
    |
887 |     unsafe fn draw_text(&mut self, text: &str, x: f32, y: f32, size: f32, color: [f32; 4]) {
    |     -------------------------------------------------------------------------------------- private method defined here

error[E0624]: method `draw_text` is private
   --> src\ui\hud.rs:281:22
    |
281 |             renderer.draw_text(tension_status, winch_x, winch_y + 28.0, 16.0, tension_color);
    |                      ^^^^^^^^^ private method
    |
   ::: src\graphics\renderer.rs:887:5
    |
887 |     unsafe fn draw_text(&mut self, text: &str, x: f32, y: f32, size: f32, color: [f32; 4]) {
    |     -------------------------------------------------------------------------------------- private method defined here

error[E0624]: method `draw_rect` is private
   --> src\ui\hud.rs:284:22
    |
284 |             renderer.draw_rect(winch_x - 8.0, winch_y - 8.0, 130.0, 60.0, [0.0, 0.0, 0.0, 0.4]);
    |                      ^^^^^^^^^ private method
    |
   ::: src\graphics\renderer.rs:738:5
    |
738 |     unsafe fn draw_rect(&self, x: f32, y: f32, width: f32, height: f32, color: [f32; 4]) {
    |     ------------------------------------------------------------------------------------ private method defined here

error[E0599]: no method named `draw_rect_border` found for mutable reference `&mut Renderer` in the current scope
   --> src\ui\hud.rs:285:22
    |
285 |             renderer.draw_rect_border(winch_x - 8.0, winch_y - 8.0, 130.0, 60.0, 2.0, [0.6, 0.6, 0.6, 0.6]);
    |                      ^^^^^^^^^^^^^^^^ method not found in `&mut Renderer`

error[E0624]: method `draw_rect` is private
   --> src\ui\hud.rs:303:26
    |
303 |                 renderer.draw_rect(x, wheel_y, size, size, color);
    |                          ^^^^^^^^^ private method
    |
   ::: src\graphics\renderer.rs:738:5
    |
738 |     unsafe fn draw_rect(&self, x: f32, y: f32, width: f32, height: f32, color: [f32; 4]) {
    |     ------------------------------------------------------------------------------------ private method defined here

error[E0624]: method `draw_rect` is private
   --> src\ui\hud.rs:307:30
    |
307 |                     renderer.draw_rect(x, wheel_y + 16.0, size, size, [0.4, 0.4, 0.4, 0.6]);
    |                              ^^^^^^^^^ private method
    |
   ::: src\graphics\renderer.rs:738:5
    |
738 |     unsafe fn draw_rect(&self, x: f32, y: f32, width: f32, height: f32, color: [f32; 4]) {
    |     ------------------------------------------------------------------------------------ private method defined here

error[E0624]: method `draw_rect` is private
   --> src\ui\hud.rs:313:30
    |
313 |                     renderer.draw_rect(x + 2.0, wheel_y + 2.0, size - 4.0, size - 4.0, slip_color);
    |                              ^^^^^^^^^ private method
    |
   ::: src\graphics\renderer.rs:738:5
    |
738 |     unsafe fn draw_rect(&self, x: f32, y: f32, width: f32, height: f32, color: [f32; 4]) {
    |     ------------------------------------------------------------------------------------ private method defined here

error[E0624]: method `draw_text` is private
   --> src\ui\hud.rs:327:18
    |
327 |         renderer.draw_text(hint_text, hint_x, hints_y, font_size, hint_color);
    |                  ^^^^^^^^^ private method
    |
   ::: src\graphics\renderer.rs:887:5
    |
887 |     unsafe fn draw_text(&mut self, text: &str, x: f32, y: f32, size: f32, color: [f32; 4]) {
    |     -------------------------------------------------------------------------------------- private method defined here

error[E0609]: no field `vehicle_health` on type `&VehicleHudData`
   --> src\ui\hud.rs:331:17
    |
331 |         if data.vehicle_health < 1.0 {
    |                 ^^^^^^^^^^^^^^ unknown field
    |
    = note: available fields are: `speed_kmh`, `speed_max_kmh`, `gear`, `engine_rpm`, `engine_rpm_max` ... and 23 others

error[E0609]: no field `vehicle_health` on type `&VehicleHudData`
   --> src\ui\hud.rs:332:44
    |
332 |             let damage_factor = 1.0 - data.vehicle_health;
    |                                            ^^^^^^^^^^^^^^ unknown field
    |
    = note: available fields are: `speed_kmh`, `speed_max_kmh`, `gear`, `engine_rpm`, `engine_rpm_max` ... and 23 others

error[E0689]: can't call method `min` on ambiguous numeric type `{float}`
   --> src\ui\hud.rs:333:47
    |
333 |             let alpha = (damage_factor * 0.6).min(0.75);
    |                                               ^^^

error[E0624]: method `draw_rect` is private
   --> src\ui\hud.rs:338:22
    |
338 |             renderer.draw_rect(0.0, 0.0, screen_width, border_size, [1.0, 0.0, 0.0, alpha]);
    |                      ^^^^^^^^^ private method
    |
   ::: src\graphics\renderer.rs:738:5
    |
738 |     unsafe fn draw_rect(&self, x: f32, y: f32, width: f32, height: f32, color: [f32; 4]) {
    |     ------------------------------------------------------------------------------------ private method defined here

error[E0624]: method `draw_rect` is private
   --> src\ui\hud.rs:340:22
    |
340 |             renderer.draw_rect(0.0, screen_height - border_size, screen_width, border_size, [1.0, 0.0, 0.0, alpha]);
    |                      ^^^^^^^^^ private method
    |
   ::: src\graphics\renderer.rs:738:5
    |
738 |     unsafe fn draw_rect(&self, x: f32, y: f32, width: f32, height: f32, color: [f32; 4]) {
    |     ------------------------------------------------------------------------------------ private method defined here

error[E0624]: method `draw_rect` is private
   --> src\ui\hud.rs:342:22
    |
342 |             renderer.draw_rect(0.0, 0.0, border_size, screen_height, [1.0, 0.0, 0.0, alpha]);
    |                      ^^^^^^^^^ private method
    |
   ::: src\graphics\renderer.rs:738:5
    |
738 |     unsafe fn draw_rect(&self, x: f32, y: f32, width: f32, height: f32, color: [f32; 4]) {
    |     ------------------------------------------------------------------------------------ private method defined here

error[E0624]: method `draw_rect` is private
   --> src\ui\hud.rs:344:22
    |
344 |             renderer.draw_rect(screen_width - border_size, 0.0, border_size, screen_height, [1.0, 0.0, 0.0, alpha]);
    |                      ^^^^^^^^^ private method
    |
   ::: src\graphics\renderer.rs:738:5
    |
738 |     unsafe fn draw_rect(&self, x: f32, y: f32, width: f32, height: f32, color: [f32; 4]) {
    |     ------------------------------------------------------------------------------------ private method defined here

error[E0609]: no field `vehicle_health` on type `&VehicleHudData`
   --> src\ui\hud.rs:347:21
    |
347 |             if data.vehicle_health < 0.25 {
    |                     ^^^^^^^^^^^^^^ unknown field
    |
    = note: available fields are: `speed_kmh`, `speed_max_kmh`, `gear`, `engine_rpm`, `engine_rpm_max` ... and 23 others

error[E0624]: method `draw_text` is private
   --> src\ui\hud.rs:351:26
    |
351 |                 renderer.draw_text(warn_text, warn_x, warn_y, 32.0, [1.0, 0.0, 0.0, 1.0]);
    |                          ^^^^^^^^^ private method
    |
   ::: src\graphics\renderer.rs:887:5
    |
887 |     unsafe fn draw_text(&mut self, text: &str, x: f32, y: f32, size: f32, color: [f32; 4]) {
    |     -------------------------------------------------------------------------------------- private method defined here

error[E0624]: method `draw_text` is private
   --> src\ui\hud.rs:361:22
    |
361 |             renderer.draw_text(&weight_text, cargo_x, cargo_y, 20.0, [0.9, 0.9, 0.9, 0.9]);
    |                      ^^^^^^^^^ private method
    |
   ::: src\graphics\renderer.rs:887:5
    |
887 |     unsafe fn draw_text(&mut self, text: &str, x: f32, y: f32, size: f32, color: [f32; 4]) {
    |     -------------------------------------------------------------------------------------- private method defined here

error[E0624]: method `draw_text` is private
   --> src\ui\hud.rs:366:26
    |
366 |                 renderer.draw_text("DAMAGED", cargo_x, cargo_y + 25.0, 16.0, damage_color);
    |                          ^^^^^^^^^ private method
    |
   ::: src\graphics\renderer.rs:887:5
    |
887 |     unsafe fn draw_text(&mut self, text: &str, x: f32, y: f32, size: f32, color: [f32; 4]) {
    |     -------------------------------------------------------------------------------------- private method defined here

error[E0689]: can't call method `max` on ambiguous numeric type `{float}`
  --> src\profiler.rs:59:65
   |
59 |                 let max_time = times.iter().fold(0.0, |a, &b| a.max(b));
   |                                                        -        ^^^
   |                                                        |
   |                                                        you must specify a type for this binding, like `f32`

error[E0061]: this function takes 5 arguments but 3 arguments were supplied
   --> src\engine.rs:100:43
    |
100 |                 if let Some(settlement) = Settlement::generate(world_seed, gx, gz) {
    |                                           ^^^^^^^^^^^^^^^^^^^^-------------------- two arguments of type `f32` and `f32` are missing
    |
note: associated function defined here
   --> src\world\settlement.rs:107:12
    |
107 |     pub fn generate(seed: u64, grid_x: i32, grid_z: i32, center_x: f32, center_z: f32) -> Option<Settlement> {
    |            ^^^^^^^^                                      -------------  -------------
help: provide the arguments
    |
100 |                 if let Some(settlement) = Settlement::generate(world_seed, gx, gz, /* f32 */, /* f32 */) {
    |                                                                                  ++++++++++++++++++++++

error[E0599]: no method named `clone` found for struct `RoadNetwork` in the current scope
   --> src\engine.rs:110:66
    |
110 |         open_world.generator_mut().set_road_network(road_network.clone());
    |                                                                  ^^^^^ method not found in `RoadNetwork`
    |
   ::: src\world\road_network.rs:228:1
    |
228 | pub struct RoadNetwork {
    | ---------------------- method `clone` not found for this struct
    |
    = help: items from traits can only be used if the trait is implemented and in scope
    = note: the following trait defines an item `clone`, perhaps you need to implement it:
            candidate #1: `Clone`

error[E0599]: no method named `clone` found for struct `RoadNetwork` in the current scope
   --> src\engine.rs:113:94
    |
113 |         let mission_generator = Some(MissionGenerator::new(settlements.clone(), road_network.clone()));
    |                                                                                              ^^^^^ method not found in `RoadNetwork`
    |
   ::: src\world\road_network.rs:228:1
    |
228 | pub struct RoadNetwork {
    | ---------------------- method `clone` not found for this struct
    |
    = help: items from traits can only be used if the trait is implemented and in scope
    = note: the following trait defines an item `clone`, perhaps you need to implement it:
            candidate #1: `Clone`

error[E0061]: this function takes 3 arguments but 2 arguments were supplied
   --> src\engine.rs:113:38
    |
113 |         let mission_generator = Some(MissionGenerator::new(settlements.clone(), road_network.clone()));
    |                                      ^^^^^^^^^^^^^^^^^^^^^------------------------------------------- argument #3 of type `u64` is missing
    |
note: associated function defined here
   --> src\game\mission_generator.rs:140:12
    |
140 |     pub fn new(settlements: Vec<Settlement>, road_network: RoadNetwork, seed: u64) -> Self {
    |            ^^^                                                          ---------
help: provide the argument
    |
113 |         let mission_generator = Some(MissionGenerator::new(settlements.clone(), road_network.clone(), /* u64 */));
    |                                                                                                     +++++++++++

error[E0599]: no method named `generator` found for struct `OpenWorld` in the current scope
   --> src\engine.rs:117:37
    |
117 |         let chunk_data = open_world.generator().generate_chunk(chunk_id);
    |                                     ^^^^^^^^^ private field, not a method
    |
   ::: src\world\world_module.rs:25:1
    |
25  | pub struct OpenWorld {
    | -------------------- method `generator` not found for this struct
    |
help: there is a method `generator_mut` with a similar name
    |
117 |         let chunk_data = open_world.generator_mut().generate_chunk(chunk_id);
    |                                              ++++

error[E0624]: associated function `create_default_vehicle` is private
   --> src\engine.rs:142:45
    |
142 |         let vehicle_config = VehicleLoader::create_default_vehicle("starter");
    |                                             ^^^^^^^^^^^^^^^^^^^^^^ private associated function
    |
   ::: src\assets\vehicle_loader.rs:289:5
    |
289 |     fn create_default_vehicle(id: &str) -> VehicleDefinition {
    |     -------------------------------------------------------- private associated function defined here

error[E0599]: no method named `clone` found for struct `winit::window::Window` in the current scope
   --> src\engine.rs:178:49
    |
178 |         let window = Arc::new(gl_context.window.clone());
    |                                                 ^^^^^ method not found in `Window`

error[E0599]: no method named `clone` found for struct `glow::Context` in the current scope
   --> src\engine.rs:179:32
    |
179 |         let gl = gl_context.gl.clone();
    |                                ^^^^^ method not found in `Context`

error[E0609]: no field `engine` on type `AudioSystem`
   --> src\engine.rs:186:30
    |
186 |         let _ = audio_system.engine.lock().unwrap().load_sound("assets/audio/engine_idle.wav");
    |                              ^^^^^^ unknown field
    |
    = note: available fields are: `listener`, `environment`

error[E0609]: no field `engine` on type `AudioSystem`
   --> src\engine.rs:187:30
    |
187 |         let _ = audio_system.engine.lock().unwrap().load_sound("assets/audio/engine_accel.wav");
    |                              ^^^^^^ unknown field
    |
    = note: available fields are: `listener`, `environment`

error[E0609]: no field `engine` on type `AudioSystem`
   --> src\engine.rs:188:30
    |
188 |         let _ = audio_system.engine.lock().unwrap().load_sound("assets/audio/brake.wav");
    |                              ^^^^^^ unknown field
    |
    = note: available fields are: `listener`, `environment`

error[E0609]: no field `engine` on type `AudioSystem`
   --> src\engine.rs:189:30
    |
189 |         let _ = audio_system.engine.lock().unwrap().load_sound("assets/audio/crash.wav");
    |                              ^^^^^^ unknown field
    |
    = note: available fields are: `listener`, `environment`

error[E0609]: no field `engine` on type `AudioSystem`
   --> src\engine.rs:190:30
    |
190 |         let _ = audio_system.engine.lock().unwrap().load_sound("assets/audio/winch.wav");
    |                              ^^^^^^ unknown field
    |
    = note: available fields are: `listener`, `environment`

error[E0061]: this function takes 1 argument but 0 arguments were supplied
   --> src\engine.rs:214:31
    |
214 |             material_manager: MaterialManager::new(),
    |                               ^^^^^^^^^^^^^^^^^^^^-- argument #1 of type `TextureQuality` is missing
    |
note: associated function defined here
   --> src\graphics\material.rs:247:12
    |
247 |     pub fn new(default_quality: TextureQuality) -> Self {
    |            ^^^ -------------------------------
help: provide the argument
    |
214 |             material_manager: MaterialManager::new(/* TextureQuality */),
    |                                                    ++++++++++++++++++++

error[E0063]: missing fields `compass_heading` and `helicopter` in initializer of `Engine`
   --> src\engine.rs:203:12
    |
203 |         Ok(Self {
    |            ^^^^ missing `compass_heading` and `helicopter`

error[E0308]: mismatched types
   --> src\engine.rs:261:58
    |
261 |               WindowEvent::CursorMoved { position, .. } => {
    |  __________________________________________________________^
262 | |                 self.mouse_x = position.x as f32;
263 | |                 self.mouse_y = position.y as f32;
264 | |             }
    | |_____________^ expected `bool`, found `()`

error[E0308]: mismatched types
   --> src\engine.rs:266:104
    |
266 |               WindowEvent::MouseInput { state: ElementState::Pressed, button: MouseButton::Left, .. } => {
    |  ________________________________________________________________________________________________________^
267 | |                 self.handle_menu_click(self.mouse_x, self.mouse_y);
268 | |             }
    | |_____________^ expected `bool`, found `()`

error[E0599]: no method named `activate_action` found for struct `Winch` in the current scope
   --> src\engine.rs:365:28
    |
365 |                 self.winch.activate_action();
    |                            ^^^^^^^^^^^^^^^ method not found in `Winch`
    |
   ::: src\game\winch.rs:5:1
    |
5   | pub struct Winch {
    | ---------------- method `activate_action` not found for this struct

error[E0061]: this method takes 1 argument but 0 arguments were supplied
   --> src\engine.rs:439:28
    |
439 |                 self.winch.release();
    |                            ^^^^^^^-- argument #1 of type `&mut Vec<SpringConstraint>` is missing
    |
note: method defined here
   --> src\game\winch.rs:88:12
    |
88  |     pub fn release(&mut self, _constraints: &mut Vec<SpringConstraint>) {
    |            ^^^^^^^            ----------------------------------------
help: provide the argument
    |
439 |                 self.winch.release(/* &mut Vec<SpringConstraint> */);
    |                                    ++++++++++++++++++++++++++++++++

error[E0277]: `PrecipitationType` doesn't implement `std::fmt::Debug`
   --> src\engine.rs:511:47
    |
511 |         world_state.weather = format!("{:?}", self.weather_system.get_state().precipitation_type);
    |                                               ^^^^^^^^^^^^^^^^^^^^^^^^^^^^^^^^^^^^^^^^^^^^^^^^^^ `PrecipitationType` cannot be formatted using `{:?}`
    |
    = help: the trait `std::fmt::Debug` is not implemented for `PrecipitationType`
    = note: add `#[derive(Debug)]` to `PrecipitationType` or manually `impl std::fmt::Debug for PrecipitationType`
    = note: this error originates in the macro `$crate::__export::format_args` which comes from the expansion of the macro `format` (in Nightly builds, run with -Z macro-backtrace for more info)
help: consider annotating `PrecipitationType` with `#[derive(Debug)]`
   --> src\game\weather.rs:5:1
    |
5   + #[derive(Debug)]
6   | pub enum PrecipitationType {
    |

error[E0599]: no method named `set_time` found for struct `weather::DayNightCycle` in the current scope
   --> src\engine.rs:567:38
    |
567 |                 self.day_night_cycle.set_time(save.world_state.time_of_day, 0.0);
    |                                      ^^^^^^^^ method not found in `DayNightCycle`
    |
   ::: src\game\weather.rs:36:1
    |
36  | pub struct DayNightCycle {
    | ------------------------ method `set_time` not found for this struct

error[E0560]: struct `VehicleHudData` has no field named `health`
   --> src\engine.rs:762:33
    |
762 | ...                   health: self.vehicle_health,
    |                       ^^^^^^ `VehicleHudData` does not have this field
    |
    = note: available fields are: `speed_max_kmh`, `engine_temp`, `engine_overheating`, `diff_front_locked`, `diff_rear_locked` ... and 16 others

error[E0560]: struct `VehicleHudData` has no field named `health`
   --> src\engine.rs:781:33
    |
781 | ...                   health: self.vehicle_health,
    |                       ^^^^^^ `VehicleHudData` does not have this field
    |
    = note: available fields are: `speed_max_kmh`, `gear`, `engine_rpm_max`, `engine_running`, `engine_temp` ... and 19 others

error[E0609]: no field `id` on type `LoadedChunk`
   --> src\world\world_module.rs:168:34
    |
168 |             let chunk_id = chunk.id;
    |                                  ^^ unknown field
    |
help: one of the expressions' fields has a field of the same name
    |
168 |             let chunk_id = chunk.chunk.id;
    |                                  ++++++

error[E0308]: mismatched types
   --> src\world\world_module.rs:173:49
    |
173 |             self.loaded_chunks.insert(chunk_id, arc_chunk.clone());
    |                                ------           ^^^^^^^^^^^^^^^^^ expected `Arc<Chunk>`, found `Arc<LoadedChunk>`
    |                                |
    |                                arguments to this method are incorrect
    |
    = note: expected struct `Arc<Chunk>`
               found struct `Arc<LoadedChunk>`
help: the return type of this call is `Arc<LoadedChunk>` due to the type of the argument passed
   --> src\world\world_module.rs:173:13
    |
173 |             self.loaded_chunks.insert(chunk_id, arc_chunk.clone());
    |             ^^^^^^^^^^^^^^^^^^^^^^^^^^^^^^^^^^^^-----------------^
    |                                                 |
    |                                                 this argument influences the return type of `insert`
note: method defined here
   --> /rustc/6b00bc3880198600130e1cf62b8f8a93494488cc\library\std\src\collections\hash\map.rs:1203:12

error[E0308]: mismatched types
   --> src\world\world_module.rs:176:45
    |
176 |             self.spatial_index.insert_chunk(arc_chunk);
    |                                ------------ ^^^^^^^^^ expected `Arc<Chunk>`, found `Arc<LoadedChunk>`
    |                                |
    |                                arguments to this method are incorrect
    |
    = note: expected struct `Arc<Chunk>`
               found struct `Arc<LoadedChunk>`
note: method defined here
   --> src\world\spatial_index.rs:251:12
    |
251 |     pub fn insert_chunk(&mut self, chunk: std::sync::Arc<Chunk>) {
    |            ^^^^^^^^^^^^            ----------------------------

error[E0599]: no method named `distance` found for struct `nalgebra::Matrix<f32, Const<3>, Const<1>, ArrayStorage<f32, 3, 1>>` in the current scope
   --> src\world\chunk.rs:203:37
    |
203 |         self.bounding_sphere_center.distance(&camera_pos)
    |                                     ^^^^^^^^
    |
help: there is a method `metric_distance` with a similar name
    |
203 |         self.bounding_sphere_center.metric_distance(&camera_pos)
    |                                     +++++++

error[E0308]: mismatched types
   --> src\world\chunk.rs:259:27
    |
259 |             let gx = (x * stride) as f32;
    |                           ^^^^^^ expected `usize`, found `u32`

error[E0277]: cannot multiply `usize` by `u32`
   --> src\world\chunk.rs:259:25
    |
259 |             let gx = (x * stride) as f32;
    |                         ^ no implementation for `usize * u32`
    |
    = help: the trait `Mul<u32>` is not implemented for `usize`
    = help: the following other types implement trait `Mul<Rhs>`:
              `&usize` implements `Mul<&nalgebra::Complex<usize>>`
              `&usize` implements `Mul<&num_bigint::bigint::BigInt>`
              `&usize` implements `Mul<&num_bigint::biguint::BigUint>`
              `&usize` implements `Mul<nalgebra::Complex<usize>>`
              `&usize` implements `Mul<num_bigint::bigint::BigInt>`
              `&usize` implements `Mul<num_bigint::biguint::BigUint>`
              `&usize` implements `Mul<usize>`
              `&usize` implements `Mul`
            and 13 others

error[E0308]: mismatched types
   --> src\world\chunk.rs:260:27
    |
260 |             let gz = (z * stride) as f32;
    |                           ^^^^^^ expected `usize`, found `u32`

error[E0277]: cannot multiply `usize` by `u32`
   --> src\world\chunk.rs:260:25
    |
260 |             let gz = (z * stride) as f32;
    |                         ^ no implementation for `usize * u32`
    |
    = help: the trait `Mul<u32>` is not implemented for `usize`
    = help: the following other types implement trait `Mul<Rhs>`:
              `&usize` implements `Mul<&nalgebra::Complex<usize>>`
              `&usize` implements `Mul<&num_bigint::bigint::BigInt>`
              `&usize` implements `Mul<&num_bigint::biguint::BigUint>`
              `&usize` implements `Mul<nalgebra::Complex<usize>>`
              `&usize` implements `Mul<num_bigint::bigint::BigInt>`
              `&usize` implements `Mul<num_bigint::biguint::BigUint>`
              `&usize` implements `Mul<usize>`
              `&usize` implements `Mul`
            and 13 others

error[E0308]: mismatched types
   --> src\world\chunk.rs:268:43
    |
268 |             let splat = data.splatmap[z * stride * HEIGHTMAP_RESOLUTION as usize + x * stride];
    |                                           ^^^^^^ expected `usize`, found `u32`

error[E0277]: cannot multiply `usize` by `u32`
   --> src\world\chunk.rs:268:41
    |
268 |             let splat = data.splatmap[z * stride * HEIGHTMAP_RESOLUTION as usize + x * stride];
    |                                         ^ no implementation for `usize * u32`
    |
    = help: the trait `Mul<u32>` is not implemented for `usize`
    = help: the following other types implement trait `Mul<Rhs>`:
              `&usize` implements `Mul<&nalgebra::Complex<usize>>`
              `&usize` implements `Mul<&num_bigint::bigint::BigInt>`
              `&usize` implements `Mul<&num_bigint::biguint::BigUint>`
              `&usize` implements `Mul<nalgebra::Complex<usize>>`
              `&usize` implements `Mul<num_bigint::bigint::BigInt>`
              `&usize` implements `Mul<num_bigint::biguint::BigUint>`
              `&usize` implements `Mul<usize>`
              `&usize` implements `Mul`
            and 13 others

error[E0308]: mismatched types
   --> src\world\chunk.rs:268:88
    |
268 |             let splat = data.splatmap[z * stride * HEIGHTMAP_RESOLUTION as usize + x * stride];
    |                                                                                        ^^^^^^ expected `usize`, found `u32`

error[E0277]: cannot multiply `usize` by `u32`
   --> src\world\chunk.rs:268:86
    |
268 |             let splat = data.splatmap[z * stride * HEIGHTMAP_RESOLUTION as usize + x * stride];
    |                                                                                      ^ no implementation for `usize * u32`
    |
    = help: the trait `Mul<u32>` is not implemented for `usize`
    = help: the following other types implement trait `Mul<Rhs>`:
              `&usize` implements `Mul<&nalgebra::Complex<usize>>`
              `&usize` implements `Mul<&num_bigint::bigint::BigInt>`
              `&usize` implements `Mul<&num_bigint::biguint::BigUint>`
              `&usize` implements `Mul<nalgebra::Complex<usize>>`
              `&usize` implements `Mul<num_bigint::bigint::BigInt>`
              `&usize` implements `Mul<num_bigint::biguint::BigUint>`
              `&usize` implements `Mul<usize>`
              `&usize` implements `Mul`
            and 13 others

error[E0061]: this function takes 2 arguments but 3 arguments were supplied
   --> src\world\chunk_manager.rs:85:21
    |
85  |         let chunk = Chunk::new(coords.x, coords.z, self.chunk_size);
    |                     ^^^^^^^^^^ --------  --------  --------------- unexpected argument #3 of type `f32`
    |                                |         |
    |                                |         expected `ChunkData`, found `i32`
    |                                expected `ChunkId`, found `i32`
    |
note: associated function defined here
   --> src\world\chunk.rs:148:12
    |
148 |     pub fn new(id: ChunkId, data: ChunkData) -> Self {
    |            ^^^ -----------  ---------------
help: remove the extra argument
    |
85  -         let chunk = Chunk::new(coords.x, coords.z, self.chunk_size);
85  +         let chunk = Chunk::new(/* ChunkId */, /* ChunkData */);
    |

error[E0277]: the trait bound `Chunk: Clone` is not satisfied
  --> src\world\chunk_manager.rs:89:34
   |
89 |         self.chunks.get(&coords).cloned()
   |                                  ^^^^^^ the trait `Clone` is not implemented for `Chunk`
   |
note: required by a bound in `std::option::Option::<&T>::cloned`
  --> /rustc/6b00bc3880198600130e1cf62b8f8a93494488cc\library\core\src\option.rs:1943:5
help: consider annotating `Chunk` with `#[derive(Clone)]`
  --> src\world\chunk.rs:123:1
   |
123+ #[derive(Clone)]
124| pub struct Chunk {
   |

error[E0308]: mismatched types
   --> src\world\terrain_generator.rs:181:40
    |
181 |         let aaa = p[p[p[xi as usize] + yi as usize] + zi as usize];
    |                                        ^^^^^^^^^^^ expected `u8`, found `usize`

error[E0277]: cannot add `usize` to `u8`
   --> src\world\terrain_generator.rs:181:38
    |
181 |         let aaa = p[p[p[xi as usize] + yi as usize] + zi as usize];
    |                                      ^ no implementation for `u8 + usize`
    |
    = help: the trait `Add<usize>` is not implemented for `u8`
    = help: the following other types implement trait `Add<Rhs>`:
              `&u8` implements `Add<&nalgebra::Complex<u8>>`
              `&u8` implements `Add<&num_bigint::bigint::BigInt>`
              `&u8` implements `Add<&num_bigint::biguint::BigUint>`
              `&u8` implements `Add<nalgebra::Complex<u8>>`
              `&u8` implements `Add<num_bigint::bigint::BigInt>`
              `&u8` implements `Add<num_bigint::biguint::BigUint>`
              `&u8` implements `Add<u8>`
              `&u8` implements `Add`
            and 10 others

error[E0277]: the type `[u8]` cannot be indexed by `u8`
   --> src\world\terrain_generator.rs:181:23
    |
181 |         let aaa = p[p[p[xi as usize] + yi as usize] + zi as usize];
    |                       ^^^^^^^^^^^^^^^^^^^^^^^^^^^^ slice indices are of type `usize` or ranges of `usize`
    |
    = help: the trait `SliceIndex<[u8]>` is not implemented for `u8`
    = help: the following other types implement trait `SliceIndex<T>`:
              `usize` implements `SliceIndex<ByteStr>`
              `usize` implements `SliceIndex<[T]>`
    = note: required for `Vec<u8>` to implement `std::ops::Index<u8>`

error[E0308]: mismatched types
   --> src\world\terrain_generator.rs:182:40
    |
182 |         let aba = p[p[p[xi as usize] + (yi + 1) as usize] + zi as usize];
    |                                        ^^^^^^^^^^^^^^^^^ expected `u8`, found `usize`

error[E0277]: cannot add `usize` to `u8`
   --> src\world\terrain_generator.rs:182:38
    |
182 |         let aba = p[p[p[xi as usize] + (yi + 1) as usize] + zi as usize];
    |                                      ^ no implementation for `u8 + usize`
    |
    = help: the trait `Add<usize>` is not implemented for `u8`
    = help: the following other types implement trait `Add<Rhs>`:
              `&u8` implements `Add<&nalgebra::Complex<u8>>`
              `&u8` implements `Add<&num_bigint::bigint::BigInt>`
              `&u8` implements `Add<&num_bigint::biguint::BigUint>`
              `&u8` implements `Add<nalgebra::Complex<u8>>`
              `&u8` implements `Add<num_bigint::bigint::BigInt>`
              `&u8` implements `Add<num_bigint::biguint::BigUint>`
              `&u8` implements `Add<u8>`
              `&u8` implements `Add`
            and 10 others

error[E0277]: the type `[u8]` cannot be indexed by `u8`
   --> src\world\terrain_generator.rs:182:23
    |
182 |         let aba = p[p[p[xi as usize] + (yi + 1) as usize] + zi as usize];
    |                       ^^^^^^^^^^^^^^^^^^^^^^^^^^^^^^^^^^ slice indices are of type `usize` or ranges of `usize`
    |
    = help: the trait `SliceIndex<[u8]>` is not implemented for `u8`
    = help: the following other types implement trait `SliceIndex<T>`:
              `usize` implements `SliceIndex<ByteStr>`
              `usize` implements `SliceIndex<[T]>`
    = note: required for `Vec<u8>` to implement `std::ops::Index<u8>`

error[E0308]: mismatched types
   --> src\world\terrain_generator.rs:183:40
    |
183 |         let aab = p[p[p[xi as usize] + yi as usize] + (zi + 1) as usize];
    |                                        ^^^^^^^^^^^ expected `u8`, found `usize`

error[E0277]: cannot add `usize` to `u8`
   --> src\world\terrain_generator.rs:183:38
    |
183 |         let aab = p[p[p[xi as usize] + yi as usize] + (zi + 1) as usize];
    |                                      ^ no implementation for `u8 + usize`
    |
    = help: the trait `Add<usize>` is not implemented for `u8`
    = help: the following other types implement trait `Add<Rhs>`:
              `&u8` implements `Add<&nalgebra::Complex<u8>>`
              `&u8` implements `Add<&num_bigint::bigint::BigInt>`
              `&u8` implements `Add<&num_bigint::biguint::BigUint>`
              `&u8` implements `Add<nalgebra::Complex<u8>>`
              `&u8` implements `Add<num_bigint::bigint::BigInt>`
              `&u8` implements `Add<num_bigint::biguint::BigUint>`
              `&u8` implements `Add<u8>`
              `&u8` implements `Add`
            and 10 others

error[E0277]: the type `[u8]` cannot be indexed by `u8`
   --> src\world\terrain_generator.rs:183:23
    |
183 |         let aab = p[p[p[xi as usize] + yi as usize] + (zi + 1) as usize];
    |                       ^^^^^^^^^^^^^^^^^^^^^^^^^^^^ slice indices are of type `usize` or ranges of `usize`
    |
    = help: the trait `SliceIndex<[u8]>` is not implemented for `u8`
    = help: the following other types implement trait `SliceIndex<T>`:
              `usize` implements `SliceIndex<ByteStr>`
              `usize` implements `SliceIndex<[T]>`
    = note: required for `Vec<u8>` to implement `std::ops::Index<u8>`

error[E0308]: mismatched types
   --> src\world\terrain_generator.rs:184:40
    |
184 |         let abb = p[p[p[xi as usize] + (yi + 1) as usize] + (zi + 1) as usize];
    |                                        ^^^^^^^^^^^^^^^^^ expected `u8`, found `usize`

error[E0277]: cannot add `usize` to `u8`
   --> src\world\terrain_generator.rs:184:38
    |
184 |         let abb = p[p[p[xi as usize] + (yi + 1) as usize] + (zi + 1) as usize];
    |                                      ^ no implementation for `u8 + usize`
    |
    = help: the trait `Add<usize>` is not implemented for `u8`
    = help: the following other types implement trait `Add<Rhs>`:
              `&u8` implements `Add<&nalgebra::Complex<u8>>`
              `&u8` implements `Add<&num_bigint::bigint::BigInt>`
              `&u8` implements `Add<&num_bigint::biguint::BigUint>`
              `&u8` implements `Add<nalgebra::Complex<u8>>`
              `&u8` implements `Add<num_bigint::bigint::BigInt>`
              `&u8` implements `Add<num_bigint::biguint::BigUint>`
              `&u8` implements `Add<u8>`
              `&u8` implements `Add`
            and 10 others

error[E0277]: the type `[u8]` cannot be indexed by `u8`
   --> src\world\terrain_generator.rs:184:23
    |
184 |         let abb = p[p[p[xi as usize] + (yi + 1) as usize] + (zi + 1) as usize];
    |                       ^^^^^^^^^^^^^^^^^^^^^^^^^^^^^^^^^^ slice indices are of type `usize` or ranges of `usize`
    |
    = help: the trait `SliceIndex<[u8]>` is not implemented for `u8`
    = help: the following other types implement trait `SliceIndex<T>`:
              `usize` implements `SliceIndex<ByteStr>`
              `usize` implements `SliceIndex<[T]>`
    = note: required for `Vec<u8>` to implement `std::ops::Index<u8>`

error[E0308]: mismatched types
   --> src\world\terrain_generator.rs:185:46
    |
185 |         let baa = p[p[p[(xi + 1) as usize] + yi as usize] + zi as usize];
    |                                              ^^^^^^^^^^^ expected `u8`, found `usize`

error[E0277]: cannot add `usize` to `u8`
   --> src\world\terrain_generator.rs:185:44
    |
185 |         let baa = p[p[p[(xi + 1) as usize] + yi as usize] + zi as usize];
    |                                            ^ no implementation for `u8 + usize`
    |
    = help: the trait `Add<usize>` is not implemented for `u8`
    = help: the following other types implement trait `Add<Rhs>`:
              `&u8` implements `Add<&nalgebra::Complex<u8>>`
              `&u8` implements `Add<&num_bigint::bigint::BigInt>`
              `&u8` implements `Add<&num_bigint::biguint::BigUint>`
              `&u8` implements `Add<nalgebra::Complex<u8>>`
              `&u8` implements `Add<num_bigint::bigint::BigInt>`
              `&u8` implements `Add<num_bigint::biguint::BigUint>`
              `&u8` implements `Add<u8>`
              `&u8` implements `Add`
            and 10 others

error[E0277]: the type `[u8]` cannot be indexed by `u8`
   --> src\world\terrain_generator.rs:185:23
    |
185 |         let baa = p[p[p[(xi + 1) as usize] + yi as usize] + zi as usize];
    |                       ^^^^^^^^^^^^^^^^^^^^^^^^^^^^^^^^^^ slice indices are of type `usize` or ranges of `usize`
    |
    = help: the trait `SliceIndex<[u8]>` is not implemented for `u8`
    = help: the following other types implement trait `SliceIndex<T>`:
              `usize` implements `SliceIndex<ByteStr>`
              `usize` implements `SliceIndex<[T]>`
    = note: required for `Vec<u8>` to implement `std::ops::Index<u8>`

error[E0308]: mismatched types
   --> src\world\terrain_generator.rs:186:47
    |
186 |         let baba = p[p[p[(xi + 1) as usize] + (yi + 1) as usize] + zi as usize];
    |                                               ^^^^^^^^^^^^^^^^^ expected `u8`, found `usize`

error[E0277]: cannot add `usize` to `u8`
   --> src\world\terrain_generator.rs:186:45
    |
186 |         let baba = p[p[p[(xi + 1) as usize] + (yi + 1) as usize] + zi as usize];
    |                                             ^ no implementation for `u8 + usize`
    |
    = help: the trait `Add<usize>` is not implemented for `u8`
    = help: the following other types implement trait `Add<Rhs>`:
              `&u8` implements `Add<&nalgebra::Complex<u8>>`
              `&u8` implements `Add<&num_bigint::bigint::BigInt>`
              `&u8` implements `Add<&num_bigint::biguint::BigUint>`
              `&u8` implements `Add<nalgebra::Complex<u8>>`
              `&u8` implements `Add<num_bigint::bigint::BigInt>`
              `&u8` implements `Add<num_bigint::biguint::BigUint>`
              `&u8` implements `Add<u8>`
              `&u8` implements `Add`
            and 10 others

error[E0277]: the type `[u8]` cannot be indexed by `u8`
   --> src\world\terrain_generator.rs:186:24
    |
186 |         let baba = p[p[p[(xi + 1) as usize] + (yi + 1) as usize] + zi as usize];
    |                        ^^^^^^^^^^^^^^^^^^^^^^^^^^^^^^^^^^^^^^^^ slice indices are of type `usize` or ranges of `usize`
    |
    = help: the trait `SliceIndex<[u8]>` is not implemented for `u8`
    = help: the following other types implement trait `SliceIndex<T>`:
              `usize` implements `SliceIndex<ByteStr>`
              `usize` implements `SliceIndex<[T]>`
    = note: required for `Vec<u8>` to implement `std::ops::Index<u8>`

error[E0308]: mismatched types
   --> src\world\terrain_generator.rs:187:47
    |
187 |         let baab = p[p[p[(xi + 1) as usize] + yi as usize] + (zi + 1) as usize];
    |                                               ^^^^^^^^^^^ expected `u8`, found `usize`

error[E0277]: cannot add `usize` to `u8`
   --> src\world\terrain_generator.rs:187:45
    |
187 |         let baab = p[p[p[(xi + 1) as usize] + yi as usize] + (zi + 1) as usize];
    |                                             ^ no implementation for `u8 + usize`
    |
    = help: the trait `Add<usize>` is not implemented for `u8`
    = help: the following other types implement trait `Add<Rhs>`:
              `&u8` implements `Add<&nalgebra::Complex<u8>>`
              `&u8` implements `Add<&num_bigint::bigint::BigInt>`
              `&u8` implements `Add<&num_bigint::biguint::BigUint>`
              `&u8` implements `Add<nalgebra::Complex<u8>>`
              `&u8` implements `Add<num_bigint::bigint::BigInt>`
              `&u8` implements `Add<num_bigint::biguint::BigUint>`
              `&u8` implements `Add<u8>`
              `&u8` implements `Add`
            and 10 others

error[E0277]: the type `[u8]` cannot be indexed by `u8`
   --> src\world\terrain_generator.rs:187:24
    |
187 |         let baab = p[p[p[(xi + 1) as usize] + yi as usize] + (zi + 1) as usize];
    |                        ^^^^^^^^^^^^^^^^^^^^^^^^^^^^^^^^^^ slice indices are of type `usize` or ranges of `usize`
    |
    = help: the trait `SliceIndex<[u8]>` is not implemented for `u8`
    = help: the following other types implement trait `SliceIndex<T>`:
              `usize` implements `SliceIndex<ByteStr>`
              `usize` implements `SliceIndex<[T]>`
    = note: required for `Vec<u8>` to implement `std::ops::Index<u8>`

error[E0308]: mismatched types
   --> src\world\terrain_generator.rs:188:47
    |
188 |         let babb = p[p[p[(xi + 1) as usize] + (yi + 1) as usize] + (zi + 1) as usize];
    |                                               ^^^^^^^^^^^^^^^^^ expected `u8`, found `usize`

error[E0277]: cannot add `usize` to `u8`
   --> src\world\terrain_generator.rs:188:45
    |
188 |         let babb = p[p[p[(xi + 1) as usize] + (yi + 1) as usize] + (zi + 1) as usize];
    |                                             ^ no implementation for `u8 + usize`
    |
    = help: the trait `Add<usize>` is not implemented for `u8`
    = help: the following other types implement trait `Add<Rhs>`:
              `&u8` implements `Add<&nalgebra::Complex<u8>>`
              `&u8` implements `Add<&num_bigint::bigint::BigInt>`
              `&u8` implements `Add<&num_bigint::biguint::BigUint>`
              `&u8` implements `Add<nalgebra::Complex<u8>>`
              `&u8` implements `Add<num_bigint::bigint::BigInt>`
              `&u8` implements `Add<num_bigint::biguint::BigUint>`
              `&u8` implements `Add<u8>`
              `&u8` implements `Add`
            and 10 others

error[E0277]: the type `[u8]` cannot be indexed by `u8`
   --> src\world\terrain_generator.rs:188:24
    |
188 |         let babb = p[p[p[(xi + 1) as usize] + (yi + 1) as usize] + (zi + 1) as usize];
    |                        ^^^^^^^^^^^^^^^^^^^^^^^^^^^^^^^^^^^^^^^^ slice indices are of type `usize` or ranges of `usize`
    |
    = help: the trait `SliceIndex<[u8]>` is not implemented for `u8`
    = help: the following other types implement trait `SliceIndex<T>`:
              `usize` implements `SliceIndex<ByteStr>`
              `usize` implements `SliceIndex<[T]>`
    = note: required for `Vec<u8>` to implement `std::ops::Index<u8>`

error[E0599]: no method named `grad` found for reference `&PerlinNoise` in the current scope
   --> src\world\terrain_generator.rs:190:25
    |
190 |         let g_aa = self.grad(aaa, xf, yf, zf);
    |                    -----^^^^-----------------
    |                    |    |
    |                    |    this is an associated function, not a method
    |                    help: use associated function syntax instead: `PerlinNoise::grad(aaa, xf, yf, zf)`
    |
    = note: found the following associated functions; to be used as methods, functions must have a `self` parameter
note: the candidate is defined in an impl for the type `PerlinNoise`
   --> src\world\terrain_generator.rs:159:5
    |
159 |     fn grad(hash: u8, x: f32, y: f32, z: f32) -> f32 {
    |     ^^^^^^^^^^^^^^^^^^^^^^^^^^^^^^^^^^^^^^^^^^^^^^^^

error[E0599]: no method named `grad` found for reference `&PerlinNoise` in the current scope
   --> src\world\terrain_generator.rs:191:25
    |
191 |         let g_ba = self.grad(baa, xf - 1.0, yf, zf);
    |                    -----^^^^-----------------------
    |                    |    |
    |                    |    this is an associated function, not a method
    |                    help: use associated function syntax instead: `PerlinNoise::grad(baa, xf - 1.0, yf, zf)`
    |
    = note: found the following associated functions; to be used as methods, functions must have a `self` parameter
note: the candidate is defined in an impl for the type `PerlinNoise`
   --> src\world\terrain_generator.rs:159:5
    |
159 |     fn grad(hash: u8, x: f32, y: f32, z: f32) -> f32 {
    |     ^^^^^^^^^^^^^^^^^^^^^^^^^^^^^^^^^^^^^^^^^^^^^^^^

error[E0599]: no method named `grad` found for reference `&PerlinNoise` in the current scope
   --> src\world\terrain_generator.rs:192:25
    |
192 |         let g_ab = self.grad(aba, xf, yf - 1.0, zf);
    |                    -----^^^^-----------------------
    |                    |    |
    |                    |    this is an associated function, not a method
    |                    help: use associated function syntax instead: `PerlinNoise::grad(aba, xf, yf - 1.0, zf)`
    |
    = note: found the following associated functions; to be used as methods, functions must have a `self` parameter
note: the candidate is defined in an impl for the type `PerlinNoise`
   --> src\world\terrain_generator.rs:159:5
    |
159 |     fn grad(hash: u8, x: f32, y: f32, z: f32) -> f32 {
    |     ^^^^^^^^^^^^^^^^^^^^^^^^^^^^^^^^^^^^^^^^^^^^^^^^

error[E0599]: no method named `grad` found for reference `&PerlinNoise` in the current scope
   --> src\world\terrain_generator.rs:193:25
    |
193 |         let g_bb = self.grad(baba, xf - 1.0, yf - 1.0, zf);
    |                    -----^^^^------------------------------
    |                    |    |
    |                    |    this is an associated function, not a method
    |                    help: use associated function syntax instead: `PerlinNoise::grad(baba, xf - 1.0, yf - 1.0, zf)`
    |
    = note: found the following associated functions; to be used as methods, functions must have a `self` parameter
note: the candidate is defined in an impl for the type `PerlinNoise`
   --> src\world\terrain_generator.rs:159:5
    |
159 |     fn grad(hash: u8, x: f32, y: f32, z: f32) -> f32 {
    |     ^^^^^^^^^^^^^^^^^^^^^^^^^^^^^^^^^^^^^^^^^^^^^^^^

error[E0599]: no method named `grad` found for reference `&PerlinNoise` in the current scope
   --> src\world\terrain_generator.rs:194:26
    |
194 |         let g_aab = self.grad(aab, xf, yf, zf - 1.0);
    |                     -----^^^^-----------------------
    |                     |    |
    |                     |    this is an associated function, not a method
    |                     help: use associated function syntax instead: `PerlinNoise::grad(aab, xf, yf, zf - 1.0)`
    |
    = note: found the following associated functions; to be used as methods, functions must have a `self` parameter
note: the candidate is defined in an impl for the type `PerlinNoise`
   --> src\world\terrain_generator.rs:159:5
    |
159 |     fn grad(hash: u8, x: f32, y: f32, z: f32) -> f32 {
    |     ^^^^^^^^^^^^^^^^^^^^^^^^^^^^^^^^^^^^^^^^^^^^^^^^

error[E0599]: no method named `grad` found for reference `&PerlinNoise` in the current scope
   --> src\world\terrain_generator.rs:195:26
    |
195 |         let g_bab = self.grad(baab, xf - 1.0, yf, zf - 1.0);
    |                     -----^^^^------------------------------
    |                     |    |
    |                     |    this is an associated function, not a method
    |                     help: use associated function syntax instead: `PerlinNoise::grad(baab, xf - 1.0, yf, zf - 1.0)`
    |
    = note: found the following associated functions; to be used as methods, functions must have a `self` parameter
note: the candidate is defined in an impl for the type `PerlinNoise`
   --> src\world\terrain_generator.rs:159:5
    |
159 |     fn grad(hash: u8, x: f32, y: f32, z: f32) -> f32 {
    |     ^^^^^^^^^^^^^^^^^^^^^^^^^^^^^^^^^^^^^^^^^^^^^^^^

error[E0599]: no method named `grad` found for reference `&PerlinNoise` in the current scope
   --> src\world\terrain_generator.rs:196:26
    |
196 |         let g_abb = self.grad(abb, xf, yf - 1.0, zf - 1.0);
    |                     -----^^^^-----------------------------
    |                     |    |
    |                     |    this is an associated function, not a method
    |                     help: use associated function syntax instead: `PerlinNoise::grad(abb, xf, yf - 1.0, zf - 1.0)`
    |
    = note: found the following associated functions; to be used as methods, functions must have a `self` parameter
note: the candidate is defined in an impl for the type `PerlinNoise`
   --> src\world\terrain_generator.rs:159:5
    |
159 |     fn grad(hash: u8, x: f32, y: f32, z: f32) -> f32 {
    |     ^^^^^^^^^^^^^^^^^^^^^^^^^^^^^^^^^^^^^^^^^^^^^^^^

error[E0599]: no method named `grad` found for reference `&PerlinNoise` in the current scope
   --> src\world\terrain_generator.rs:197:26
    |
197 |         let g_bbb = self.grad(babb, xf - 1.0, yf - 1.0, zf - 1.0);
    |                     -----^^^^------------------------------------
    |                     |    |
    |                     |    this is an associated function, not a method
    |                     help: use associated function syntax instead: `PerlinNoise::grad(babb, xf - 1.0, yf - 1.0, zf - 1.0)`
    |
    = note: found the following associated functions; to be used as methods, functions must have a `self` parameter
note: the candidate is defined in an impl for the type `PerlinNoise`
   --> src\world\terrain_generator.rs:159:5
    |
159 |     fn grad(hash: u8, x: f32, y: f32, z: f32) -> f32 {
    |     ^^^^^^^^^^^^^^^^^^^^^^^^^^^^^^^^^^^^^^^^^^^^^^^^

error[E0599]: no method named `lerp` found for reference `&PerlinNoise` in the current scope
   --> src\world\terrain_generator.rs:199:23
    |
199 |         let x1 = self.lerp(g_aa, g_ba, u);
    |                  -----^^^^---------------
    |                  |    |
    |                  |    this is an associated function, not a method
    |                  help: use associated function syntax instead: `PerlinNoise::lerp(g_aa, g_ba, u)`
    |
    = note: found the following associated functions; to be used as methods, functions must have a `self` parameter
note: the candidate is defined in an impl for the type `PerlinNoise`
   --> src\world\terrain_generator.rs:153:5
    |
153 |     fn lerp(a: f32, b: f32, t: f32) -> f32 {
    |     ^^^^^^^^^^^^^^^^^^^^^^^^^^^^^^^^^^^^^^
    = help: items from traits can only be used if the trait is implemented and in scope
    = note: the following traits define an item `lerp`, perhaps you need to implement one of them:
            candidate #1: `FloatExt`
            candidate #2: `image::traits::Lerp`

error[E0599]: no method named `lerp` found for reference `&PerlinNoise` in the current scope
   --> src\world\terrain_generator.rs:200:23
    |
200 |         let x2 = self.lerp(g_ab, g_bb, u);
    |                  -----^^^^---------------
    |                  |    |
    |                  |    this is an associated function, not a method
    |                  help: use associated function syntax instead: `PerlinNoise::lerp(g_ab, g_bb, u)`
    |
    = note: found the following associated functions; to be used as methods, functions must have a `self` parameter
note: the candidate is defined in an impl for the type `PerlinNoise`
   --> src\world\terrain_generator.rs:153:5
    |
153 |     fn lerp(a: f32, b: f32, t: f32) -> f32 {
    |     ^^^^^^^^^^^^^^^^^^^^^^^^^^^^^^^^^^^^^^
    = help: items from traits can only be used if the trait is implemented and in scope
    = note: the following traits define an item `lerp`, perhaps you need to implement one of them:
            candidate #1: `FloatExt`
            candidate #2: `image::traits::Lerp`

error[E0599]: no method named `lerp` found for reference `&PerlinNoise` in the current scope
   --> src\world\terrain_generator.rs:201:23
    |
201 |         let y1 = self.lerp(x1, x2, v);
    |                  -----^^^^-----------
    |                  |    |
    |                  |    this is an associated function, not a method
    |                  help: use associated function syntax instead: `PerlinNoise::lerp(x1, x2, v)`
    |
    = note: found the following associated functions; to be used as methods, functions must have a `self` parameter
note: the candidate is defined in an impl for the type `PerlinNoise`
   --> src\world\terrain_generator.rs:153:5
    |
153 |     fn lerp(a: f32, b: f32, t: f32) -> f32 {
    |     ^^^^^^^^^^^^^^^^^^^^^^^^^^^^^^^^^^^^^^
    = help: items from traits can only be used if the trait is implemented and in scope
    = note: the following traits define an item `lerp`, perhaps you need to implement one of them:
            candidate #1: `FloatExt`
            candidate #2: `image::traits::Lerp`

error[E0599]: no method named `lerp` found for reference `&PerlinNoise` in the current scope
   --> src\world\terrain_generator.rs:203:23
    |
203 |         let x1 = self.lerp(g_aab, g_bab, u);
    |                  -----^^^^-----------------
    |                  |    |
    |                  |    this is an associated function, not a method
    |                  help: use associated function syntax instead: `PerlinNoise::lerp(g_aab, g_bab, u)`
    |
    = note: found the following associated functions; to be used as methods, functions must have a `self` parameter
note: the candidate is defined in an impl for the type `PerlinNoise`
   --> src\world\terrain_generator.rs:153:5
    |
153 |     fn lerp(a: f32, b: f32, t: f32) -> f32 {
    |     ^^^^^^^^^^^^^^^^^^^^^^^^^^^^^^^^^^^^^^
    = help: items from traits can only be used if the trait is implemented and in scope
    = note: the following traits define an item `lerp`, perhaps you need to implement one of them:
            candidate #1: `FloatExt`
            candidate #2: `image::traits::Lerp`

error[E0599]: no method named `lerp` found for reference `&PerlinNoise` in the current scope
   --> src\world\terrain_generator.rs:204:23
    |
204 |         let x2 = self.lerp(g_abb, g_bbb, u);
    |                  -----^^^^-----------------
    |                  |    |
    |                  |    this is an associated function, not a method
    |                  help: use associated function syntax instead: `PerlinNoise::lerp(g_abb, g_bbb, u)`
    |
    = note: found the following associated functions; to be used as methods, functions must have a `self` parameter
note: the candidate is defined in an impl for the type `PerlinNoise`
   --> src\world\terrain_generator.rs:153:5
    |
153 |     fn lerp(a: f32, b: f32, t: f32) -> f32 {
    |     ^^^^^^^^^^^^^^^^^^^^^^^^^^^^^^^^^^^^^^
    = help: items from traits can only be used if the trait is implemented and in scope
    = note: the following traits define an item `lerp`, perhaps you need to implement one of them:
            candidate #1: `FloatExt`
            candidate #2: `image::traits::Lerp`

error[E0599]: no method named `lerp` found for reference `&PerlinNoise` in the current scope
   --> src\world\terrain_generator.rs:205:23
    |
205 |         let y2 = self.lerp(x1, x2, v);
    |                  -----^^^^-----------
    |                  |    |
    |                  |    this is an associated function, not a method
    |                  help: use associated function syntax instead: `PerlinNoise::lerp(x1, x2, v)`
    |
    = note: found the following associated functions; to be used as methods, functions must have a `self` parameter
note: the candidate is defined in an impl for the type `PerlinNoise`
   --> src\world\terrain_generator.rs:153:5
    |
153 |     fn lerp(a: f32, b: f32, t: f32) -> f32 {
    |     ^^^^^^^^^^^^^^^^^^^^^^^^^^^^^^^^^^^^^^
    = help: items from traits can only be used if the trait is implemented and in scope
    = note: the following traits define an item `lerp`, perhaps you need to implement one of them:
            candidate #1: `FloatExt`
            candidate #2: `image::traits::Lerp`

error[E0599]: no method named `lerp` found for reference `&PerlinNoise` in the current scope
   --> src\world\terrain_generator.rs:207:14
    |
207 |         self.lerp(y1, y2, w)
    |         -----^^^^-----------
    |         |    |
    |         |    this is an associated function, not a method
    |         help: use associated function syntax instead: `PerlinNoise::lerp(y1, y2, w)`
    |
    = note: found the following associated functions; to be used as methods, functions must have a `self` parameter
note: the candidate is defined in an impl for the type `PerlinNoise`
   --> src\world\terrain_generator.rs:153:5
    |
153 |     fn lerp(a: f32, b: f32, t: f32) -> f32 {
    |     ^^^^^^^^^^^^^^^^^^^^^^^^^^^^^^^^^^^^^^
    = help: items from traits can only be used if the trait is implemented and in scope
    = note: the following traits define an item `lerp`, perhaps you need to implement one of them:
            candidate #1: `FloatExt`
            candidate #2: `image::traits::Lerp`

error[E0308]: mismatched types
   --> src\world\terrain_generator.rs:410:31
    |
410 |                 let idx = z * crate::world::HEIGHTMAP_RESOLUTION as usize + x;
    |                               ^^^^^^^^^^^^^^^^^^^^^^^^^^^^^^^^^^^^^^^^^^^ expected `u32`, found `usize`

error[E0277]: cannot multiply `u32` by `usize`
   --> src\world\terrain_generator.rs:410:29
    |
410 |                 let idx = z * crate::world::HEIGHTMAP_RESOLUTION as usize + x;
    |                             ^ no implementation for `u32 * usize`
    |
    = help: the trait `Mul<usize>` is not implemented for `u32`
    = help: the following other types implement trait `Mul<Rhs>`:
              `&u32` implements `Mul<&nalgebra::Complex<u32>>`
              `&u32` implements `Mul<&num_bigint::bigint::BigInt>`
              `&u32` implements `Mul<&num_bigint::biguint::BigUint>`
              `&u32` implements `Mul<nalgebra::Complex<u32>>`
              `&u32` implements `Mul<num_bigint::bigint::BigInt>`
              `&u32` implements `Mul<num_bigint::biguint::BigUint>`
              `&u32` implements `Mul<u32>`
              `&u32` implements `Mul`
            and 18 others

error[E0277]: the type `[f32]` cannot be indexed by `u32`
   --> src\world\terrain_generator.rs:411:30
    |
411 |                 data.heights[idx] = height;
    |                              ^^^ slice indices are of type `usize` or ranges of `usize`
    |
    = help: the trait `SliceIndex<[f32]>` is not implemented for `u32`
    = help: the following other types implement trait `SliceIndex<T>`:
              `usize` implements `SliceIndex<ByteStr>`
              `usize` implements `SliceIndex<[T]>`
    = note: required for `Vec<f32>` to implement `std::ops::Index<u32>`

error[E0308]: mismatched types
   --> src\world\terrain_generator.rs:415:51
    |
415 |                 self.generate_splatmap(&mut data, idx, biome, slope, moisture);
    |                      -----------------            ^^^ expected `usize`, found `u32`
    |                      |
    |                      arguments to this method are incorrect
    |
note: method defined here
   --> src\world\terrain_generator.rs:485:8
    |
485 |     fn generate_splatmap(&self, data: &mut super::chunk::ChunkData, idx: usize, biome: &Biome, slope: f32, moisture: f32) {
    |        ^^^^^^^^^^^^^^^^^                                            ----------
help: you can convert a `u32` to a `usize` and panic if the converted value doesn't fit
    |
415 |                 self.generate_splatmap(&mut data, idx.try_into().unwrap(), biome, slope, moisture);
    |                                                      ++++++++++++++++++++

error[E0277]: the type `[f32]` cannot be indexed by `u32`
   --> src\world\terrain_generator.rs:418:41
    |
418 |                 data.vegetation_density[idx] = if biome.name == "Forest" || biome.name == "Plains" {
    |                                         ^^^ slice indices are of type `usize` or ranges of `usize`
    |
    = help: the trait `SliceIndex<[f32]>` is not implemented for `u32`
    = help: the following other types implement trait `SliceIndex<T>`:
              `usize` implements `SliceIndex<ByteStr>`
              `usize` implements `SliceIndex<[T]>`
    = note: required for `Vec<f32>` to implement `std::ops::Index<u32>`

error[E0308]: mismatched types
   --> src\world\terrain_generator.rs:548:36
    |
548 |                     let idx = (z * crate::world::HEIGHTMAP_RESOLUTION as usize + x) as usize;
    |                                    ^^^^^^^^^^^^^^^^^^^^^^^^^^^^^^^^^^^^^^^^^^^ expected `u32`, found `usize`

error[E0277]: cannot multiply `u32` by `usize`
   --> src\world\terrain_generator.rs:548:34
    |
548 |                     let idx = (z * crate::world::HEIGHTMAP_RESOLUTION as usize + x) as usize;
    |                                  ^ no implementation for `u32 * usize`
    |
    = help: the trait `Mul<usize>` is not implemented for `u32`
    = help: the following other types implement trait `Mul<Rhs>`:
              `&u32` implements `Mul<&nalgebra::Complex<u32>>`
              `&u32` implements `Mul<&num_bigint::bigint::BigInt>`
              `&u32` implements `Mul<&num_bigint::biguint::BigUint>`
              `&u32` implements `Mul<nalgebra::Complex<u32>>`
              `&u32` implements `Mul<num_bigint::bigint::BigInt>`
              `&u32` implements `Mul<num_bigint::biguint::BigUint>`
              `&u32` implements `Mul<u32>`
              `&u32` implements `Mul`
            and 18 others

error[E0609]: no field `z` on type `nalgebra::Matrix<f32, Const<2>, Const<1>, ArrayStorage<f32, 2, 1>>`
   --> src\world\terrain_generator.rs:584:39
    |
584 |                         droplet_speed.z += gradient_z * 0.05;
    |                                       ^ unknown field
    |
    = note: available field is: `data`
help: a field with a similar name exists
    |
584 -                         droplet_speed.z += gradient_z * 0.05;
584 +                         droplet_speed.x += gradient_z * 0.05;
    |

error[E0609]: no field `z` on type `nalgebra::Matrix<f32, Const<2>, Const<1>, ArrayStorage<f32, 2, 1>>`
   --> src\world\terrain_generator.rs:591:52
    |
591 |                         droplet_z += droplet_speed.z;
    |                                                    ^ unknown field
    |
    = note: available field is: `data`
help: a field with a similar name exists
    |
591 -                         droplet_z += droplet_speed.z;
591 +                         droplet_z += droplet_speed.x;
    |

error[E0308]: mismatched types
   --> src\world\terrain_generator.rs:627:35
    |
627 |                     let idx = z * crate::world::HEIGHTMAP_RESOLUTION as usize + x;
    |                                   ^^^^^^^^^^^^^^^^^^^^^^^^^^^^^^^^^^^^^^^^^^^ expected `u32`, found `usize`

error[E0277]: cannot multiply `u32` by `usize`
   --> src\world\terrain_generator.rs:627:33
    |
627 |                     let idx = z * crate::world::HEIGHTMAP_RESOLUTION as usize + x;
    |                                 ^ no implementation for `u32 * usize`
    |
    = help: the trait `Mul<usize>` is not implemented for `u32`
    = help: the following other types implement trait `Mul<Rhs>`:
              `&u32` implements `Mul<&nalgebra::Complex<u32>>`
              `&u32` implements `Mul<&num_bigint::bigint::BigInt>`
              `&u32` implements `Mul<&num_bigint::biguint::BigUint>`
              `&u32` implements `Mul<nalgebra::Complex<u32>>`
              `&u32` implements `Mul<num_bigint::bigint::BigInt>`
              `&u32` implements `Mul<num_bigint::biguint::BigUint>`
              `&u32` implements `Mul<u32>`
              `&u32` implements `Mul`
            and 18 others

error[E0277]: the type `[f32]` cannot be indexed by `u32`
   --> src\world\terrain_generator.rs:628:54
    |
628 |                     let center_height = data.heights[idx];
    |                                                      ^^^ slice indices are of type `usize` or ranges of `usize`
    |
    = help: the trait `SliceIndex<[f32]>` is not implemented for `u32`
    = help: the following other types implement trait `SliceIndex<T>`:
              `usize` implements `SliceIndex<ByteStr>`
              `usize` implements `SliceIndex<[T]>`
    = note: required for `Vec<f32>` to implement `std::ops::Index<u32>`

error[E0308]: mismatched types
   --> src\world\terrain_generator.rs:632:65
    |
632 |                         (x.wrapping_sub(1), z, idx.wrapping_sub(crate::world::HEIGHTMAP_RESOLUTION as usize)),
    |                                                    ------------ ^^^^^^^^^^^^^^^^^^^^^^^^^^^^^^^^^^^^^^^^^^^ expected `u32`, found `usize`
    |                                                    |
    |                                                    arguments to this method are incorrect
    |
note: method defined here
   --> /rustc/6b00bc3880198600130e1cf62b8f8a93494488cc\library\core\src\num\mod.rs:1108:5
    = note: this error originates in the macro `uint_impl` (in Nightly builds, run with -Z macro-backtrace for more info)
help: you can convert a `usize` to a `u32` and panic if the converted value doesn't fit
    |
632 |                         (x.wrapping_sub(1), z, idx.wrapping_sub((crate::world::HEIGHTMAP_RESOLUTION as usize).try_into().unwrap())),
    |                                                                 +                                           +++++++++++++++++++++

error[E0308]: mismatched types
   --> src\world\terrain_generator.rs:633:42
    |
633 |                         (x + 1, z, idx + crate::world::HEIGHTMAP_RESOLUTION as usize),
    |                                          ^^^^^^^^^^^^^^^^^^^^^^^^^^^^^^^^^^^^^^^^^^^ expected `u32`, found `usize`

error[E0277]: cannot add `usize` to `u32`
   --> src\world\terrain_generator.rs:633:40
    |
633 |                         (x + 1, z, idx + crate::world::HEIGHTMAP_RESOLUTION as usize),
    |                                        ^ no implementation for `u32 + usize`
    |
    = help: the trait `Add<usize>` is not implemented for `u32`
    = help: the following other types implement trait `Add<Rhs>`:
              `&u32` implements `Add<&nalgebra::Complex<u32>>`
              `&u32` implements `Add<&num_bigint::bigint::BigInt>`
              `&u32` implements `Add<&num_bigint::biguint::BigUint>`
              `&u32` implements `Add<nalgebra::Complex<u32>>`
              `&u32` implements `Add<num_bigint::bigint::BigInt>`
              `&u32` implements `Add<num_bigint::biguint::BigUint>`
              `&u32` implements `Add<u32>`
              `&u32` implements `Add`
            and 13 others

error[E0308]: mismatched types
   --> src\world\terrain_generator.rs:639:47
    |
639 |                         if *nx == 0 || *nx >= crate::world::HEIGHTMAP_RESOLUTION as usize - 1
    |                                        ---    ^^^^^^^^^^^^^^^^^^^^^^^^^^^^^^^^^^^^^^^^^^^^^^^ expected `u32`, found `usize`
    |                                        |
    |                                        expected because this is `u32`
    |
help: you can convert a `usize` to a `u32` and panic if the converted value doesn't fit
    |
639 |                         if *nx == 0 || *nx >= (crate::world::HEIGHTMAP_RESOLUTION as usize - 1).try_into().unwrap()
    |                                               +                                               +++++++++++++++++++++

error[E0308]: mismatched types
   --> src\world\terrain_generator.rs:640:51
    |
640 | ...                   || *nz == 0 || *nz >= crate::world::HEIGHTMAP_RESOLUTION as usize - 1 {
    |                                      ---    ^^^^^^^^^^^^^^^^^^^^^^^^^^^^^^^^^^^^^^^^^^^^^^^ expected `u32`, found `usize`
    |                                      |
    |                                      expected because this is `u32`
    |
help: you can convert a `usize` to a `u32` and panic if the converted value doesn't fit
    |
640 |                             || *nz == 0 || *nz >= (crate::world::HEIGHTMAP_RESOLUTION as usize - 1).try_into().unwrap() {
    |                                                   +                                               +++++++++++++++++++++

error[E0277]: the type `[f32]` cannot be indexed by `u32`
   --> src\world\terrain_generator.rs:644:60
    |
644 |                         let neighbor_height = data.heights[*nidx];
    |                                                            ^^^^^ slice indices are of type `usize` or ranges of `usize`
    |
    = help: the trait `SliceIndex<[f32]>` is not implemented for `u32`
    = help: the following other types implement trait `SliceIndex<T>`:
              `usize` implements `SliceIndex<ByteStr>`
              `usize` implements `SliceIndex<[T]>`
    = note: required for `Vec<f32>` to implement `std::ops::Index<u32>`

error[E0277]: the type `[f32]` cannot be indexed by `u32`
   --> src\world\terrain_generator.rs:654:46
    |
654 | ...                   data.heights[idx] -= transfer_amount;
    |                                    ^^^ slice indices are of type `usize` or ranges of `usize`
    |
    = help: the trait `SliceIndex<[f32]>` is not implemented for `u32`
    = help: the following other types implement trait `SliceIndex<T>`:
              `usize` implements `SliceIndex<ByteStr>`
              `usize` implements `SliceIndex<[T]>`
    = note: required for `Vec<f32>` to implement `std::ops::Index<u32>`

error[E0277]: the type `[f32]` cannot be indexed by `u32`
   --> src\world\terrain_generator.rs:655:46
    |
655 | ...                   data.heights[*nidx] += transfer_amount;
    |                                    ^^^^^ slice indices are of type `usize` or ranges of `usize`
    |
    = help: the trait `SliceIndex<[f32]>` is not implemented for `u32`
    = help: the following other types implement trait `SliceIndex<T>`:
              `usize` implements `SliceIndex<ByteStr>`
              `usize` implements `SliceIndex<[T]>`
    = note: required for `Vec<f32>` to implement `std::ops::Index<u32>`

error[E0277]: the type `[f32]` cannot be indexed by `u32`
   --> src\world\terrain_generator.rs:658:46
    |
658 | ...                   data.heights[idx] += transfer_amount;
    |                                    ^^^ slice indices are of type `usize` or ranges of `usize`
    |
    = help: the trait `SliceIndex<[f32]>` is not implemented for `u32`
    = help: the following other types implement trait `SliceIndex<T>`:
              `usize` implements `SliceIndex<ByteStr>`
              `usize` implements `SliceIndex<[T]>`
    = note: required for `Vec<f32>` to implement `std::ops::Index<u32>`

error[E0277]: the type `[f32]` cannot be indexed by `u32`
   --> src\world\terrain_generator.rs:659:46
    |
659 | ...                   data.heights[*nidx] -= transfer_amount;
    |                                    ^^^^^ slice indices are of type `usize` or ranges of `usize`
    |
    = help: the trait `SliceIndex<[f32]>` is not implemented for `u32`
    = help: the following other types implement trait `SliceIndex<T>`:
              `usize` implements `SliceIndex<ByteStr>`
              `usize` implements `SliceIndex<[T]>`
    = note: required for `Vec<f32>` to implement `std::ops::Index<u32>`

error[E0599]: no method named `surface_type` found for reference `&RoadSegment` in the current scope
   --> src\world\terrain_generator.rs:697:29
    |
697 |                 return road.surface_type();
    |                             ^^^^^^^^^^^^ method not found in `&RoadSegment`
    |
    = help: items from traits can only be used if the trait is implemented and in scope
    = note: the following trait defines an item `surface_type`, perhaps you need to implement it:
            candidate #1: `SurfaceTypeTrait`
help: one of the expressions' fields has a method of the same name
    |
697 |                 return road.road_type.surface_type();
    |                             ++++++++++

error[E0599]: no method named `distance` found for struct `nalgebra::Matrix<f32, Const<3>, Const<1>, ArrayStorage<f32, 3, 1>>` in the current scope
   --> src\world\spatial_index.rs:373:49
    |
373 |             .map(|(&id, info)| (id, info.center.distance(&point)))
    |                                                 ^^^^^^^^
    |
help: there is a method `metric_distance` with a similar name
    |
373 |             .map(|(&id, info)| (id, info.center.metric_distance(&point)))
    |                                                 +++++++

error[E0277]: `Chunk` doesn't implement `std::fmt::Debug`
  --> src\world\world_streaming.rs:45:15
   |
42 | #[derive(Debug)]
   |          ----- in this derive macro expansion
...
45 |     LoadChunk(Chunk),
   |               ^^^^^ `Chunk` cannot be formatted using `{:?}`
   |
   = help: the trait `std::fmt::Debug` is not implemented for `Chunk`
   = note: add `#[derive(Debug)]` to `Chunk` or manually `impl std::fmt::Debug for Chunk`
help: consider annotating `Chunk` with `#[derive(Debug)]`
  --> src\world\chunk.rs:123:1
   |
123+ #[derive(Debug)]
124| pub struct Chunk {
   |

error[E0277]: `Chunk` doesn't implement `std::fmt::Debug`
  --> src\world\world_streaming.rs:55:5
   |
53 | #[derive(Debug)]
   |          ----- in this derive macro expansion
54 | pub struct LoadedChunk {
55 |     pub chunk: Chunk,
   |     ^^^^^^^^^^^^^^^^ `Chunk` cannot be formatted using `{:?}`
   |
   = help: the trait `std::fmt::Debug` is not implemented for `Chunk`
   = note: add `#[derive(Debug)]` to `Chunk` or manually `impl std::fmt::Debug for Chunk`
help: consider annotating `Chunk` with `#[derive(Debug)]`
  --> src\world\chunk.rs:123:1
   |
123+ #[derive(Debug)]
124| pub struct Chunk {
   |

error[E0308]: arguments to this function are incorrect
   --> src\world\day_night_cycle.rs:399:9
    |
399 |         Matrix4::look_at_rh(&position, &Vector3::new(0.0, 0.0, 0.0), &Vector3::new(0.0, 1.0, 0.0))
    |         ^^^^^^^^^^^^^^^^^^^
    |
note: expected `&OPoint<f32, Const<3>>`, found `&Matrix<f32, Const<3>, Const<1>, ...>`
   --> src\world\day_night_cycle.rs:399:29
    |
399 |         Matrix4::look_at_rh(&position, &Vector3::new(0.0, 0.0, 0.0), &Vector3::new(0.0, 1.0, 0.0))
    |                             ^^^^^^^^^
    = note: expected reference `&OPoint<f32, Const<3>>`
               found reference `&nalgebra::Matrix<f32, Const<3>, Const<1>, ArrayStorage<f32, 3, 1>>`
note: expected `&OPoint<f32, Const<3>>`, found `&Matrix<{float}, Const<3>, ..., ...>`
   --> src\world\day_night_cycle.rs:399:40
    |
399 |         Matrix4::look_at_rh(&position, &Vector3::new(0.0, 0.0, 0.0), &Vector3::new(0.0, 1.0, 0.0))
    |                                        ^^^^^^^^^^^^^^^^^^^^^^^^^^^^
    = note: expected reference `&OPoint<f32, Const<3>>`
               found reference `&nalgebra::Matrix<{float}, Const<3>, Const<1>, ArrayStorage<{float}, 3, 1>>`
note: associated function defined here
   --> C:\Users\mrkri\.cargo\registry\src\index.crates.io-1949cf8c6b5b557f\nalgebra-0.32.6\src\base\cg.rs:198:12
    |
198 |     pub fn look_at_rh(eye: &Point3<T>, target: &Point3<T>, up: &Vector3<T>) -> Self {
    |            ^^^^^^^^^^

error[E0599]: no method named `next_u64` found for struct `ChaCha8Rng` in the current scope
   --> src\world\settlement.rs:129:67
    |
129 |         let name = crate::world::russian_names::generate_name(rng.next_u64());
    |                                                                   ^^^^^^^^
    |
   ::: C:\Users\mrkri\.cargo\registry\src\index.crates.io-1949cf8c6b5b557f\rand_core-0.6.4\src\lib.rs:155:8
    |
155 |     fn next_u64(&mut self) -> u64;
    |        -------- the method is available for `ChaCha8Rng` here
    |
    = help: items from traits can only be used if the trait is in scope
help: trait `RngCore` which provides `next_u64` is implemented but not in scope; perhaps you want to import it
    |
4   + use rand::RngCore;
    |
help: there is a method `next_u32` with a similar name
    |
129 -         let name = crate::world::russian_names::generate_name(rng.next_u64());
129 +         let name = crate::world::russian_names::generate_name(rng.next_u32());
    |

error[E0308]: mismatched types
   --> src\world\settlement.rs:267:13
    |
267 |             scale,
    |             ^^^^^ expected `f32`, found `Matrix<f32, Const<3>, Const<1>, ...>`
    |
    = note: expected type `f32`
             found struct `nalgebra::Matrix<f32, Const<3>, Const<1>, ArrayStorage<f32, 3, 1>>`

error[E0599]: no method named `choose` found for array `[BuildingType; 2]` in the current scope
   --> src\world\settlement.rs:306:70
    |
306 |                 *[BuildingType::ZaborDerevo, BuildingType::Kolodets].choose(rng).unwrap()
    |                                                                      ^^^^^^
    |
   ::: C:\Users\mrkri\.cargo\registry\src\index.crates.io-1949cf8c6b5b557f\rand-0.8.5\src\seq\mod.rs:79:8
    |
79  |     fn choose<R>(&self, rng: &mut R) -> Option<&Self::Item>
    |        ------ the method is available for `[BuildingType; 2]` here
    |
    = help: items from traits can only be used if the trait is in scope
help: trait `SliceRandom` which provides `choose` is implemented but not in scope; perhaps you want to import it
    |
4   + use rand::prelude::SliceRandom;
    |
help: there is a method `choose_mut` with a similar name
    |
306 |                 *[BuildingType::ZaborDerevo, BuildingType::Kolodets].choose_mut(rng).unwrap()
    |                                                                            ++++

error[E0599]: no method named `choose` found for struct `Vec<&Settlement>` in the current scope
   --> src\world\road_network.rs:414:53
    |
414 |                 if let Some(candidate) = candidates.choose(rng) {
    |                                                     ^^^^^^
    |
    = help: items from traits can only be used if the trait is in scope
help: trait `SliceRandom` which provides `choose` is implemented but not in scope; perhaps you want to import it
    |
9   + use rand::prelude::SliceRandom;
    |
help: there is a method `choose_mut` with a similar name
    |
414 |                 if let Some(candidate) = candidates.choose_mut(rng) {
    |                                                           ++++

error[E0277]: the trait bound `DateTime<Utc>: serde::Serialize` is not satisfied
    --> src\game\mission_save.rs:182:24
     |
182  | #[derive(Debug, Clone, Serialize, Deserialize)]
     |                        ^^^^^^^^^ the trait `Serialize` is not implemented for `DateTime<Utc>`
...
186  |     pub timestamp: DateTime<Utc>,
     |     --- required by a bound introduced by this call
     |
     = note: for local types consider adding `#[derive(serde::Serialize)]` to your `DateTime<Utc>` type
     = note: for types from other crates check whether the crate offers a `serde` feature flag
     = help: the following other types implement trait `Serialize`:
               &'a T
               &'a mut T
               ()
               (T,)
               (T0, T1)
               (T0, T1, T2)
               (T0, T1, T2, T3)
               (T0, T1, T2, T3, T4)
             and 258 others
note: required by a bound in `config::_::_serde::ser::SerializeStruct::serialize_field`
    --> C:\Users\mrkri\.cargo\registry\src\index.crates.io-1949cf8c6b5b557f\serde_core-1.0.228\src\ser\mod.rs:1917:21
     |
1915 |     fn serialize_field<T>(&mut self, key: &'static str, value: &T) -> Result<(), Self::Error>
     |        --------------- required by a bound in this associated function
1916 |     where
1917 |         T: ?Sized + Serialize;
     |                     ^^^^^^^^^ required by this bound in `SerializeStruct::serialize_field`
     = note: this error originates in the derive macro `Serialize` (in Nightly builds, run with -Z macro-backtrace for more info)

error[E0277]: the trait bound `DateTime<Utc>: serde::Deserialize<'de>` is not satisfied
    --> src\game\mission_save.rs:186:20
     |
186  |     pub timestamp: DateTime<Utc>,
     |                    ^^^^^^^^^^^^^ the trait `config::_::_serde::Deserialize<'_>` is not implemented for `DateTime<Utc>`
     |
     = note: for local types consider adding `#[derive(serde::Deserialize)]` to your `DateTime<Utc>` type
     = note: for types from other crates check whether the crate offers a `serde` feature flag
     = help: the following other types implement trait `config::_::_serde::Deserialize<'de>`:
               &'a [u8]
               &'a serde_json::value::RawValue
               &'a std::path::Path
               &'a str
               ()
               (T,)
               (T0, T1)
               (T0, T1, T2)
             and 297 others
note: required by a bound in `next_element`
    --> C:\Users\mrkri\.cargo\registry\src\index.crates.io-1949cf8c6b5b557f\serde_core-1.0.228\src\de\mod.rs:1771:12
     |
1769 |     fn next_element<T>(&mut self) -> Result<Option<T>, Self::Error>
     |        ------------ required by a bound in this associated function
1770 |     where
1771 |         T: Deserialize<'de>,
     |            ^^^^^^^^^^^^^^^^ required by this bound in `SeqAccess::next_element`

error[E0277]: the trait bound `DateTime<Utc>: serde::Deserialize<'de>` is not satisfied
    --> src\game\mission_save.rs:186:20
     |
186  |     pub timestamp: DateTime<Utc>,
     |                    ^^^^^^^^^^^^^ the trait `config::_::_serde::Deserialize<'_>` is not implemented for `DateTime<Utc>`
     |
     = note: for local types consider adding `#[derive(serde::Deserialize)]` to your `DateTime<Utc>` type
     = note: for types from other crates check whether the crate offers a `serde` feature flag
     = help: the following other types implement trait `config::_::_serde::Deserialize<'de>`:
               &'a [u8]
               &'a serde_json::value::RawValue
               &'a std::path::Path
               &'a str
               ()
               (T,)
               (T0, T1)
               (T0, T1, T2)
             and 297 others
note: required by a bound in `next_value`
    --> C:\Users\mrkri\.cargo\registry\src\index.crates.io-1949cf8c6b5b557f\serde_core-1.0.228\src\de\mod.rs:1916:12
     |
1914 |     fn next_value<V>(&mut self) -> Result<V, Self::Error>
     |        ---------- required by a bound in this associated function
1915 |     where
1916 |         V: Deserialize<'de>,
     |            ^^^^^^^^^^^^^^^^ required by this bound in `MapAccess::next_value`

error[E0277]: the trait bound `DateTime<Utc>: serde::Deserialize<'de>` is not satisfied
   --> src\game\mission_save.rs:182:35
    |
182 | #[derive(Debug, Clone, Serialize, Deserialize)]
    |                                   ^^^^^^^^^^^ the trait `config::_::_serde::Deserialize<'_>` is not implemented for `DateTime<Utc>`
    |
    = note: for local types consider adding `#[derive(serde::Deserialize)]` to your `DateTime<Utc>` type
    = note: for types from other crates check whether the crate offers a `serde` feature flag
    = help: the following other types implement trait `config::_::_serde::Deserialize<'de>`:
              &'a [u8]
              &'a serde_json::value::RawValue
              &'a std::path::Path
              &'a str
              ()
              (T,)
              (T0, T1)
              (T0, T1, T2)
            and 297 others
note: required by a bound in `config::_::_serde::__private228::de::missing_field`
   --> C:\Users\mrkri\.cargo\registry\src\index.crates.io-1949cf8c6b5b557f\serde-1.0.228\src\private\de.rs:26:8
    |
24  | pub fn missing_field<'de, V, E>(field: &'static str) -> Result<V, E>
    |        ------------- required by a bound in this function
25  | where
26  |     V: Deserialize<'de>,
    |        ^^^^^^^^^^^^^^^^ required by this bound in `missing_field`
    = note: this error originates in the derive macro `Deserialize` (in Nightly builds, run with -Z macro-backtrace for more info)

error[E0063]: missing fields `vehicle_fuel`, `vehicle_health`, `vehicle_position` and 2 other fields in initializer of `WorldState`
   --> src\game\mission_save.rs:299:26
    |
299 |             world_state: WorldState {
    |                          ^^^^^^^^^^ missing `vehicle_fuel`, `vehicle_health`, `vehicle_position` and 2 other fields

error[E0308]: mismatched types
  --> src\game\winch.rs:34:13
   |
34 |             origin,
   |             ^^^^^^ expected `OPoint<f32, Const<3>>`, found `Matrix<f32, Const<3>, Const<1>, ...>`
   |
   = note: expected struct `OPoint<f32, Const<3>>`
              found struct `nalgebra::Matrix<f32, Const<3>, Const<1>, ArrayStorage<f32, 3, 1>>`
help: call `Into::into` on this expression to convert `nalgebra::Matrix<f32, Const<3>, Const<1>, ArrayStorage<f32, 3, 1>>` into `OPoint<f32, Const<3>>`
   |
34 |             origin: origin.into(),
   |             +++++++       +++++++

error[E0308]: mismatched types
  --> src\game\winch.rs:41:42
   |
41 |                 self.target_point = Some(hit.point);
   |                                     ---- ^^^^^^^^^ expected `Matrix<f32, Const<3>, Const<1>, ...>`, found `OPoint<f32, Const<3>>`
   |                                     |
   |                                     arguments to this enum variant are incorrect
   |
   = note: expected struct `nalgebra::Matrix<f32, Const<3>, Const<1>, ArrayStorage<f32, 3, 1>>`
              found struct `OPoint<f32, Const<3>>`
help: the type constructed contains `OPoint<f32, Const<3>>` due to the type of the argument passed
  --> src\game\winch.rs:41:37
   |
41 |                 self.target_point = Some(hit.point);
   |                                     ^^^^^---------^
   |                                          |
   |                                          this argument influences the type of `Some`
note: tuple variant defined here
  --> /rustc/6b00bc3880198600130e1cf62b8f8a93494488cc\library\core\src\option.rs:597:5

error[E0308]: mismatched types
   --> src\game\mission_generator.rs:127:26
    |
127 |         final_reward.max(0) as i32
    |                      --- ^ expected `f32`, found integer
    |                      |
    |                      arguments to this method are incorrect
    |
note: method defined here
   --> /rustc/6b00bc3880198600130e1cf62b8f8a93494488cc\library\core\src\num\f32.rs:897:18
help: use a float literal
    |
127 |         final_reward.max(0.0) as i32
    |                           ++

warning: unused variable: `path`
   --> src\assets\loader.rs:374:24
    |
374 |     fn load_wav(&self, path: &Path) -> Result<AssetData, AssetLoadError> {
    |                        ^^^^ help: if this is intentional, prefix it with an underscore: `_path`
    |
    = note: `#[warn(unused_variables)]` on by default

warning: unused variable: `asset_type`
   --> src\assets\asset_loader.rs:464:31
    |
464 |     fn find_asset_file(&self, asset_type: &str, name: &str) -> Option<PathBuf> {
    |                               ^^^^^^^^^^ help: if this is intentional, prefix it with an underscore: `_asset_type`

warning: unused variable: `frequency`
   --> src\audio\audio_module.rs:135:42
    |
135 |     pub fn absorption_coefficient(&self, frequency: f32) -> f32 {
    |                                          ^^^^^^^^^ help: if this is intentional, prefix it with an underscore: `_frequency`

warning: unused variable: `elevation`
   --> src\audio\audio_module.rs:373:61
    |
373 |     pub fn apply_hrtf(&self, samples: &[f32], azimuth: f32, elevation: f32) -> (Vec<f32>, Vec<f32>) {
    |                                                             ^^^^^^^^^ help: if this is intentional, prefix it with an underscore: `_elevation`

error[E0596]: cannot borrow `*self` as mutable, as it is behind a `&` reference
   --> src\ecs\ecs_module.rs:267:21
    |
267 |                     self.update_entity_archetype(entity, component_type);
    |                     ^^^^ `self` is a `&` reference, so the data it refers to cannot be borrowed as mutable
    |
help: consider changing this to be a mutable reference
    |
259 |     pub fn process_commands(&mut self) {
    |                              +++

error[E0596]: cannot borrow `*self` as mutable, as it is behind a `&` reference
   --> src\ecs\ecs_module.rs:270:21
    |
270 |                     self.update_entity_archetype(entity, component_type);
    |                     ^^^^ `self` is a `&` reference, so the data it refers to cannot be borrowed as mutable
    |
help: consider changing this to be a mutable reference
    |
259 |     pub fn process_commands(&mut self) {
    |                              +++

error[E0596]: cannot borrow `*self` as mutable, as it is behind a `&` reference
   --> src\ecs\ecs_module.rs:273:21
    |
273 |                     self.destroy_entity_internal(entity);
    |                     ^^^^ `self` is a `&` reference, so the data it refers to cannot be borrowed as mutable
    |
help: consider changing this to be a mutable reference
    |
259 |     pub fn process_commands(&mut self) {
    |                              +++

error[E0502]: cannot borrow `*self` as mutable because it is also borrowed as immutable
   --> src\ecs\ecs_module.rs:337:13
    |
324 |         let mut storages = self.component_storages.write();
    |                            ----------------------- immutable borrow occurs here
...
337 |             self.update_archetype_for_entity(entity_index, &mut entities);
    |             ^^^^^^^^^^^^^^^^^^^^^^^^^^^^^^^^^^^^^^^^^^^^^^^^^^^^^^^^^^^^^ mutable borrow occurs here
338 |         }
339 |     }
    |     - immutable borrow might be used here, when `storages` is dropped and runs the `Drop` code for type `parking_lot::lock_api::RwLockWriteGuard`

error[E0515]: cannot return value referencing local variable `storages`
   --> src\ecs\ecs_module.rs:359:9
    |
356 |         let storage = storages.get(&type_id)?;
    |                       -------- `storages` is borrowed here
...
359 |         concrete_storage.get(entity.index())
    |         ^^^^^^^^^^^^^^^^^^^^^^^^^^^^^^^^^^^^ returns a value referencing data owned by the current function

error[E0515]: cannot return value referencing local variable `storages`
   --> src\ecs\ecs_module.rs:381:9
    |
378 |         let storage = storages.get_mut(&type_id)?;
    |                       -------- `storages` is borrowed here
...
381 |         concrete_storage.get_mut(entity.index())
    |         ^^^^^^^^^^^^^^^^^^^^^^^^^^^^^^^^^^^^^^^^ returns a value referencing data owned by the current function

error[E0502]: cannot borrow `*self` as mutable because it is also borrowed as immutable
   --> src\ecs\ecs_module.rs:403:13
    |
394 |         let mut storages = self.component_storages.write();
    |                            ----------------------- immutable borrow occurs here
...
403 |             self.update_archetype_for_entity(entity_index, &mut entities);
    |             ^^^^^^^^^^^^^^^^^^^^^^^^^^^^^^^^^^^^^^^^^^^^^^^^^^^^^^^^^^^^^ mutable borrow occurs here
404 |         }
405 |     }
    |     - immutable borrow might be used here, when `storages` is dropped and runs the `Drop` code for type `parking_lot::lock_api::RwLockWriteGuard`

error[E0382]: use of partially moved value: `archetype`
   --> src\ecs\ecs_module.rs:483:54
    |
481 |             let archetype_id = archetype.id;
    |                                ------------ value partially moved here
482 |             
483 |             archetypes.entry(archetype_id).or_insert(archetype);
    |                                                      ^^^^^^^^^ value used here after partial move
    |
    = note: partial move occurs because `archetype.id` has type `ArchetypeId`, which does not implement the `Copy` trait

error[E0382]: use of moved value: `archetype_id`
   --> src\ecs\ecs_module.rs:484:13
    |
481 |             let archetype_id = archetype.id;
    |                 ------------ move occurs because `archetype_id` has type `ArchetypeId`, which does not implement the `Copy` trait
482 |             
483 |             archetypes.entry(archetype_id).or_insert(archetype);
    |                              ------------ value moved here
484 |             archetype_id
    |             ^^^^^^^^^^^^ value used here after move
    |
help: consider cloning the value if the performance cost is acceptable
    |
483 |             archetypes.entry(archetype_id.clone()).or_insert(archetype);
    |                                          ++++++++

error[E0502]: cannot borrow `*self` as mutable because it is also borrowed as immutable
   --> src\ecs\ecs_module.rs:496:13
    |
494 |         let mut entities = self.entities.write();
    |                            ------------- immutable borrow occurs here
495 |         if entity_index < entities.len() {
496 |             self.update_archetype_for_entity(entity_index, &mut entities);
    |             ^^^^^^^^^^^^^^^^^^^^^^^^^^^^^^^^^^^^^^^^^^^^^^^^^^^^^^^^^^^^^ mutable borrow occurs here
497 |         }
498 |     }
    |     - immutable borrow might be used here, when `entities` is dropped and runs the `Drop` code for type `parking_lot::lock_api::RwLockWriteGuard`

error[E0515]: cannot return value referencing local variable `storages`
   --> src\ecs\ecs_module.rs:639:32
    |
628 |         let storage = storages.get(&self.component_type)?;
    |                       -------- `storages` is borrowed here
...
639 |                         return Some((record.entity, component));
    |                                ^^^^^^^^^^^^^^^^^^^^^^^^^^^^^^^^ returns a value referencing data owned by the current function

warning: unused variable: `index`
   --> src\ecs\world.rs:268:39
    |
268 |     fn deallocate_by_index(&mut self, index: usize) {
    |                                       ^^^^^ help: if this is intentional, prefix it with an underscore: `_index`

error[E0310]: the parameter type `S` may not live long enough
  --> src\ecs\system.rs:57:36
   |
57 |         self.systems.insert(index, Box::new(system));
   |                                    ^^^^^^^^^^^^^^^^
   |                                    |
   |                                    the parameter type `S` must be valid for the static lifetime...
   |                                    ...so that the type `S` will meet its required lifetime bounds
   |
help: consider adding an explicit lifetime bound
   |
45 |     pub fn add_system<S: System + 'static>(&mut self, system: S) {
   |                                 +++++++++

warning: unused variable: `execution_time`
   --> src\ecs\job_system.rs:239:21
    |
239 |                 let execution_time = start.elapsed();
    |                     ^^^^^^^^^^^^^^ help: if this is intentional, prefix it with an underscore: `_execution_time`

warning: unused variable: `worker_id`
   --> src\ecs\job_system.rs:224:27
    |
224 |     fn worker_loop(&self, worker_id: usize) {
    |                           ^^^^^^^^^ help: if this is intentional, prefix it with an underscore: `_worker_id`

error[E0382]: use of moved value: `job_result`
   --> src\ecs\job_system.rs:273:25
    |
242 |                 let job_result = match result {
    |                     ---------- move occurs because `job_result` has type `JobResult`, which does not implement the `Copy` trait
...
267 |                 let _ = self.result_sender.send(job_result);
    |                                                 ---------- value moved here
...
273 |                     if !job_result.success {
    |                         ^^^^^^^^^^^^^^^^^^ value used here after move
    |
help: consider cloning the value if the performance cost is acceptable
    |
267 |                 let _ = self.result_sender.send(job_result.clone());
    |                                                           ++++++++

warning: unused variable: `mesh`
   --> src\graphics\renderer_rhi.rs:202:40
    |
202 |     pub fn set_terrain_mesh(&mut self, mesh: Mesh) {
    |                                        ^^^^ help: if this is intentional, prefix it with an underscore: `_mesh`

warning: unused variable: `cmd_list`
   --> src\graphics\renderer_rhi.rs:234:13
    |
234 |         let cmd_list = self.device.create_command_list(crate::graphics::rhi::CommandListType::Direct)?;
    |             ^^^^^^^^ help: if this is intentional, prefix it with an underscore: `_cmd_list`

error[E0502]: cannot borrow `*self` as mutable because it is also borrowed as immutable
   --> src\graphics\renderer_rhi.rs:277:13
    |
276 |         if let Some(ref hud_data) = self.hud_data {
    |                     ------------ immutable borrow occurs here
277 |             self.render_hud(hud_data)?;
    |             ^^^^^----------^^^^^^^^^^
    |             |    |
    |             |    immutable borrow later used by call
    |             mutable borrow occurs here

warning: unused variable: `hud_data`
   --> src\graphics\renderer_rhi.rs:303:30
    |
303 |     fn render_hud(&mut self, hud_data: &crate::ui::hud::VehicleHudData) -> Result<(), Box<dyn std::error::Error>> {
    |                              ^^^^^^^^ help: if this is intentional, prefix it with an underscore: `_hud_data`

warning: unused variable: `pos`
  --> src\graphics\texture_streaming.rs:68:54
   |
68 |                         TextureCommand::UpdateCamera(pos) => {
   |                                                      ^^^ help: if this is intentional, prefix it with an underscore: `_pos`

warning: variable does not need to be mutable
   --> src\graphics\rhi\factory.rs:172:13
    |
172 |         let mut backends = Vec::new();
    |             ----^^^^^^^^
    |             |
    |             help: remove this `mut`
    |
    = note: `#[warn(unused_mut)]` on by default

warning: unused variable: `first_instance`
   --> src\graphics\rhi\gl.rs:390:83
    |
390 |     fn draw(&mut self, vertex_count: u32, instance_count: u32, first_vertex: u32, first_instance: u32) {
    |                                                                                   ^^^^^^^^^^^^^^ help: if this is intentional, prefix it with an underscore: `_first_instance`

warning: unused variable: `enable_validation`
  --> src\graphics\rhi\rhi_module.rs:21:52
   |
21 |     pub fn create_device(backend: GraphicsBackend, enable_validation: bool) -> RhiResult<Box<dyn IDevice>> {
   |                                                    ^^^^^^^^^^^^^^^^^ help: if this is intentional, prefix it with an underscore: `_enable_validation`

warning: unused variable: `intensity`
   --> src\graphics\particles.rs:112:57
    |
112 |     pub fn emit_rain(&mut self, position: Vector3<f32>, intensity: f32, count: usize) {
    |                                                         ^^^^^^^^^ help: if this is intentional, prefix it with an underscore: `_intensity`

error[E0004]: non-exhaustive patterns: `winit::event::MouseButton::Back` and `winit::event::MouseButton::Forward` not covered
   --> src\input\mapping.rs:139:15
    |
139 |         match button {
    |               ^^^^^^ patterns `winit::event::MouseButton::Back` and `winit::event::MouseButton::Forward` not covered
    |
note: `winit::event::MouseButton` defined here
   --> C:\Users\mrkri\.cargo\registry\src\index.crates.io-1949cf8c6b5b557f\winit-0.30.13\src\event.rs:941:1
    |
941 | pub enum MouseButton {
    | ^^^^^^^^^^^^^^^^^^^^
...
945 |     Back,
    |     ---- not covered
946 |     Forward,
    |     ------- not covered
    = note: the matched value is of type `winit::event::MouseButton`
help: ensure that all possible cases are being handled by adding a match arm with a wildcard pattern, a match arm with multiple or-patterns as shown, or multiple match arms
    |
143 ~             winit::event::MouseButton::Other(id) => MouseButton::Other(id),
144 ~             winit::event::MouseButton::Back | winit::event::MouseButton::Forward => todo!(),
    |

error[E0499]: cannot borrow `*self` as mutable more than once at a time
   --> src\physics\physics_module.rs:759:25
    |
752 |             for body in self.rigid_bodies.iter_mut() {
    |                         ----------------------------
    |                         |
    |                         first mutable borrow occurs here
    |                         first borrow later used here
...
759 |                         self.apply_buoyancy(body, water_y);
    |                         ^^^^ second mutable borrow occurs here

error[E0499]: cannot borrow `*bodies` as mutable more than once at a time
   --> src\physics\physics_module.rs:940:13
    |
938 |           if let (Some(ref mut body_a), Some(ref mut body_b)) = (
    |  _______________________________________________________________-
939 | |             bodies.get_mut(contact.body_a).and_then(|b| b.as_mut()),
    | |             ------ first mutable borrow occurs here
940 | |             bodies.get_mut(contact.body_b).and_then(|b| b.as_mut())
    | |             ^^^^^^ second mutable borrow occurs here
941 | |         ) {
    | |_________- first borrow later used here
    |
help: try adding a local storing this...
   --> src\physics\physics_module.rs:940:13
    |
940 |             bodies.get_mut(contact.body_b).and_then(|b| b.as_mut())
    |             ^^^^^^^^^^^^^^^^^^^^^^^^^^^^^^
help: ...and then using that local here
   --> src\physics\physics_module.rs:938:63
    |
938 |           if let (Some(ref mut body_a), Some(ref mut body_b)) = (
    |  _______________________________________________________________^
939 | |             bodies.get_mut(contact.body_a).and_then(|b| b.as_mut()),
940 | |             bodies.get_mut(contact.body_b).and_then(|b| b.as_mut())
941 | |         ) {
    | |_________^

warning: unused variable: `box_in_capsule_space`
    --> src\physics\physics_module.rs:1638:13
     |
1638 |         let box_in_capsule_space = inv_capsule_transform * box_transform;
     |             ^^^^^^^^^^^^^^^^^^^^ help: if this is intentional, prefix it with an underscore: `_box_in_capsule_space`

warning: unused variable: `s`
    --> src\physics\physics_module.rs:1768:17
     |
1768 |             let s = 0.0;
     |                 ^ help: if this is intentional, prefix it with an underscore: `_s`

warning: unused variable: `t`
    --> src\physics\physics_module.rs:1773:17
     |
1773 |             let t = 0.0;
     |                 ^ help: if this is intentional, prefix it with an underscore: `_t`

warning: value assigned to `s` is never read
    --> src\physics\physics_module.rs:1780:21
     |
1780 |             let mut s = 0.0;
     |                     ^
     |
     = help: maybe it is overwritten before being read?
     = note: `#[warn(unused_assignments)]` on by default

warning: value assigned to `t` is never read
    --> src\physics\physics_module.rs:1781:21
     |
1781 |             let mut t = 0.0;
     |                     ^
     |
     = help: maybe it is overwritten before being read?

error[E0499]: cannot borrow `self.rigid_bodies` as mutable more than once at a time
    --> src\physics\physics_module.rs:1867:27
     |
1866 |         let body_a = &mut self.rigid_bodies[contact.body_a];
     |                           ----------------- first mutable borrow occurs here
1867 |         let body_b = &mut self.rigid_bodies[contact.body_b];
     |                           ^^^^^^^^^^^^^^^^^ second mutable borrow occurs here
1868 |         
1869 |         let r_a = contact.contact_point - body_a.position;
     |                                           --------------- first borrow later used here

error[E0499]: cannot borrow `self.rigid_bodies` as mutable more than once at a time
    --> src\physics\physics_module.rs:1909:27
     |
1908 |         let body_a = &mut self.rigid_bodies[contact.body_a];
     |                           ----------------- first mutable borrow occurs here
1909 |         let body_b = &mut self.rigid_bodies[contact.body_b];
     |                           ^^^^^^^^^^^^^^^^^ second mutable borrow occurs here
...
1916 |             ((contact.penetration_depth - slop) / (body_a.inverse_mass + body_b.inverse_mass)) * 
     |                                                    ------------------- first borrow later used here

warning: variable `ray_t` is assigned to, but never used
    --> src\physics\physics_module.rs:2145:17
     |
2145 |         let mut ray_t = 0.0;
     |                 ^^^^^
     |
     = note: consider using `_ray_t` instead

warning: value assigned to `seg_t` is never read
    --> src\physics\physics_module.rs:2146:17
     |
2146 |         let mut seg_t = 0.0;
     |                 ^^^^^
     |
     = help: maybe it is overwritten before being read?

warning: value assigned to `ray_t` is never read
    --> src\physics\physics_module.rs:2150:13
     |
2150 |             ray_t = 0.0;
     |             ^^^^^
     |
     = help: maybe it is overwritten before being read?

warning: value assigned to `ray_t` is never read
    --> src\physics\physics_module.rs:2153:13
     |
2153 |             ray_t = (b * e - c * d) / denom;
     |             ^^^^^
     |
     = help: maybe it is overwritten before being read?

warning: unused variable: `height_map`
    --> src\physics\physics_module.rs:2196:42
     |
2196 |     fn raycast_terrain(&self, ray: &Ray, height_map: &[Vec<f32>], scale: &Vector3<f32>) -> Option<RaycastHit> {
     |                                          ^^^^^^^^^^ help: if this is intentional, prefix it with an underscore: `_height_map`

warning: variable does not need to be mutable
   --> src\physics\async_physics.rs:197:21
    |
197 |     pub fn shutdown(mut self) {
    |                     ----^^^^
    |                     |
    |                     help: remove this `mut`

warning: unused variable: `disk_loading`
   --> src\physics\helicopter.rs:184:13
    |
184 |         let disk_loading = mass / rotor_disk_area;
    |             ^^^^^^^^^^^^ help: if this is intentional, prefix it with an underscore: `_disk_loading`

warning: variable `total_torque` is assigned to, but never used
   --> src\physics\helicopter.rs:274:17
    |
274 |         let mut total_torque = 0.0;
    |                 ^^^^^^^^^^^^
    |
    = note: consider using `_total_torque` instead

warning: unused variable: `main_rotor_torque`
   --> src\physics\helicopter.rs:408:54
    |
408 |     pub fn calculate_thrust(&self, air_density: f32, main_rotor_torque: f32) -> Vector3<f32> {
    |                                                      ^^^^^^^^^^^^^^^^^ help: if this is intentional, prefix it with an underscore: `_main_rotor_torque`

warning: unused variable: `speed`
   --> src\physics\helicopter.rs:759:13
    |
759 |         let speed = speed_squared.sqrt();
    |             ^^^^^ help: if this is intentional, prefix it with an underscore: `_speed`

warning: unused variable: `dt`
   --> src\physics\advanced_vehicle.rs:118:44
    |
118 |     pub fn update_tire_pressure(&mut self, dt: f32) {
    |                                            ^^ help: if this is intentional, prefix it with an underscore: `_dt`

warning: unused variable: `contact_normal`
   --> src\physics\advanced_vehicle.rs:287:9
    |
287 |         contact_normal: Vector3<f32>,
    |         ^^^^^^^^^^^^^^ help: if this is intentional, prefix it with an underscore: `_contact_normal`

warning: unused variable: `dt`
   --> src\physics\advanced_vehicle.rs:289:9
    |
289 |         dt: f32,
    |         ^^ help: if this is intentional, prefix it with an underscore: `_dt`

warning: unused variable: `vehicle_angular_velocity`
   --> src\physics\advanced_vehicle.rs:397:9
    |
397 |         vehicle_angular_velocity: Vector3<f32>,
    |         ^^^^^^^^^^^^^^^^^^^^^^^^ help: if this is intentional, prefix it with an underscore: `_vehicle_angular_velocity`

warning: unused variable: `lateral_force`
   --> src\physics\advanced_vehicle.rs:422:56
    |
422 |     fn update_angular_velocity(&mut self, torque: f32, lateral_force: Vector3<f32>, normal_force: f32, dt: f32) {
    |                                                        ^^^^^^^^^^^^^ help: if this is intentional, prefix it with an underscore: `_lateral_force`

warning: unused variable: `normal_force`
   --> src\physics\advanced_vehicle.rs:528:31
    |
528 |             let (wheel_force, normal_force) = wheel.update(
    |                               ^^^^^^^^^^^^ help: if this is intentional, prefix it with an underscore: `_normal_force`

warning: unused variable: `dt`
   --> src\physics\advanced_vehicle.rs:549:37
    |
549 |     fn update_engine_rpm(&mut self, dt: f32) {
    |                                     ^^ help: if this is intentional, prefix it with an underscore: `_dt`

warning: unused variable: `config`
  --> src\physics\vehicle.rs:95:23
   |
95 |     pub fn front_left(config: &VehicleConfig) -> Self {
   |                       ^^^^^^ help: if this is intentional, prefix it with an underscore: `_config`

warning: unused variable: `config`
  --> src\physics\vehicle.rs:99:24
   |
99 |     pub fn front_right(config: &VehicleConfig) -> Self {
   |                        ^^^^^^ help: if this is intentional, prefix it with an underscore: `_config`

warning: unused variable: `config`
   --> src\physics\vehicle.rs:103:22
    |
103 |     pub fn rear_left(config: &VehicleConfig) -> Self {
    |                      ^^^^^^ help: if this is intentional, prefix it with an underscore: `_config`

warning: unused variable: `config`
   --> src\physics\vehicle.rs:107:23
    |
107 |     pub fn rear_right(config: &VehicleConfig) -> Self {
    |                       ^^^^^^ help: if this is intentional, prefix it with an underscore: `_config`

warning: variable does not need to be mutable
   --> src\physics\vehicle.rs:171:13
    |
171 |         let mut body = RigidBody::new_box(Vector3::zeros(), config.mass, Vector3::new(0.9, 0.3, 2.25));
    |             ----^^^^
    |             |
    |             help: remove this `mut`

error[E0499]: cannot borrow `*self` as mutable more than once at a time
   --> src\physics\vehicle.rs:215:13
    |
214 |         for (i, wheel) in self.wheels.iter_mut().enumerate() {
    |                           ----------------------------------
    |                           |
    |                           first mutable borrow occurs here
    |                           first borrow later used here
215 |             self.update_wheel(i, wheel, dt, &ground_height, &surface_getter);
    |             ^^^^ second mutable borrow occurs here

warning: unused variable: `ray_origin`
   --> src\physics\vehicle.rs:238:13
    |
238 |         let ray_origin = wheel_world_pos;
    |             ^^^^^^^^^^ help: if this is intentional, prefix it with an underscore: `_ray_origin`

warning: unused variable: `ray_direction`
   --> src\physics\vehicle.rs:239:13
    |
239 |         let ray_direction = Vector3::new(0.0, -1.0, 0.0);
    |             ^^^^^^^^^^^^^ help: if this is intentional, prefix it with an underscore: `_ray_direction`

warning: unused variable: `ray_length`
   --> src\physics\vehicle.rs:240:13
    |
240 |         let ray_length = self.config.wheel_radius + self.config.suspension_rest_length + self.config.max_suspension_travel;
    |             ^^^^^^^^^^ help: if this is intentional, prefix it with an underscore: `_ray_length`

warning: unused variable: `surface_friction`
   --> src\physics\vehicle.rs:297:13
    |
297 |         let surface_friction = surface_type.friction_coefficient();
    |             ^^^^^^^^^^^^^^^^ help: if this is intentional, prefix it with an underscore: `_surface_friction`

warning: unused variable: `rolling_resistance`
   --> src\physics\vehicle.rs:298:13
    |
298 |         let rolling_resistance = surface_type.rolling_resistance();
    |             ^^^^^^^^^^^^^^^^^^ help: if this is intentional, prefix it with an underscore: `_rolling_resistance`

warning: unused variable: `forward_vel`
   --> src\physics\vehicle.rs:304:13
    |
304 |         let forward_vel = wheel_vel.dot(&forward);
    |             ^^^^^^^^^^^ help: if this is intentional, prefix it with an underscore: `_forward_vel`

warning: unused variable: `lateral_vel`
   --> src\physics\vehicle.rs:305:13
    |
305 |         let lateral_vel = wheel_vel.dot(&lateral);
    |             ^^^^^^^^^^^ help: if this is intentional, prefix it with an underscore: `_lateral_vel`

warning: unused variable: `dt`
   --> src\physics\vehicle.rs:288:77
    |
288 |     fn apply_tire_forces(&mut self, wheel: &WheelState, wheel_index: usize, dt: f32, ground_y: f32, surface_type: SurfaceType) {
    |                                                                             ^^ help: if this is intentional, prefix it with an underscore: `_dt`

warning: unused variable: `ground_y`
   --> src\physics\vehicle.rs:288:86
    |
288 |     fn apply_tire_forces(&mut self, wheel: &WheelState, wheel_index: usize, dt: f32, ground_y: f32, surface_type: SurfaceType) {
    |                                                                                      ^^^^^^^^ help: if this is intentional, prefix it with an underscore: `_ground_y`

warning: unused variable: `dt`
   --> src\physics\vehicle.rs:355:38
    |
355 |     fn apply_aerodynamics(&mut self, dt: f32) {
    |                                      ^^ help: if this is intentional, prefix it with an underscore: `_dt`

error[E0382]: use of moved value: `streaming_config`
  --> src\world\world_module.rs:77:28
   |
58 |         let streaming_config = StreamingConfig {
   |             ---------------- move occurs because `streaming_config` has type `StreamingConfig`, which does not implement the `Copy` trait
...
65 |         let streamer = WorldStreamer::new(streaming_config);
   |                                           ---------------- value moved here
...
77 |             unload_radius: streaming_config.unload_radius,
   |                            ^^^^^^^^^^^^^^^^^^^^^^^^^^^^^^ value used here after move
   |
note: consider changing this parameter type in method `new` to borrow instead if owning the value isn't necessary
  --> src\world\world_streaming.rs:86:24
   |
86 |     pub fn new(config: StreamingConfig) -> Self {
   |            ---         ^^^^^^^^^^^^^^^ this parameter takes ownership of the value
   |            |
   |            in this method
help: consider cloning the value if the performance cost is acceptable
   |
65 |         let streamer = WorldStreamer::new(streaming_config.clone());
   |                                                           ++++++++

warning: unused variable: `dt`
  --> src\world\world_module.rs:82:56
   |
82 |     pub fn update(&mut self, player_pos: Vector3<f32>, dt: f32) {
   |                                                        ^^ help: if this is intentional, prefix it with an underscore: `_dt`

warning: unused variable: `h_center`
   --> src\world\prop_spawner.rs:146:13
    |
146 |         let h_center = get_height(x, z);
    |             ^^^^^^^^ help: if this is intentional, prefix it with an underscore: `_h_center`

warning: unused variable: `props`
   --> src\world\prop_spawner.rs:222:21
    |
222 |         if let Some(props) = self.chunk_props.remove(&chunk_id) {
    |                     ^^^^^ help: if this is intentional, prefix it with an underscore: `_props`

error[E0502]: cannot borrow `permutations` as mutable because it is also borrowed as immutable
   --> src\world\terrain_generator.rs:140:9
    |
140 |         permutations.extend_from_slice(&permutations);
    |         ^^^^^^^^^^^^^-----------------^-------------^
    |         |            |                 |
    |         |            |                 immutable borrow occurs here
    |         |            immutable borrow later used by call
    |         mutable borrow occurs here

warning: unused variable: `moisture`
   --> src\world\terrain_generator.rs:485:108
    |
485 |     fn generate_splatmap(&self, data: &mut super::chunk::ChunkData, idx: usize, biome: &Biome, slope: f32, moisture: f32) {
    |                                                                                                            ^^^^^^^^ help: if this is intentional, prefix it with an underscore: `_moisture`

error[E0502]: cannot borrow `*self` as immutable because it is also borrowed as mutable
   --> src\world\lod_system.rs:128:30
    |
125 |             let state = self.chunk_states.entry(*chunk_id).or_insert_with(ChunkLodState::new);
    |                         ----------------- mutable borrow occurs here
...
128 |             let target_lod = self.determine_lod(distance, state.last_distance);
    |                              ^^^^                         ------------------- mutable borrow later used here
    |                              |
    |                              immutable borrow occurs here

warning: unused variable: `size`
   --> src\world\spatial_index.rs:129:13
    |
129 |         let size = self.bounds.size() * 0.5;
    |             ^^^^ help: if this is intentional, prefix it with an underscore: `_size`

error[E0015]: cannot call non-const associated function `base::construction::<impl nalgebra::Matrix<f32, Const<3>, Const<1>, <DefaultAllocator as nalgebra::allocator::Allocator<f32, Const<3>>>::Buffer>>::zeros` in constants
   --> src\world\spatial_index.rs:133:27
    |
133 |                 Aabb::new(Vector3::zeros(), Vector3::zeros()),
    |                           ^^^^^^^^^^^^^^^^
    |
    = note: calls in constants are limited to constant functions, tuple structs and tuple variants

error[E0015]: cannot call non-const associated function `base::construction::<impl nalgebra::Matrix<f32, Const<3>, Const<1>, <DefaultAllocator as nalgebra::allocator::Allocator<f32, Const<3>>>::Buffer>>::zeros` in constants
   --> src\world\spatial_index.rs:133:45
    |
133 |                 Aabb::new(Vector3::zeros(), Vector3::zeros()),
    |                                             ^^^^^^^^^^^^^^^^
    |
    = note: calls in constants are limited to constant functions, tuple structs and tuple variants

error[E0015]: cannot call non-const associated function `spatial_index::Aabb::new` in constants
   --> src\world\spatial_index.rs:133:17
    |
133 |                 Aabb::new(Vector3::zeros(), Vector3::zeros()),
    |                 ^^^^^^^^^^^^^^^^^^^^^^^^^^^^^^^^^^^^^^^^^^^^^
    |
    = note: calls in constants are limited to constant functions, tuple structs and tuple variants

error[E0015]: cannot call non-const associated function `OctreeNode::new` in constants
   --> src\world\spatial_index.rs:132:13
    |
132 | /             OctreeNode::new(
133 | |                 Aabb::new(Vector3::zeros(), Vector3::zeros()),
134 | |                 0, 0
135 | |             ) 
    | |_____________^
    |
    = note: calls in constants are limited to constant functions, tuple structs and tuple variants

warning: unused variable: `rng`
  --> src\world\russian_names.rs:47:13
   |
47 |     let mut rng = ChaCha8Rng::seed_from_u64(seed);
   |             ^^^ help: if this is intentional, prefix it with an underscore: `_rng`

warning: variable does not need to be mutable
  --> src\world\russian_names.rs:47:9
   |
47 |     let mut rng = ChaCha8Rng::seed_from_u64(seed);
   |         ----^^^
   |         |
   |         help: remove this `mut`

warning: unused variable: `terrain_getter`
   --> src\world\road_network.rs:456:9
    |
456 |         terrain_getter: &dyn Fn(f32, f32) -> f32,
    |         ^^^^^^^^^^^^^^ help: if this is intentional, prefix it with an underscore: `_terrain_getter`

warning: variable does not need to be mutable
   --> src\world\road_network.rs:492:17
    |
492 |             let mut x = base_x + offset_x;
    |                 ----^
    |                 |
    |                 help: remove this `mut`

warning: variable does not need to be mutable
   --> src\world\road_network.rs:493:17
    |
493 |             let mut z = base_z + offset_z;
    |                 ----^
    |                 |
    |                 help: remove this `mut`

warning: unused variable: `chunk_size`
   --> src\world\road_network.rs:597:13
    |
597 |         let chunk_size = crate::world::CHUNK_SIZE as f32;
    |             ^^^^^^^^^^ help: if this is intentional, prefix it with an underscore: `_chunk_size`

warning: unused variable: `main_road_dir`
   --> src\world\buildings.rs:290:9
    |
290 |         main_road_dir: &Vector3<f32>,
    |         ^^^^^^^^^^^^^ help: if this is intentional, prefix it with an underscore: `_main_road_dir`

warning: unused variable: `main_road_dir`
   --> src\world\buildings.rs:358:9
    |
358 |         main_road_dir: &Vector3<f32>,
    |         ^^^^^^^^^^^^^ help: if this is intentional, prefix it with an underscore: `_main_road_dir`

warning: unused variable: `main_road_dir`
   --> src\world\buildings.rs:434:9
    |
434 |         main_road_dir: &Vector3<f32>,
    |         ^^^^^^^^^^^^^ help: if this is intentional, prefix it with an underscore: `_main_road_dir`

warning: unused variable: `rng`
   --> src\world\buildings.rs:525:9
    |
525 |         rng: &mut ChaCha8Rng,
    |         ^^^ help: if this is intentional, prefix it with an underscore: `_rng`

error[E0382]: borrow of moved value: `mission`
   --> src\game\mission_save.rs:407:36
    |
397 |     pub fn add_mission(&mut self, save: &mut SaveGame, mission: Mission) {
    |                                                        ------- move occurs because `mission` has type `mission_save::Mission`, which does not implement the `Copy` trait
...
406 |         save.active_missions.push(mission);
    |                                   ------- value moved here
407 |         info!("Mission added: {}", mission.name);
    |                                    ^^^^^^^^^^^^ value borrowed here after move
    |
    = note: this error originates in the macro `$crate::__macro_support::format_args` which comes from the expansion of the macro `info` (in Nightly builds, run with -Z macro-backtrace for more info)
help: consider cloning the value if the performance cost is acceptable
    |
406 |         save.active_missions.push(mission.clone());
    |                                          ++++++++

error[E0384]: cannot assign twice to immutable variable `base_reward`
   --> src\game\mission_generator.rs:170:9
    |
169 |         let base_reward = (cargo_type.reward_per_km() * distance_km.max(1.0)) as i32;
    |             ----------- first assignment to `base_reward`
170 |         base_reward = base_reward.max(50); // Minimum reward
    |         ^^^^^^^^^^^^^^^^^^^^^^^^^^^^^^^^^ cannot assign twice to immutable variable
    |
help: consider making this binding mutable
    |
169 |         let mut base_reward = (cargo_type.reward_per_km() * distance_km.max(1.0)) as i32;
    |             +++

Some errors have detailed explanations: E0004, E0015, E0046, E0050, E0053, E0061, E0063, E0220, E0277...
For more information about an error, try `rustc --explain E0004`.
warning: `rtgc` (lib) generated 130 warnings
error: could not compile `rtgc` (lib) due to 660 previous errors; 130 warnings emitted
